mode: set
github.com/SergioLacerda/strategist-skill/internal/install/active_yaml.go:25.2,43.36 2 1
github.com/SergioLacerda/strategist-skill/internal/install/active_yaml.go:44.3,45.46 2 0
github.com/SergioLacerda/strategist-skill/internal/install/active_yaml.go:46.4,47.1 1 0
github.com/SergioLacerda/strategist-skill/internal/install/active_yaml.go:50.2,50.32 1 1
github.com/SergioLacerda/strategist-skill/internal/install/active_yaml.go:51.3,58.1 2 1
github.com/SergioLacerda/strategist-skill/internal/install/active_yaml.go:60.2,60.31 1 1
github.com/SergioLacerda/strategist-skill/internal/install/active_yaml.go:61.3,65.1 1 1
github.com/SergioLacerda/strategist-skill/internal/install/active_yaml.go:67.2,68.16 2 1
github.com/SergioLacerda/strategist-skill/internal/install/active_yaml.go:69.3,70.1 1 0
github.com/SergioLacerda/strategist-skill/internal/install/active_yaml.go:71.2,72.1 2 1
github.com/SergioLacerda/strategist-skill/internal/install/active_yaml.go:73.2,73.61 2 1
github.com/SergioLacerda/strategist-skill/internal/install/active_yaml.go:80.2,81.59 2 1
github.com/SergioLacerda/strategist-skill/internal/install/active_yaml.go:82.3,83.1 1 1
github.com/SergioLacerda/strategist-skill/internal/install/active_yaml.go:84.2,85.60 2 1
github.com/SergioLacerda/strategist-skill/internal/install/active_yaml.go:86.3,87.1 1 1
github.com/SergioLacerda/strategist-skill/internal/install/active_yaml.go:88.2,88.12 1 1
github.com/SergioLacerda/strategist-skill/internal/install/active_yaml.go:96.2,96.32 1 1
github.com/SergioLacerda/strategist-skill/internal/install/active_yaml.go:97.3,98.1 1 1
github.com/SergioLacerda/strategist-skill/internal/install/active_yaml.go:99.2,101.16 3 1
github.com/SergioLacerda/strategist-skill/internal/install/active_yaml.go:102.3,103.1 1 1
github.com/SergioLacerda/strategist-skill/internal/install/active_yaml.go:104.2,107.16 4 1
github.com/SergioLacerda/strategist-skill/internal/install/active_yaml.go:108.3,109.1 1 1
github.com/SergioLacerda/strategist-skill/internal/install/active_yaml.go:110.2,110.14 1 1
github.com/SergioLacerda/strategist-skill/internal/install/active_yaml.go:111.3,112.1 1 1
github.com/SergioLacerda/strategist-skill/internal/install/active_yaml.go:113.2,113.72 1 1
github.com/SergioLacerda/strategist-skill/internal/install/active_yaml.go:114.3,115.1 1 1
github.com/SergioLacerda/strategist-skill/internal/install/active_yaml.go:116.2,116.12 1 1
github.com/SergioLacerda/strategist-skill/internal/install/active_yaml.go:122.2,122.32 1 1
github.com/SergioLacerda/strategist-skill/internal/install/active_yaml.go:123.3,124.1 1 1
github.com/SergioLacerda/strategist-skill/internal/install/active_yaml.go:125.2,127.16 3 1
github.com/SergioLacerda/strategist-skill/internal/install/active_yaml.go:128.3,129.1 1 1
github.com/SergioLacerda/strategist-skill/internal/install/active_yaml.go:130.2,145.16 4 1
github.com/SergioLacerda/strategist-skill/internal/install/active_yaml.go:146.3,147.1 1 1
github.com/SergioLacerda/strategist-skill/internal/install/active_yaml.go:148.2,148.14 1 1
github.com/SergioLacerda/strategist-skill/internal/install/active_yaml.go:149.3,150.1 1 1
github.com/SergioLacerda/strategist-skill/internal/install/active_yaml.go:151.2,151.72 1 1
github.com/SergioLacerda/strategist-skill/internal/install/active_yaml.go:152.3,153.1 1 1
github.com/SergioLacerda/strategist-skill/internal/install/active_yaml.go:154.2,154.12 1 1
github.com/SergioLacerda/strategist-skill/internal/install/active_yaml.go:166.2,166.44 1 1
github.com/SergioLacerda/strategist-skill/internal/install/active_yaml.go:167.3,168.1 1 1
github.com/SergioLacerda/strategist-skill/internal/install/active_yaml.go:169.2,169.36 1 1
github.com/SergioLacerda/strategist-skill/internal/install/active_yaml.go:170.3,171.1 1 1
github.com/SergioLacerda/strategist-skill/internal/install/active_yaml.go:172.2,172.124 1 1
github.com/SergioLacerda/strategist-skill/internal/install/active_yaml.go:177.2,178.38 2 1
github.com/SergioLacerda/strategist-skill/internal/install/active_yaml.go:179.3,179.21 1 1
github.com/SergioLacerda/strategist-skill/internal/install/active_yaml.go:180.4,181.1 1 1
github.com/SergioLacerda/strategist-skill/internal/install/active_yaml.go:183.2,183.13 1 1
github.com/SergioLacerda/strategist-skill/internal/install/active_yaml_language.go:14.2,15.56 2 1
github.com/SergioLacerda/strategist-skill/internal/install/active_yaml_language.go:16.3,17.1 1 1
github.com/SergioLacerda/strategist-skill/internal/install/active_yaml_language.go:18.2,18.73 1 1
github.com/SergioLacerda/strategist-skill/internal/install/active_yaml_language.go:19.3,20.1 1 1
github.com/SergioLacerda/strategist-skill/internal/install/active_yaml_language.go:21.2,21.46 1 1
github.com/SergioLacerda/strategist-skill/internal/install/active_yaml_language.go:22.3,22.61 1 1
github.com/SergioLacerda/strategist-skill/internal/install/active_yaml_language.go:23.4,24.1 1 1
github.com/SergioLacerda/strategist-skill/internal/install/active_yaml_language.go:26.2,26.45 1 1
github.com/SergioLacerda/strategist-skill/internal/install/active_yaml_language.go:30.2,30.21 1 1
github.com/SergioLacerda/strategist-skill/internal/install/active_yaml_language.go:31.3,32.1 1 1
github.com/SergioLacerda/strategist-skill/internal/install/active_yaml_language.go:33.2,33.36 1 1
github.com/SergioLacerda/strategist-skill/internal/install/active_yaml_language.go:35.3,36.1 1 1
github.com/SergioLacerda/strategist-skill/internal/install/active_yaml_language.go:37.2,38.9 2 1
github.com/SergioLacerda/strategist-skill/internal/install/active_yaml_language.go:39.3,40.1 1 1
github.com/SergioLacerda/strategist-skill/internal/install/active_yaml_language.go:41.2,41.47 1 1
github.com/SergioLacerda/strategist-skill/internal/install/active_yaml_language.go:45.2,47.29 3 1
github.com/SergioLacerda/strategist-skill/internal/install/active_yaml_language.go:48.3,49.47 2 1
github.com/SergioLacerda/strategist-skill/internal/install/active_yaml_language.go:50.4,50.12 1 1
github.com/SergioLacerda/strategist-skill/internal/install/active_yaml_language.go:52.3,54.35 3 1
github.com/SergioLacerda/strategist-skill/internal/install/active_yaml_language.go:55.4,56.1 1 1
github.com/SergioLacerda/strategist-skill/internal/install/active_yaml_language.go:57.3,58.43 2 1
github.com/SergioLacerda/strategist-skill/internal/install/active_yaml_language.go:60.2,60.84 1 1
github.com/SergioLacerda/strategist-skill/internal/install/active_yaml_language.go:64.2,65.62 2 1
github.com/SergioLacerda/strategist-skill/internal/install/active_yaml_language.go:66.3,67.44 2 1
github.com/SergioLacerda/strategist-skill/internal/install/active_yaml_language.go:68.4,69.1 1 1
github.com/SergioLacerda/strategist-skill/internal/install/active_yaml_language.go:70.3,70.40 1 1
github.com/SergioLacerda/strategist-skill/internal/install/active_yaml_language.go:71.4,72.1 1 1
github.com/SergioLacerda/strategist-skill/internal/install/active_yaml_language.go:74.2,74.12 1 1
github.com/SergioLacerda/strategist-skill/internal/install/active_yaml_leveling.go:13.2,13.39 1 1
github.com/SergioLacerda/strategist-skill/internal/install/active_yaml_leveling.go:14.3,15.1 1 1
github.com/SergioLacerda/strategist-skill/internal/install/active_yaml_leveling.go:16.2,16.39 1 1
github.com/SergioLacerda/strategist-skill/internal/install/active_yaml_leveling.go:17.3,18.1 1 1
github.com/SergioLacerda/strategist-skill/internal/install/active_yaml_leveling.go:19.2,24.24 6 1
github.com/SergioLacerda/strategist-skill/internal/install/binding_runtime_identity.go:6.2,7.51 2 1
github.com/SergioLacerda/strategist-skill/internal/install/binding_runtime_identity.go:8.3,9.1 1 1
github.com/SergioLacerda/strategist-skill/internal/install/binding_runtime_identity.go:10.2,10.81 1 1
github.com/SergioLacerda/strategist-skill/internal/install/binding_runtime_identity.go:11.3,12.1 1 1
github.com/SergioLacerda/strategist-skill/internal/install/binding_runtime_identity.go:13.2,14.22 2 1
github.com/SergioLacerda/strategist-skill/internal/install/binding_runtime_identity.go:16.3,16.38 1 1
github.com/SergioLacerda/strategist-skill/internal/install/binding_runtime_identity.go:18.3,18.44 1 1
github.com/SergioLacerda/strategist-skill/internal/install/binding_runtime_identity.go:20.3,20.34 1 1
github.com/SergioLacerda/strategist-skill/internal/install/binding_runtime_identity.go:22.2,22.29 1 1
github.com/SergioLacerda/strategist-skill/internal/install/binding_runtime_identity.go:26.2,26.48 1 1
github.com/SergioLacerda/strategist-skill/internal/install/binding_runtime_identity.go:27.3,28.1 1 1
github.com/SergioLacerda/strategist-skill/internal/install/binding_runtime_identity.go:29.2,29.44 1 1
github.com/SergioLacerda/strategist-skill/internal/install/custom_provider_catalog.go:27.2,27.21 1 1
github.com/SergioLacerda/strategist-skill/internal/install/custom_provider_catalog.go:28.3,29.1 1 1
github.com/SergioLacerda/strategist-skill/internal/install/custom_provider_catalog.go:30.2,31.16 2 1
github.com/SergioLacerda/strategist-skill/internal/install/custom_provider_catalog.go:32.3,33.1 1 0
github.com/SergioLacerda/strategist-skill/internal/install/custom_provider_catalog.go:34.2,34.59 1 1
github.com/SergioLacerda/strategist-skill/internal/install/custom_provider_catalog.go:38.2,40.46 3 1
github.com/SergioLacerda/strategist-skill/internal/install/custom_provider_catalog.go:41.3,42.64 2 1
github.com/SergioLacerda/strategist-skill/internal/install/custom_provider_catalog.go:43.4,43.12 1 1
github.com/SergioLacerda/strategist-skill/internal/install/custom_provider_catalog.go:45.3,46.17 2 1
github.com/SergioLacerda/strategist-skill/internal/install/custom_provider_catalog.go:47.4,48.1 1 0
github.com/SergioLacerda/strategist-skill/internal/install/custom_provider_catalog.go:49.3,50.37 2 1
github.com/SergioLacerda/strategist-skill/internal/install/custom_provider_catalog.go:52.2,52.33 1 1
github.com/SergioLacerda/strategist-skill/internal/install/custom_provider_catalog.go:58.2,58.62 1 1
github.com/SergioLacerda/strategist-skill/internal/install/custom_provider_catalog.go:59.3,60.1 1 1
github.com/SergioLacerda/strategist-skill/internal/install/custom_provider_catalog.go:61.2,61.46 1 1
github.com/SergioLacerda/strategist-skill/internal/install/custom_provider_catalog.go:72.2,73.16 2 1
github.com/SergioLacerda/strategist-skill/internal/install/custom_provider_catalog.go:74.3,75.1 1 0
github.com/SergioLacerda/strategist-skill/internal/install/custom_provider_catalog.go:76.2,77.16 2 1
github.com/SergioLacerda/strategist-skill/internal/install/custom_provider_catalog.go:78.3,79.1 1 0
github.com/SergioLacerda/strategist-skill/internal/install/custom_provider_catalog.go:80.2,80.122 1 1
github.com/SergioLacerda/strategist-skill/internal/install/custom_provider_catalog.go:84.2,85.16 2 1
github.com/SergioLacerda/strategist-skill/internal/install/custom_provider_catalog.go:86.3,87.1 1 0
github.com/SergioLacerda/strategist-skill/internal/install/custom_provider_catalog.go:88.2,89.16 2 1
github.com/SergioLacerda/strategist-skill/internal/install/custom_provider_catalog.go:90.3,91.1 1 0
github.com/SergioLacerda/strategist-skill/internal/install/custom_provider_catalog.go:92.2,93.58 2 1
github.com/SergioLacerda/strategist-skill/internal/install/custom_provider_catalog.go:94.3,95.1 1 0
github.com/SergioLacerda/strategist-skill/internal/install/custom_provider_catalog.go:96.2,96.130 1 1
github.com/SergioLacerda/strategist-skill/internal/install/custom_provider_catalog.go:100.2,112.1 2 1
github.com/SergioLacerda/strategist-skill/internal/install/custom_provider_catalog.go:116.2,116.48 1 1
github.com/SergioLacerda/strategist-skill/internal/install/custom_provider_catalog.go:117.3,117.47 1 0
github.com/SergioLacerda/strategist-skill/internal/install/custom_provider_catalog.go:118.4,118.56 1 0
github.com/SergioLacerda/strategist-skill/internal/install/custom_provider_catalog.go:119.5,119.13 1 0
github.com/SergioLacerda/strategist-skill/internal/install/custom_provider_catalog.go:121.4,126.55 6 0
github.com/SergioLacerda/strategist-skill/internal/install/custom_provider_declaration.go:17.2,18.16 2 1
github.com/SergioLacerda/strategist-skill/internal/install/custom_provider_declaration.go:19.3,20.1 1 0
github.com/SergioLacerda/strategist-skill/internal/install/custom_provider_declaration.go:21.2,21.88 1 1
github.com/SergioLacerda/strategist-skill/internal/install/custom_provider_declaration.go:22.3,23.1 1 0
github.com/SergioLacerda/strategist-skill/internal/install/custom_provider_declaration.go:24.2,24.54 1 1
github.com/SergioLacerda/strategist-skill/internal/install/custom_provider_declaration.go:25.3,26.1 1 0
github.com/SergioLacerda/strategist-skill/internal/install/custom_provider_declaration.go:27.2,28.16 2 1
github.com/SergioLacerda/strategist-skill/internal/install/custom_provider_declaration.go:29.3,30.1 1 0
github.com/SergioLacerda/strategist-skill/internal/install/custom_provider_declaration.go:31.2,31.34 1 1
github.com/SergioLacerda/strategist-skill/internal/install/custom_provider_declaration.go:37.2,38.9 2 1
github.com/SergioLacerda/strategist-skill/internal/install/custom_provider_declaration.go:40.3,40.137 1 1
github.com/SergioLacerda/strategist-skill/internal/install/custom_provider_declaration.go:42.3,42.27 1 1
github.com/SergioLacerda/strategist-skill/internal/install/custom_provider_declaration.go:44.3,44.29 1 1
github.com/SergioLacerda/strategist-skill/internal/install/custom_provider_declaration.go:46.2,46.108 1 1
github.com/SergioLacerda/strategist-skill/internal/install/custom_provider_declaration.go:50.2,50.31 1 1
github.com/SergioLacerda/strategist-skill/internal/install/custom_provider_declaration.go:51.3,51.20 1 1
github.com/SergioLacerda/strategist-skill/internal/install/custom_provider_declaration.go:52.4,53.1 1 1
github.com/SergioLacerda/strategist-skill/internal/install/custom_provider_declaration.go:55.2,55.14 1 1
github.com/SergioLacerda/strategist-skill/internal/install/custom_provider_materialize.go:29.2,30.58 2 1
github.com/SergioLacerda/strategist-skill/internal/install/custom_provider_materialize.go:31.3,32.16 2 0
github.com/SergioLacerda/strategist-skill/internal/install/custom_provider_materialize.go:33.4,34.1 1 0
github.com/SergioLacerda/strategist-skill/internal/install/custom_provider_materialize.go:35.3,35.17 1 0
github.com/SergioLacerda/strategist-skill/internal/install/custom_provider_materialize.go:36.4,38.1 2 0
github.com/SergioLacerda/strategist-skill/internal/install/custom_provider_materialize.go:39.3,39.14 1 0
github.com/SergioLacerda/strategist-skill/internal/install/custom_provider_materialize.go:41.2,41.18 1 1
github.com/SergioLacerda/strategist-skill/internal/install/custom_provider_materialize.go:46.2,46.29 1 0
github.com/SergioLacerda/strategist-skill/internal/install/custom_provider_materialize.go:47.3,48.1 1 0
github.com/SergioLacerda/strategist-skill/internal/install/custom_provider_materialize.go:54.2,55.16 2 0
github.com/SergioLacerda/strategist-skill/internal/install/custom_provider_materialize.go:56.3,57.1 1 0
github.com/SergioLacerda/strategist-skill/internal/install/custom_provider_materialize.go:58.2,59.16 2 0
github.com/SergioLacerda/strategist-skill/internal/install/custom_provider_materialize.go:60.3,61.1 1 0
github.com/SergioLacerda/strategist-skill/internal/install/custom_provider_materialize.go:62.2,62.23 1 0
github.com/SergioLacerda/strategist-skill/internal/install/custom_provider_materialize.go:66.2,67.28 2 1
github.com/SergioLacerda/strategist-skill/internal/install/custom_provider_materialize.go:68.3,69.1 1 0
github.com/SergioLacerda/strategist-skill/internal/install/custom_provider_materialize.go:70.2,71.12 2 1
github.com/SergioLacerda/strategist-skill/internal/install/custom_provider_materialize.go:78.2,79.16 2 0
github.com/SergioLacerda/strategist-skill/internal/install/custom_provider_materialize.go:80.3,81.1 1 0
github.com/SergioLacerda/strategist-skill/internal/install/custom_provider_materialize.go:82.2,83.16 2 0
github.com/SergioLacerda/strategist-skill/internal/install/custom_provider_materialize.go:84.3,85.1 1 0
github.com/SergioLacerda/strategist-skill/internal/install/custom_provider_materialize.go:86.2,92.18 7 0
github.com/SergioLacerda/strategist-skill/internal/install/custom_provider_materialize.go:96.2,97.16 2 0
github.com/SergioLacerda/strategist-skill/internal/install/custom_provider_materialize.go:98.3,99.1 1 0
github.com/SergioLacerda/strategist-skill/internal/install/custom_provider_materialize.go:100.2,101.20 2 0
github.com/SergioLacerda/strategist-skill/internal/install/custom_provider_materialize.go:102.3,103.1 1 0
github.com/SergioLacerda/strategist-skill/internal/install/custom_provider_materialize.go:106.2,106.34 1 0
github.com/SergioLacerda/strategist-skill/internal/install/custom_provider_materialize.go:110.2,111.21 2 0
github.com/SergioLacerda/strategist-skill/internal/install/custom_provider_materialize.go:112.3,112.30 1 0
github.com/SergioLacerda/strategist-skill/internal/install/custom_provider_materialize.go:113.4,113.12 1 0
github.com/SergioLacerda/strategist-skill/internal/install/custom_provider_materialize.go:115.3,118.98 4 0
github.com/SergioLacerda/strategist-skill/internal/install/custom_provider_materialize.go:120.2,120.12 1 0
github.com/SergioLacerda/strategist-skill/internal/install/custom_provider_materialize.go:126.2,127.32 2 0
github.com/SergioLacerda/strategist-skill/internal/install/custom_provider_materialize.go:128.3,128.74 1 0
github.com/SergioLacerda/strategist-skill/internal/install/custom_provider_materialize.go:129.4,129.12 1 0
github.com/SergioLacerda/strategist-skill/internal/install/custom_provider_materialize.go:131.3,131.26 1 0
github.com/SergioLacerda/strategist-skill/internal/install/custom_provider_materialize.go:133.2,133.30 1 0
github.com/SergioLacerda/strategist-skill/internal/install/custom_provider_materialize.go:139.2,143.1 4 1
github.com/SergioLacerda/strategist-skill/internal/install/custom_provider_materialize.go:146.2,146.42 1 1
github.com/SergioLacerda/strategist-skill/internal/install/custom_provider_materialize.go:147.3,148.1 1 1
github.com/SergioLacerda/strategist-skill/internal/install/custom_provider_materialize.go:149.2,149.40 1 1
github.com/SergioLacerda/strategist-skill/internal/install/custom_provider_materialize.go:150.3,150.150 1 1
github.com/SergioLacerda/strategist-skill/internal/install/custom_provider_materialize.go:151.4,152.1 1 0
github.com/SergioLacerda/strategist-skill/internal/install/custom_provider_materialize.go:154.2,154.17 1 1
github.com/SergioLacerda/strategist-skill/internal/install/custom_provider_stage.go:19.2,25.1 4 0
github.com/SergioLacerda/strategist-skill/internal/install/custom_provider_stage.go:26.2,32.1 4 0
github.com/SergioLacerda/strategist-skill/internal/install/custom_provider_stage.go:33.2,33.39 4 0
github.com/SergioLacerda/strategist-skill/internal/install/custom_provider_stage.go:34.3,35.1 1 0
github.com/SergioLacerda/strategist-skill/internal/install/custom_provider_stage.go:36.2,36.43 1 0
github.com/SergioLacerda/strategist-skill/internal/install/custom_provider_stage.go:37.3,38.1 1 0
github.com/SergioLacerda/strategist-skill/internal/install/custom_provider_stage.go:39.2,39.26 1 0
github.com/SergioLacerda/strategist-skill/internal/install/custom_provider_stage.go:43.2,43.31 1 1
github.com/SergioLacerda/strategist-skill/internal/install/custom_provider_stage.go:44.3,44.37 1 1
github.com/SergioLacerda/strategist-skill/internal/install/custom_provider_stage.go:45.4,46.1 1 1
github.com/SergioLacerda/strategist-skill/internal/install/custom_provider_stage.go:48.2,48.11 1 1
github.com/SergioLacerda/strategist-skill/internal/install/custom_provider_stage.go:56.2,57.16 2 0
github.com/SergioLacerda/strategist-skill/internal/install/custom_provider_stage.go:58.3,59.1 1 0
github.com/SergioLacerda/strategist-skill/internal/install/custom_provider_stage.go:60.2,61.16 2 0
github.com/SergioLacerda/strategist-skill/internal/install/custom_provider_stage.go:62.3,63.1 1 0
github.com/SergioLacerda/strategist-skill/internal/install/custom_provider_stage.go:64.2,65.16 2 0
github.com/SergioLacerda/strategist-skill/internal/install/custom_provider_stage.go:66.3,67.1 1 0
github.com/SergioLacerda/strategist-skill/internal/install/custom_provider_stage.go:68.2,72.1 3 0
github.com/SergioLacerda/strategist-skill/internal/install/custom_provider_stage.go:73.2,74.129 3 0
github.com/SergioLacerda/strategist-skill/internal/install/custom_provider_stage.go:75.3,76.1 1 0
github.com/SergioLacerda/strategist-skill/internal/install/custom_provider_stage.go:77.2,77.27 1 0
github.com/SergioLacerda/strategist-skill/internal/install/custom_provider_stage.go:82.2,83.76 2 1
github.com/SergioLacerda/strategist-skill/internal/install/custom_provider_stage.go:84.3,85.1 1 0
github.com/SergioLacerda/strategist-skill/internal/install/custom_provider_stage.go:86.2,87.16 2 1
github.com/SergioLacerda/strategist-skill/internal/install/custom_provider_stage.go:88.3,89.1 1 0
github.com/SergioLacerda/strategist-skill/internal/install/custom_provider_stage.go:90.2,90.31 1 1
github.com/SergioLacerda/strategist-skill/internal/install/custom_provider_stage.go:91.3,91.78 1 1
github.com/SergioLacerda/strategist-skill/internal/install/custom_provider_stage.go:92.4,94.1 2 0
github.com/SergioLacerda/strategist-skill/internal/install/custom_provider_stage.go:96.2,96.45 1 1
github.com/SergioLacerda/strategist-skill/internal/install/custom_provider_stage.go:97.3,99.1 2 0
github.com/SergioLacerda/strategist-skill/internal/install/custom_provider_stage.go:100.2,100.49 1 1
github.com/SergioLacerda/strategist-skill/internal/install/custom_provider_stage.go:101.3,103.1 2 0
github.com/SergioLacerda/strategist-skill/internal/install/custom_provider_stage.go:104.2,104.12 1 1
github.com/SergioLacerda/strategist-skill/internal/install/custom_skill_availability.go:28.2,29.16 2 1
github.com/SergioLacerda/strategist-skill/internal/install/custom_skill_availability.go:30.3,31.1 1 0
github.com/SergioLacerda/strategist-skill/internal/install/custom_skill_availability.go:32.2,33.16 2 1
github.com/SergioLacerda/strategist-skill/internal/install/custom_skill_availability.go:34.3,35.1 1 1
github.com/SergioLacerda/strategist-skill/internal/install/custom_skill_availability.go:36.2,36.133 1 1
github.com/SergioLacerda/strategist-skill/internal/install/custom_skill_availability.go:37.3,38.1 1 1
github.com/SergioLacerda/strategist-skill/internal/install/custom_skill_availability.go:39.2,39.49 1 1
github.com/SergioLacerda/strategist-skill/internal/install/custom_skill_availability.go:50.2,50.46 1 1
github.com/SergioLacerda/strategist-skill/internal/install/custom_skill_availability.go:51.3,52.18 2 1
github.com/SergioLacerda/strategist-skill/internal/install/custom_skill_availability.go:53.4,53.12 1 1
github.com/SergioLacerda/strategist-skill/internal/install/custom_skill_availability.go:55.3,55.45 1 1
github.com/SergioLacerda/strategist-skill/internal/install/custom_skill_availability.go:56.4,56.12 1 1
github.com/SergioLacerda/strategist-skill/internal/install/custom_skill_availability.go:58.3,59.30 2 1
github.com/SergioLacerda/strategist-skill/internal/install/custom_skill_availability.go:60.4,61.1 1 1
github.com/SergioLacerda/strategist-skill/internal/install/custom_skill_availability.go:63.2,63.12 1 1
github.com/SergioLacerda/strategist-skill/internal/install/embedded_weapon_adapter.go:82.2,83.16 2 1
github.com/SergioLacerda/strategist-skill/internal/install/embedded_weapon_adapter.go:84.3,85.1 1 0
github.com/SergioLacerda/strategist-skill/internal/install/embedded_weapon_adapter.go:86.2,87.61 2 1
github.com/SergioLacerda/strategist-skill/internal/install/embedded_weapon_adapter.go:88.3,89.1 1 0
github.com/SergioLacerda/strategist-skill/internal/install/embedded_weapon_adapter.go:90.2,90.73 1 1
github.com/SergioLacerda/strategist-skill/internal/install/embedded_weapon_adapter.go:91.3,92.1 1 1
github.com/SergioLacerda/strategist-skill/internal/install/embedded_weapon_adapter.go:93.2,94.21 2 1
github.com/SergioLacerda/strategist-skill/internal/install/embedded_weapon_adapter.go:98.2,98.71 1 1
github.com/SergioLacerda/strategist-skill/internal/install/embedded_weapon_adapter.go:99.3,100.1 1 1
github.com/SergioLacerda/strategist-skill/internal/install/embedded_weapon_adapter.go:101.2,101.53 1 1
github.com/SergioLacerda/strategist-skill/internal/install/embedded_weapon_adapter.go:107.2,107.56 1 1
github.com/SergioLacerda/strategist-skill/internal/install/embedded_weapon_adapter.go:108.3,109.1 1 1
github.com/SergioLacerda/strategist-skill/internal/install/embedded_weapon_adapter.go:110.2,110.37 1 1
github.com/SergioLacerda/strategist-skill/internal/install/embedded_weapon_adapter.go:111.3,112.1 1 0
github.com/SergioLacerda/strategist-skill/internal/install/embedded_weapon_adapter.go:113.2,113.38 1 1
github.com/SergioLacerda/strategist-skill/internal/install/embedded_weapon_adapter.go:114.3,115.1 1 0
github.com/SergioLacerda/strategist-skill/internal/install/embedded_weapon_adapter.go:116.2,116.37 1 1
github.com/SergioLacerda/strategist-skill/internal/install/embedded_weapon_adapter.go:117.3,118.1 1 1
github.com/SergioLacerda/strategist-skill/internal/install/embedded_weapon_adapter.go:119.2,119.44 1 1
github.com/SergioLacerda/strategist-skill/internal/install/embedded_weapon_adapter.go:120.3,121.1 1 1
github.com/SergioLacerda/strategist-skill/internal/install/embedded_weapon_adapter.go:122.2,122.12 1 1
github.com/SergioLacerda/strategist-skill/internal/install/embedded_weapon_adapter.go:126.2,127.1 1 1
github.com/SergioLacerda/strategist-skill/internal/install/embedded_weapon_adapter.go:130.2,131.1 1 1
github.com/SergioLacerda/strategist-skill/internal/install/embedded_weapon_adapter.go:136.2,136.83 1 1
github.com/SergioLacerda/strategist-skill/internal/install/embedded_weapon_adapter.go:137.3,137.62 1 1
github.com/SergioLacerda/strategist-skill/internal/install/embedded_weapon_adapter.go:138.4,139.1 1 1
github.com/SergioLacerda/strategist-skill/internal/install/embedded_weapon_adapter.go:141.2,141.58 1 1
github.com/SergioLacerda/strategist-skill/internal/install/embedded_weapon_adapter.go:142.3,143.1 1 0
github.com/SergioLacerda/strategist-skill/internal/install/embedded_weapon_adapter.go:144.2,145.57 2 1
github.com/SergioLacerda/strategist-skill/internal/install/embedded_weapon_adapter.go:146.3,147.1 1 1
github.com/SergioLacerda/strategist-skill/internal/install/embedded_weapon_adapter.go:148.2,152.1 2 1
github.com/SergioLacerda/strategist-skill/internal/install/embedded_weapon_adapter.go:153.2,153.50 2 1
github.com/SergioLacerda/strategist-skill/internal/install/embedded_weapon_adapter.go:154.3,155.1 1 0
github.com/SergioLacerda/strategist-skill/internal/install/embedded_weapon_adapter.go:156.2,156.12 1 1
github.com/SergioLacerda/strategist-skill/internal/install/embedded_weapon_adapter.go:160.2,160.29 1 1
github.com/SergioLacerda/strategist-skill/internal/install/embedded_weapon_adapter.go:161.3,162.1 1 0
github.com/SergioLacerda/strategist-skill/internal/install/embedded_weapon_adapter.go:163.2,163.60 1 1
github.com/SergioLacerda/strategist-skill/internal/install/embedded_weapon_adapter.go:164.3,165.1 1 1
github.com/SergioLacerda/strategist-skill/internal/install/embedded_weapon_adapter.go:166.2,168.16 3 1
github.com/SergioLacerda/strategist-skill/internal/install/embedded_weapon_adapter.go:172.2,173.24 2 1
github.com/SergioLacerda/strategist-skill/internal/install/embedded_weapon_adapter.go:174.3,175.1 1 1
github.com/SergioLacerda/strategist-skill/internal/install/embedded_weapon_adapter.go:176.2,177.15 2 1
github.com/SergioLacerda/strategist-skill/internal/install/embedded_weapon_catalog_entry.go:13.2,44.1 1 1
github.com/SergioLacerda/strategist-skill/internal/install/embedded_weapon_catalog_entry.go:54.2,55.16 2 1
github.com/SergioLacerda/strategist-skill/internal/install/embedded_weapon_catalog_entry.go:56.3,57.1 1 1
github.com/SergioLacerda/strategist-skill/internal/install/embedded_weapon_catalog_entry.go:58.2,58.43 1 1
github.com/SergioLacerda/strategist-skill/internal/install/embedded_weapon_catalog_entry.go:62.2,64.1 3 1
github.com/SergioLacerda/strategist-skill/internal/install/embedded_weapon_catalog_entry.go:65.2,66.40 3 1
github.com/SergioLacerda/strategist-skill/internal/install/embedded_weapon_catalog_entry.go:67.3,68.1 1 1
github.com/SergioLacerda/strategist-skill/internal/install/embedded_weapon_catalog_entry.go:69.2,71.13 3 1
github.com/SergioLacerda/strategist-skill/internal/install/embedded_weapon_catalog_entry.go:72.3,73.1 1 1
github.com/SergioLacerda/strategist-skill/internal/install/embedded_weapon_catalog_entry.go:74.2,74.64 1 1
github.com/SergioLacerda/strategist-skill/internal/install/embedded_weapon_catalog_entry.go:75.3,76.1 1 1
github.com/SergioLacerda/strategist-skill/internal/install/embedded_weapon_catalog_entry.go:77.2,77.23 1 1
github.com/SergioLacerda/strategist-skill/internal/install/embedded_weapon_certification.go:42.2,42.59 1 1
github.com/SergioLacerda/strategist-skill/internal/install/embedded_weapon_certification.go:43.3,43.91 1 1
github.com/SergioLacerda/strategist-skill/internal/install/embedded_weapon_certification.go:44.4,45.1 1 1
github.com/SergioLacerda/strategist-skill/internal/install/embedded_weapon_certification.go:47.2,47.12 1 1
github.com/SergioLacerda/strategist-skill/internal/install/embedded_weapon_certification.go:54.2,55.13 2 1
github.com/SergioLacerda/strategist-skill/internal/install/embedded_weapon_certification.go:56.3,57.1 1 1
github.com/SergioLacerda/strategist-skill/internal/install/embedded_weapon_certification.go:58.2,60.68 3 1
github.com/SergioLacerda/strategist-skill/internal/install/embedded_weapon_certification.go:61.3,62.1 1 1
github.com/SergioLacerda/strategist-skill/internal/install/embedded_weapon_certification.go:63.2,63.69 1 1
github.com/SergioLacerda/strategist-skill/internal/install/embedded_weapon_certification.go:64.3,65.1 1 1
github.com/SergioLacerda/strategist-skill/internal/install/embedded_weapon_certification.go:66.2,67.16 2 1
github.com/SergioLacerda/strategist-skill/internal/install/embedded_weapon_certification.go:68.3,69.1 1 0
github.com/SergioLacerda/strategist-skill/internal/install/embedded_weapon_certification.go:70.2,80.12 11 1
github.com/SergioLacerda/strategist-skill/internal/install/embedded_weapon_certification.go:86.2,86.51 1 1
github.com/SergioLacerda/strategist-skill/internal/install/embedded_weapon_certification.go:87.3,88.1 1 1
github.com/SergioLacerda/strategist-skill/internal/install/embedded_weapon_certification.go:89.2,96.1 2 1
github.com/SergioLacerda/strategist-skill/internal/install/embedded_weapon_certification.go:97.2,97.35 2 1
github.com/SergioLacerda/strategist-skill/internal/install/embedded_weapon_certification.go:98.3,98.18 1 1
github.com/SergioLacerda/strategist-skill/internal/install/embedded_weapon_certification.go:99.4,100.1 1 1
github.com/SergioLacerda/strategist-skill/internal/install/embedded_weapon_certification.go:102.2,102.12 1 1
github.com/SergioLacerda/strategist-skill/internal/install/embedded_weapon_certification.go:114.2,115.16 2 1
github.com/SergioLacerda/strategist-skill/internal/install/embedded_weapon_certification.go:116.3,117.1 1 0
github.com/SergioLacerda/strategist-skill/internal/install/embedded_weapon_certification.go:118.2,119.16 2 1
github.com/SergioLacerda/strategist-skill/internal/install/embedded_weapon_certification.go:120.3,121.1 1 0
github.com/SergioLacerda/strategist-skill/internal/install/embedded_weapon_certification.go:122.2,123.16 2 1
github.com/SergioLacerda/strategist-skill/internal/install/embedded_weapon_certification.go:124.3,125.1 1 0
github.com/SergioLacerda/strategist-skill/internal/install/embedded_weapon_certification.go:126.2,127.16 2 1
github.com/SergioLacerda/strategist-skill/internal/install/embedded_weapon_certification.go:128.3,129.1 1 0
github.com/SergioLacerda/strategist-skill/internal/install/embedded_weapon_certification.go:130.2,130.120 1 1
github.com/SergioLacerda/strategist-skill/internal/install/embedded_weapon_certification.go:134.2,134.30 1 1
github.com/SergioLacerda/strategist-skill/internal/install/embedded_weapon_certification.go:135.3,135.38 1 1
github.com/SergioLacerda/strategist-skill/internal/install/embedded_weapon_certification.go:136.4,137.1 1 1
github.com/SergioLacerda/strategist-skill/internal/install/embedded_weapon_certification.go:139.2,139.11 1 1
github.com/SergioLacerda/strategist-skill/internal/install/embedded_weapon_certification.go:150.2,150.42 1 1
github.com/SergioLacerda/strategist-skill/internal/install/embedded_weapon_certification.go:151.3,152.1 1 1
github.com/SergioLacerda/strategist-skill/internal/install/embedded_weapon_certification.go:155.2,155.84 1 1
github.com/SergioLacerda/strategist-skill/internal/install/embedded_weapon_certification.go:156.3,157.1 1 0
github.com/SergioLacerda/strategist-skill/internal/install/embedded_weapon_certification.go:158.2,158.52 1 1
github.com/SergioLacerda/strategist-skill/internal/install/embedded_weapon_certification.go:159.3,160.1 1 0
github.com/SergioLacerda/strategist-skill/internal/install/embedded_weapon_certification.go:161.2,161.12 1 1
github.com/SergioLacerda/strategist-skill/internal/install/embedded_weapon_certification.go:172.2,174.1 3 1
github.com/SergioLacerda/strategist-skill/internal/install/embedded_weapon_certification.go:176.2,176.56 3 1
github.com/SergioLacerda/strategist-skill/internal/install/embedded_weapon_certification.go:177.3,178.1 1 1
github.com/SergioLacerda/strategist-skill/internal/install/embedded_weapon_certification.go:179.2,180.38 2 1
github.com/SergioLacerda/strategist-skill/internal/install/embedded_weapon_conformance.go:45.2,46.30 2 1
github.com/SergioLacerda/strategist-skill/internal/install/embedded_weapon_conformance.go:47.3,48.27 2 1
github.com/SergioLacerda/strategist-skill/internal/install/embedded_weapon_conformance.go:49.4,50.1 1 1
github.com/SergioLacerda/strategist-skill/internal/install/embedded_weapon_conformance.go:52.2,53.16 2 0
github.com/SergioLacerda/strategist-skill/internal/install/embedded_weapon_conformance.go:54.3,55.1 1 0
github.com/SergioLacerda/strategist-skill/internal/install/embedded_weapon_conformance.go:56.2,56.39 1 0
github.com/SergioLacerda/strategist-skill/internal/install/embedded_weapon_conformance.go:60.2,60.6 1 0
github.com/SergioLacerda/strategist-skill/internal/install/embedded_weapon_conformance.go:61.3,61.26 1 0
github.com/SergioLacerda/strategist-skill/internal/install/embedded_weapon_conformance.go:62.4,63.1 1 0
github.com/SergioLacerda/strategist-skill/internal/install/embedded_weapon_conformance.go:64.3,65.20 2 0
github.com/SergioLacerda/strategist-skill/internal/install/embedded_weapon_conformance.go:66.4,67.1 1 0
github.com/SergioLacerda/strategist-skill/internal/install/embedded_weapon_conformance.go:68.3,68.15 1 0
github.com/SergioLacerda/strategist-skill/internal/install/embedded_weapon_conformance.go:73.2,73.69 1 1
github.com/SergioLacerda/strategist-skill/internal/install/embedded_weapon_conformance.go:74.3,74.62 1 1
github.com/SergioLacerda/strategist-skill/internal/install/embedded_weapon_conformance.go:75.4,76.1 1 0
github.com/SergioLacerda/strategist-skill/internal/install/embedded_weapon_conformance.go:78.2,78.13 1 1
github.com/SergioLacerda/strategist-skill/internal/install/embedded_weapon_conformance.go:89.2,93.1 1 1
github.com/SergioLacerda/strategist-skill/internal/install/embedded_weapon_conformance.go:102.2,107.1 2 1
github.com/SergioLacerda/strategist-skill/internal/install/embedded_weapon_conformance.go:112.2,113.1 1 1
github.com/SergioLacerda/strategist-skill/internal/install/embedded_weapon_conformance.go:126.2,127.9 2 1
github.com/SergioLacerda/strategist-skill/internal/install/embedded_weapon_conformance.go:128.3,129.1 1 0
github.com/SergioLacerda/strategist-skill/internal/install/embedded_weapon_conformance.go:130.2,130.53 1 1
github.com/SergioLacerda/strategist-skill/internal/install/embedded_weapon_conformance.go:134.2,135.26 2 1
github.com/SergioLacerda/strategist-skill/internal/install/embedded_weapon_conformance.go:136.3,137.17 2 1
github.com/SergioLacerda/strategist-skill/internal/install/embedded_weapon_conformance.go:138.4,139.1 1 0
github.com/SergioLacerda/strategist-skill/internal/install/embedded_weapon_conformance.go:140.3,140.16 1 1
github.com/SergioLacerda/strategist-skill/internal/install/embedded_weapon_conformance.go:142.2,142.50 1 1
github.com/SergioLacerda/strategist-skill/internal/install/embedded_weapon_digest.go:13.2,14.33 2 1
github.com/SergioLacerda/strategist-skill/internal/install/embedded_weapon_digest.go:15.3,16.17 2 1
github.com/SergioLacerda/strategist-skill/internal/install/embedded_weapon_digest.go:17.4,18.1 1 0
github.com/SergioLacerda/strategist-skill/internal/install/embedded_weapon_digest.go:19.3,20.17 2 1
github.com/SergioLacerda/strategist-skill/internal/install/embedded_weapon_digest.go:21.4,22.1 1 0
github.com/SergioLacerda/strategist-skill/internal/install/embedded_weapon_digest.go:23.3,23.47 1 1
github.com/SergioLacerda/strategist-skill/internal/install/embedded_weapon_digest.go:25.2,25.25 1 1
github.com/SergioLacerda/strategist-skill/internal/install/embedded_weapon_digest.go:34.2,35.16 2 1
github.com/SergioLacerda/strategist-skill/internal/install/embedded_weapon_digest.go:36.3,37.1 1 0
github.com/SergioLacerda/strategist-skill/internal/install/embedded_weapon_digest.go:38.2,39.40 2 1
github.com/SergioLacerda/strategist-skill/internal/install/embedded_weapon_digest.go:39.42,39.80 1 1
github.com/SergioLacerda/strategist-skill/internal/install/embedded_weapon_digest.go:40.2,41.29 2 1
github.com/SergioLacerda/strategist-skill/internal/install/embedded_weapon_digest.go:42.3,46.1 4 1
github.com/SergioLacerda/strategist-skill/internal/install/embedded_weapon_digest.go:47.2,47.53 1 1
github.com/SergioLacerda/strategist-skill/internal/install/embedded_weapon_digest.go:51.2,52.21 2 1
github.com/SergioLacerda/strategist-skill/internal/install/embedded_weapon_digest.go:53.3,54.1 1 0
github.com/SergioLacerda/strategist-skill/internal/install/embedded_weapon_digest.go:55.2,55.95 1 1
github.com/SergioLacerda/strategist-skill/internal/install/embedded_weapon_digest.go:56.3,57.17 2 1
github.com/SergioLacerda/strategist-skill/internal/install/embedded_weapon_digest.go:58.4,59.1 1 0
github.com/SergioLacerda/strategist-skill/internal/install/embedded_weapon_digest.go:60.3,60.9 1 1
github.com/SergioLacerda/strategist-skill/internal/install/embedded_weapon_digest.go:61.4,62.1 1 1
github.com/SergioLacerda/strategist-skill/internal/install/embedded_weapon_digest.go:63.3,63.13 1 1
github.com/SergioLacerda/strategist-skill/internal/install/embedded_weapon_digest.go:65.2,65.16 1 1
github.com/SergioLacerda/strategist-skill/internal/install/embedded_weapon_digest.go:66.3,67.1 1 0
github.com/SergioLacerda/strategist-skill/internal/install/embedded_weapon_digest.go:68.2,68.19 1 1
github.com/SergioLacerda/strategist-skill/internal/install/embedded_weapon_digest.go:72.2,72.20 1 1
github.com/SergioLacerda/strategist-skill/internal/install/embedded_weapon_digest.go:73.3,74.1 1 0
github.com/SergioLacerda/strategist-skill/internal/install/embedded_weapon_digest.go:75.2,75.19 1 1
github.com/SergioLacerda/strategist-skill/internal/install/embedded_weapon_digest.go:76.3,77.1 1 1
github.com/SergioLacerda/strategist-skill/internal/install/embedded_weapon_digest.go:78.2,79.16 2 1
github.com/SergioLacerda/strategist-skill/internal/install/embedded_weapon_digest.go:80.3,81.1 1 0
github.com/SergioLacerda/strategist-skill/internal/install/embedded_weapon_digest.go:82.2,83.25 2 1
github.com/SergioLacerda/strategist-skill/internal/install/embedded_weapon_digest.go:84.3,85.1 1 0
github.com/SergioLacerda/strategist-skill/internal/install/embedded_weapon_digest.go:86.2,87.16 2 1
github.com/SergioLacerda/strategist-skill/internal/install/embedded_weapon_digest.go:88.3,89.1 1 0
github.com/SergioLacerda/strategist-skill/internal/install/embedded_weapon_digest.go:90.2,90.65 1 1
github.com/SergioLacerda/strategist-skill/internal/install/embedded_weapon_drift.go:12.2,13.16 2 1
github.com/SergioLacerda/strategist-skill/internal/install/embedded_weapon_drift.go:14.3,15.1 1 1
github.com/SergioLacerda/strategist-skill/internal/install/embedded_weapon_drift.go:16.2,17.16 2 1
github.com/SergioLacerda/strategist-skill/internal/install/embedded_weapon_drift.go:18.3,19.1 1 1
github.com/SergioLacerda/strategist-skill/internal/install/embedded_weapon_drift.go:20.2,20.46 1 1
github.com/SergioLacerda/strategist-skill/internal/install/embedded_weapon_drift.go:24.2,24.33 1 1
github.com/SergioLacerda/strategist-skill/internal/install/embedded_weapon_drift.go:25.3,25.74 1 1
github.com/SergioLacerda/strategist-skill/internal/install/embedded_weapon_drift.go:26.4,27.1 1 1
github.com/SergioLacerda/strategist-skill/internal/install/embedded_weapon_drift.go:28.3,31.17 4 1
github.com/SergioLacerda/strategist-skill/internal/install/embedded_weapon_drift.go:32.4,33.1 1 1
github.com/SergioLacerda/strategist-skill/internal/install/embedded_weapon_drift.go:34.3,34.14 1 1
github.com/SergioLacerda/strategist-skill/internal/install/embedded_weapon_drift.go:35.4,36.1 1 1
github.com/SergioLacerda/strategist-skill/internal/install/embedded_weapon_drift.go:38.2,38.19 1 1
github.com/SergioLacerda/strategist-skill/internal/install/embedded_weapon_drift.go:42.2,43.16 2 1
github.com/SergioLacerda/strategist-skill/internal/install/embedded_weapon_drift.go:44.3,45.1 1 1
github.com/SergioLacerda/strategist-skill/internal/install/embedded_weapon_drift.go:46.2,47.16 2 1
github.com/SergioLacerda/strategist-skill/internal/install/embedded_weapon_drift.go:48.3,48.37 1 1
github.com/SergioLacerda/strategist-skill/internal/install/embedded_weapon_drift.go:49.4,50.1 1 1
github.com/SergioLacerda/strategist-skill/internal/install/embedded_weapon_drift.go:51.3,51.73 1 1
github.com/SergioLacerda/strategist-skill/internal/install/embedded_weapon_drift.go:53.2,53.37 1 1
github.com/SergioLacerda/strategist-skill/internal/install/embedded_weapon_drift.go:54.3,55.1 1 1
github.com/SergioLacerda/strategist-skill/internal/install/embedded_weapon_drift.go:56.2,57.16 2 1
github.com/SergioLacerda/strategist-skill/internal/install/embedded_weapon_drift.go:58.3,59.1 1 0
github.com/SergioLacerda/strategist-skill/internal/install/embedded_weapon_drift.go:60.2,60.23 1 1
github.com/SergioLacerda/strategist-skill/internal/install/embedded_weapon_drift.go:64.2,64.39 1 1
github.com/SergioLacerda/strategist-skill/internal/install/embedded_weapon_drift.go:65.3,66.10 2 1
github.com/SergioLacerda/strategist-skill/internal/install/embedded_weapon_drift.go:67.4,68.1 1 1
github.com/SergioLacerda/strategist-skill/internal/install/embedded_weapon_drift.go:69.3,70.17 2 1
github.com/SergioLacerda/strategist-skill/internal/install/embedded_weapon_drift.go:71.4,72.1 1 1
github.com/SergioLacerda/strategist-skill/internal/install/embedded_weapon_drift.go:73.3,73.13 1 1
github.com/SergioLacerda/strategist-skill/internal/install/embedded_weapon_drift.go:74.4,75.1 1 1
github.com/SergioLacerda/strategist-skill/internal/install/embedded_weapon_drift.go:77.2,77.18 1 1
github.com/SergioLacerda/strategist-skill/internal/install/embedded_weapon_drift.go:81.2,82.16 2 1
github.com/SergioLacerda/strategist-skill/internal/install/embedded_weapon_drift.go:83.3,84.1 1 1
github.com/SergioLacerda/strategist-skill/internal/install/embedded_weapon_drift.go:85.2,86.16 2 1
github.com/SergioLacerda/strategist-skill/internal/install/embedded_weapon_drift.go:87.3,88.1 1 1
github.com/SergioLacerda/strategist-skill/internal/install/embedded_weapon_drift.go:89.2,89.41 1 1
github.com/SergioLacerda/strategist-skill/internal/install/embedded_weapon_drift.go:93.2,94.90 2 1
github.com/SergioLacerda/strategist-skill/internal/install/embedded_weapon_drift.go:95.3,96.17 2 1
github.com/SergioLacerda/strategist-skill/internal/install/embedded_weapon_drift.go:97.4,98.1 1 1
github.com/SergioLacerda/strategist-skill/internal/install/embedded_weapon_drift.go:99.3,99.14 1 1
github.com/SergioLacerda/strategist-skill/internal/install/embedded_weapon_drift.go:100.4,101.1 1 1
github.com/SergioLacerda/strategist-skill/internal/install/embedded_weapon_drift.go:102.3,102.13 1 1
github.com/SergioLacerda/strategist-skill/internal/install/embedded_weapon_drift.go:104.2,104.16 1 1
github.com/SergioLacerda/strategist-skill/internal/install/embedded_weapon_drift.go:105.3,106.1 1 1
github.com/SergioLacerda/strategist-skill/internal/install/embedded_weapon_drift.go:107.2,107.19 1 1
github.com/SergioLacerda/strategist-skill/internal/install/embedded_weapon_drift.go:111.2,111.20 1 1
github.com/SergioLacerda/strategist-skill/internal/install/embedded_weapon_drift.go:112.3,113.1 1 1
github.com/SergioLacerda/strategist-skill/internal/install/embedded_weapon_drift.go:114.2,114.19 1 1
github.com/SergioLacerda/strategist-skill/internal/install/embedded_weapon_drift.go:115.3,116.1 1 1
github.com/SergioLacerda/strategist-skill/internal/install/embedded_weapon_drift.go:117.2,117.67 1 1
github.com/SergioLacerda/strategist-skill/internal/install/embedded_weapon_drift.go:118.3,119.1 1 1
github.com/SergioLacerda/strategist-skill/internal/install/embedded_weapon_drift.go:120.2,121.16 2 1
github.com/SergioLacerda/strategist-skill/internal/install/embedded_weapon_drift.go:122.3,123.1 1 0
github.com/SergioLacerda/strategist-skill/internal/install/embedded_weapon_drift.go:124.2,124.23 1 1
github.com/SergioLacerda/strategist-skill/internal/install/embedded_weapon_drift.go:128.2,129.16 2 1
github.com/SergioLacerda/strategist-skill/internal/install/embedded_weapon_drift.go:130.3,131.1 1 1
github.com/SergioLacerda/strategist-skill/internal/install/embedded_weapon_drift.go:132.2,133.16 2 1
github.com/SergioLacerda/strategist-skill/internal/install/embedded_weapon_drift.go:134.3,135.1 1 1
github.com/SergioLacerda/strategist-skill/internal/install/embedded_weapon_drift.go:136.2,136.46 1 1
github.com/SergioLacerda/strategist-skill/internal/install/embedded_weapon_ingestion.go:49.2,50.16 2 1
github.com/SergioLacerda/strategist-skill/internal/install/embedded_weapon_ingestion.go:51.3,51.25 1 1
github.com/SergioLacerda/strategist-skill/internal/install/embedded_weapon_ingestion.go:52.4,53.1 1 1
github.com/SergioLacerda/strategist-skill/internal/install/embedded_weapon_ingestion.go:54.3,54.79 1 1
github.com/SergioLacerda/strategist-skill/internal/install/embedded_weapon_ingestion.go:56.2,57.32 2 1
github.com/SergioLacerda/strategist-skill/internal/install/embedded_weapon_ingestion.go:58.3,58.20 1 1
github.com/SergioLacerda/strategist-skill/internal/install/embedded_weapon_ingestion.go:59.4,60.1 1 1
github.com/SergioLacerda/strategist-skill/internal/install/embedded_weapon_ingestion.go:62.2,63.18 2 1
github.com/SergioLacerda/strategist-skill/internal/install/embedded_weapon_ingestion.go:70.2,71.16 2 1
github.com/SergioLacerda/strategist-skill/internal/install/embedded_weapon_ingestion.go:72.3,73.1 1 0
github.com/SergioLacerda/strategist-skill/internal/install/embedded_weapon_ingestion.go:74.2,75.16 2 1
github.com/SergioLacerda/strategist-skill/internal/install/embedded_weapon_ingestion.go:76.3,77.1 1 1
github.com/SergioLacerda/strategist-skill/internal/install/embedded_weapon_ingestion.go:78.2,78.64 1 1
github.com/SergioLacerda/strategist-skill/internal/install/embedded_weapon_ingestion.go:79.3,80.1 1 1
github.com/SergioLacerda/strategist-skill/internal/install/embedded_weapon_ingestion.go:81.2,81.23 1 1
github.com/SergioLacerda/strategist-skill/internal/install/embedded_weapon_ingestion.go:82.3,83.1 1 1
github.com/SergioLacerda/strategist-skill/internal/install/embedded_weapon_ingestion.go:84.2,84.23 1 1
github.com/SergioLacerda/strategist-skill/internal/install/embedded_weapon_ingestion.go:85.3,86.1 1 0
github.com/SergioLacerda/strategist-skill/internal/install/embedded_weapon_ingestion.go:87.2,87.68 1 1
github.com/SergioLacerda/strategist-skill/internal/install/embedded_weapon_ingestion.go:88.3,89.1 1 0
github.com/SergioLacerda/strategist-skill/internal/install/embedded_weapon_ingestion.go:90.2,90.81 1 1
github.com/SergioLacerda/strategist-skill/internal/install/embedded_weapon_ingestion.go:97.2,97.71 1 1
github.com/SergioLacerda/strategist-skill/internal/install/embedded_weapon_ingestion.go:98.3,99.1 1 1
github.com/SergioLacerda/strategist-skill/internal/install/embedded_weapon_ingestion.go:100.2,101.16 2 1
github.com/SergioLacerda/strategist-skill/internal/install/embedded_weapon_ingestion.go:102.3,103.1 1 0
github.com/SergioLacerda/strategist-skill/internal/install/embedded_weapon_ingestion.go:104.2,104.44 1 1
github.com/SergioLacerda/strategist-skill/internal/install/embedded_weapon_ingestion.go:105.3,106.1 1 1
github.com/SergioLacerda/strategist-skill/internal/install/embedded_weapon_ingestion.go:107.2,107.12 1 1
github.com/SergioLacerda/strategist-skill/internal/install/embedded_weapon_ingestion.go:111.2,114.28 4 1
github.com/SergioLacerda/strategist-skill/internal/install/embedded_weapon_ingestion.go:115.3,116.1 1 1
github.com/SergioLacerda/strategist-skill/internal/install/embedded_weapon_ingestion.go:117.2,121.44 2 1
github.com/SergioLacerda/strategist-skill/internal/install/embedded_weapon_ingestion.go:122.3,123.1 1 0
github.com/SergioLacerda/strategist-skill/internal/install/embedded_weapon_ingestion.go:124.2,124.12 1 1
github.com/SergioLacerda/strategist-skill/internal/install/embedded_weapon_ingestion.go:142.2,143.16 2 1
github.com/SergioLacerda/strategist-skill/internal/install/embedded_weapon_ingestion.go:144.3,145.1 1 1
github.com/SergioLacerda/strategist-skill/internal/install/embedded_weapon_ingestion.go:147.2,152.1 6 1
github.com/SergioLacerda/strategist-skill/internal/install/embedded_weapon_ingestion.go:153.2,153.50 6 1
github.com/SergioLacerda/strategist-skill/internal/install/embedded_weapon_ingestion.go:153.52,153.106 1 0
github.com/SergioLacerda/strategist-skill/internal/install/embedded_weapon_ingestion.go:154.2,154.50 1 1
github.com/SergioLacerda/strategist-skill/internal/install/embedded_weapon_ingestion.go:154.52,154.130 1 1
github.com/SergioLacerda/strategist-skill/internal/install/embedded_weapon_ingestion.go:155.2,156.20 2 1
github.com/SergioLacerda/strategist-skill/internal/install/embedded_weapon_ingestion_filters.go:15.2,16.27 2 1
github.com/SergioLacerda/strategist-skill/internal/install/embedded_weapon_ingestion_filters.go:17.3,18.17 2 1
github.com/SergioLacerda/strategist-skill/internal/install/embedded_weapon_ingestion_filters.go:19.4,20.12 2 1
github.com/SergioLacerda/strategist-skill/internal/install/embedded_weapon_ingestion_filters.go:22.3,23.36 2 1
github.com/SergioLacerda/strategist-skill/internal/install/embedded_weapon_ingestion_filters.go:24.4,28.12 2 1
github.com/SergioLacerda/strategist-skill/internal/install/embedded_weapon_ingestion_filters.go:30.3,31.39 2 1
github.com/SergioLacerda/strategist-skill/internal/install/embedded_weapon_ingestion_filters.go:33.2,33.40 1 1
github.com/SergioLacerda/strategist-skill/internal/install/embedded_weapon_ingestion_filters.go:45.2,46.45 2 1
github.com/SergioLacerda/strategist-skill/internal/install/embedded_weapon_ingestion_filters.go:47.3,47.100 1 1
github.com/SergioLacerda/strategist-skill/internal/install/embedded_weapon_ingestion_filters.go:48.4,48.12 1 1
github.com/SergioLacerda/strategist-skill/internal/install/embedded_weapon_ingestion_filters.go:50.3,50.32 1 1
github.com/SergioLacerda/strategist-skill/internal/install/embedded_weapon_ingestion_filters.go:52.2,52.13 1 1
github.com/SergioLacerda/strategist-skill/internal/install/embedded_weapon_ingestion_filters.go:58.2,59.1 4 1
github.com/SergioLacerda/strategist-skill/internal/install/embedded_weapon_ingestion_filters.go:60.2,62.35 4 1
github.com/SergioLacerda/strategist-skill/internal/install/embedded_weapon_ingestion_filters.go:63.3,63.28 1 1
github.com/SergioLacerda/strategist-skill/internal/install/embedded_weapon_ingestion_filters.go:64.4,68.12 2 1
github.com/SergioLacerda/strategist-skill/internal/install/embedded_weapon_ingestion_filters.go:70.3,71.28 2 1
github.com/SergioLacerda/strategist-skill/internal/install/embedded_weapon_ingestion_filters.go:72.4,76.12 2 1
github.com/SergioLacerda/strategist-skill/internal/install/embedded_weapon_ingestion_filters.go:78.3,78.37 1 1
github.com/SergioLacerda/strategist-skill/internal/install/embedded_weapon_ingestion_filters.go:80.2,80.17 1 1
github.com/SergioLacerda/strategist-skill/internal/install/embedded_weapon_ingestion_filters.go:88.2,90.33 3 1
github.com/SergioLacerda/strategist-skill/internal/install/embedded_weapon_ingestion_filters.go:91.3,91.50 1 1
github.com/SergioLacerda/strategist-skill/internal/install/embedded_weapon_ingestion_filters.go:92.4,96.12 2 0
github.com/SergioLacerda/strategist-skill/internal/install/embedded_weapon_ingestion_filters.go:98.3,98.37 1 1
github.com/SergioLacerda/strategist-skill/internal/install/embedded_weapon_ingestion_filters.go:100.2,100.17 1 1
github.com/SergioLacerda/strategist-skill/internal/install/embedded_weapon_ingestion_filters.go:106.2,107.69 2 1
github.com/SergioLacerda/strategist-skill/internal/install/embedded_weapon_ingestion_filters.go:108.3,109.1 1 0
github.com/SergioLacerda/strategist-skill/internal/install/embedded_weapon_ingestion_filters.go:110.2,110.71 1 1
github.com/SergioLacerda/strategist-skill/internal/install/embedded_weapon_ingestion_filters.go:111.3,112.1 1 0
github.com/SergioLacerda/strategist-skill/internal/install/embedded_weapon_ingestion_filters.go:113.2,113.23 1 1
github.com/SergioLacerda/strategist-skill/internal/install/embedded_weapon_ingestion_filters.go:117.2,117.33 1 0
github.com/SergioLacerda/strategist-skill/internal/install/embedded_weapon_ingestion_filters.go:118.3,118.40 1 0
github.com/SergioLacerda/strategist-skill/internal/install/embedded_weapon_ingestion_filters.go:119.4,120.1 1 0
github.com/SergioLacerda/strategist-skill/internal/install/embedded_weapon_ingestion_filters.go:126.2,127.31 2 1
github.com/SergioLacerda/strategist-skill/internal/install/embedded_weapon_ingestion_filters.go:128.3,129.1 1 1
github.com/SergioLacerda/strategist-skill/internal/install/embedded_weapon_ingestion_filters.go:130.2,131.16 2 1
github.com/SergioLacerda/strategist-skill/internal/install/embedded_weapon_ingestion_filters.go:135.2,136.40 2 1
github.com/SergioLacerda/strategist-skill/internal/install/embedded_weapon_ingestion_filters.go:137.3,138.1 1 1
github.com/SergioLacerda/strategist-skill/internal/install/embedded_weapon_ingestion_filters.go:139.2,139.14 1 1
github.com/SergioLacerda/strategist-skill/internal/install/embedded_weapon_ingestion_filters.go:146.2,147.41 2 1
github.com/SergioLacerda/strategist-skill/internal/install/embedded_weapon_ingestion_filters.go:148.3,148.49 1 1
github.com/SergioLacerda/strategist-skill/internal/install/embedded_weapon_ingestion_filters.go:149.4,150.1 1 1
github.com/SergioLacerda/strategist-skill/internal/install/embedded_weapon_ingestion_filters.go:152.2,152.12 1 1
github.com/SergioLacerda/strategist-skill/internal/install/embedded_weapon_lock.go:14.2,14.66 1 1
github.com/SergioLacerda/strategist-skill/internal/install/embedded_weapon_lock.go:15.3,16.1 1 1
github.com/SergioLacerda/strategist-skill/internal/install/embedded_weapon_lock.go:17.2,17.89 1 1
github.com/SergioLacerda/strategist-skill/internal/install/embedded_weapon_lock.go:18.3,19.1 1 1
github.com/SergioLacerda/strategist-skill/internal/install/embedded_weapon_lock.go:20.2,21.16 2 1
github.com/SergioLacerda/strategist-skill/internal/install/embedded_weapon_lock.go:22.3,23.1 1 0
github.com/SergioLacerda/strategist-skill/internal/install/embedded_weapon_lock.go:24.2,24.49 1 1
github.com/SergioLacerda/strategist-skill/internal/install/embedded_weapon_lock.go:28.2,29.51 2 1
github.com/SergioLacerda/strategist-skill/internal/install/embedded_weapon_lock.go:30.3,31.1 1 0
github.com/SergioLacerda/strategist-skill/internal/install/embedded_weapon_lock.go:32.2,32.62 1 1
github.com/SergioLacerda/strategist-skill/internal/install/embedded_weapon_lock.go:33.3,34.1 1 1
github.com/SergioLacerda/strategist-skill/internal/install/embedded_weapon_lock.go:35.2,35.36 1 1
github.com/SergioLacerda/strategist-skill/internal/install/embedded_weapon_lock.go:36.3,36.63 1 1
github.com/SergioLacerda/strategist-skill/internal/install/embedded_weapon_lock.go:37.4,38.1 1 1
github.com/SergioLacerda/strategist-skill/internal/install/embedded_weapon_lock.go:40.2,40.12 1 1
github.com/SergioLacerda/strategist-skill/internal/install/embedded_weapon_lock.go:44.2,44.58 1 1
github.com/SergioLacerda/strategist-skill/internal/install/embedded_weapon_lock.go:45.3,46.1 1 1
github.com/SergioLacerda/strategist-skill/internal/install/embedded_weapon_lock.go:47.2,47.12 1 1
github.com/SergioLacerda/strategist-skill/internal/install/embedded_weapon_lock.go:51.2,51.35 1 1
github.com/SergioLacerda/strategist-skill/internal/install/embedded_weapon_lock.go:52.3,53.1 1 0
github.com/SergioLacerda/strategist-skill/internal/install/embedded_weapon_lock.go:54.2,54.56 1 1
github.com/SergioLacerda/strategist-skill/internal/install/embedded_weapon_lock.go:55.3,56.1 1 1
github.com/SergioLacerda/strategist-skill/internal/install/embedded_weapon_lock.go:57.2,57.30 1 1
github.com/SergioLacerda/strategist-skill/internal/install/embedded_weapon_lock.go:58.3,59.1 1 1
github.com/SergioLacerda/strategist-skill/internal/install/embedded_weapon_lock.go:60.2,60.135 1 1
github.com/SergioLacerda/strategist-skill/internal/install/embedded_weapon_lock.go:61.3,62.1 1 0
github.com/SergioLacerda/strategist-skill/internal/install/embedded_weapon_lock.go:63.2,63.164 1 1
github.com/SergioLacerda/strategist-skill/internal/install/embedded_weapon_lock.go:64.3,65.1 1 1
github.com/SergioLacerda/strategist-skill/internal/install/embedded_weapon_lock.go:66.2,66.12 1 1
github.com/SergioLacerda/strategist-skill/internal/install/embedded_weapon_lock.go:70.2,70.67 1 1
github.com/SergioLacerda/strategist-skill/internal/install/embedded_weapon_lock.go:71.3,72.1 1 1
github.com/SergioLacerda/strategist-skill/internal/install/embedded_weapon_lock.go:73.2,73.74 1 1
github.com/SergioLacerda/strategist-skill/internal/install/embedded_weapon_lock.go:74.3,75.1 1 1
github.com/SergioLacerda/strategist-skill/internal/install/embedded_weapon_lock.go:76.2,76.12 1 1
github.com/SergioLacerda/strategist-skill/internal/install/embedded_weapon_lock.go:80.2,81.1 1 1
github.com/SergioLacerda/strategist-skill/internal/install/embedded_weapon_lock.go:84.2,85.1 1 1
github.com/SergioLacerda/strategist-skill/internal/install/embedded_weapon_lock.go:88.2,88.79 1 1
github.com/SergioLacerda/strategist-skill/internal/install/embedded_weapon_lock.go:89.3,90.1 1 0
github.com/SergioLacerda/strategist-skill/internal/install/embedded_weapon_lock.go:91.2,91.47 1 1
github.com/SergioLacerda/strategist-skill/internal/install/embedded_weapon_lock.go:92.3,92.24 1 1
github.com/SergioLacerda/strategist-skill/internal/install/embedded_weapon_lock.go:93.4,94.1 1 0
github.com/SergioLacerda/strategist-skill/internal/install/embedded_weapon_lock.go:96.2,96.13 1 1
github.com/SergioLacerda/strategist-skill/internal/install/embedded_weapon_lock.go:100.2,101.1 1 1
github.com/SergioLacerda/strategist-skill/internal/install/embedded_weapon_lock.go:104.2,104.15 1 1
github.com/SergioLacerda/strategist-skill/internal/install/embedded_weapon_lock.go:106.3,106.14 1 1
github.com/SergioLacerda/strategist-skill/internal/install/embedded_weapon_lock.go:108.3,108.15 1 1
github.com/SergioLacerda/strategist-skill/internal/install/embedded_weapon_lock.go:113.2,114.16 2 1
github.com/SergioLacerda/strategist-skill/internal/install/embedded_weapon_lock.go:115.3,116.1 1 0
github.com/SergioLacerda/strategist-skill/internal/install/embedded_weapon_lock.go:117.2,117.56 1 1
github.com/SergioLacerda/strategist-skill/internal/install/embedded_weapon_lock.go:118.3,119.1 1 1
github.com/SergioLacerda/strategist-skill/internal/install/embedded_weapon_lock.go:120.2,120.12 1 1
github.com/SergioLacerda/strategist-skill/internal/install/embedded_weapon_lock.go:124.2,124.31 1 1
github.com/SergioLacerda/strategist-skill/internal/install/embedded_weapon_lock.go:125.3,125.72 1 1
github.com/SergioLacerda/strategist-skill/internal/install/embedded_weapon_lock.go:126.4,127.1 1 1
github.com/SergioLacerda/strategist-skill/internal/install/embedded_weapon_lock.go:129.2,129.53 1 1
github.com/SergioLacerda/strategist-skill/internal/install/embedded_weapon_lock.go:133.2,134.16 2 1
github.com/SergioLacerda/strategist-skill/internal/install/embedded_weapon_lock.go:135.3,136.1 1 0
github.com/SergioLacerda/strategist-skill/internal/install/embedded_weapon_lock.go:137.2,137.61 1 1
github.com/SergioLacerda/strategist-skill/internal/install/embedded_weapon_lock.go:138.3,139.1 1 0
github.com/SergioLacerda/strategist-skill/internal/install/embedded_weapon_lock.go:140.2,140.56 1 1
github.com/SergioLacerda/strategist-skill/internal/install/embedded_weapon_lock.go:141.3,142.1 1 1
github.com/SergioLacerda/strategist-skill/internal/install/embedded_weapon_lock.go:143.2,143.12 1 1
github.com/SergioLacerda/strategist-skill/internal/install/embedded_weapon_mirror.go:11.2,12.1 1 1
github.com/SergioLacerda/strategist-skill/internal/install/embedded_weapon_mirror.go:18.2,18.31 1 1
github.com/SergioLacerda/strategist-skill/internal/install/embedded_weapon_mirror.go:19.3,20.79 2 1
github.com/SergioLacerda/strategist-skill/internal/install/embedded_weapon_mirror.go:21.4,21.12 1 0
github.com/SergioLacerda/strategist-skill/internal/install/embedded_weapon_mirror.go:23.3,23.43 1 1
github.com/SergioLacerda/strategist-skill/internal/install/embedded_weapon_mirror.go:24.4,25.1 1 0
github.com/SergioLacerda/strategist-skill/internal/install/embedded_weapon_mirror.go:27.2,27.12 1 1
github.com/SergioLacerda/strategist-skill/internal/install/embedded_weapon_mirror.go:31.2,32.16 2 1
github.com/SergioLacerda/strategist-skill/internal/install/embedded_weapon_mirror.go:33.3,34.1 1 1
github.com/SergioLacerda/strategist-skill/internal/install/embedded_weapon_mirror.go:35.2,36.54 2 1
github.com/SergioLacerda/strategist-skill/internal/install/embedded_weapon_mirror.go:37.3,38.1 1 1
github.com/SergioLacerda/strategist-skill/internal/install/embedded_weapon_mirror.go:39.2,39.21 1 1
github.com/SergioLacerda/strategist-skill/internal/install/embedded_weapon_mirror.go:40.3,40.64 1 1
github.com/SergioLacerda/strategist-skill/internal/install/embedded_weapon_mirror.go:41.4,42.1 1 0
github.com/SergioLacerda/strategist-skill/internal/install/embedded_weapon_mirror.go:44.2,45.66 2 1
github.com/SergioLacerda/strategist-skill/internal/install/embedded_weapon_mirror.go:46.3,47.1 1 1
github.com/SergioLacerda/strategist-skill/internal/install/embedded_weapon_mirror.go:48.2,48.12 1 1
github.com/SergioLacerda/strategist-skill/internal/install/embedded_weapon_mirror.go:55.2,55.98 1 1
github.com/SergioLacerda/strategist-skill/internal/install/embedded_weapon_mirror.go:56.3,57.1 1 1
github.com/SergioLacerda/strategist-skill/internal/install/embedded_weapon_mirror.go:58.3,59.1 1 1
github.com/SergioLacerda/strategist-skill/internal/install/embedded_weapon_mirror.go:60.2,60.12 1 1
github.com/SergioLacerda/strategist-skill/internal/install/embedded_weapon_mirror.go:64.2,64.20 1 1
github.com/SergioLacerda/strategist-skill/internal/install/embedded_weapon_mirror.go:65.3,66.1 1 1
github.com/SergioLacerda/strategist-skill/internal/install/embedded_weapon_mirror.go:67.2,67.23 1 1
github.com/SergioLacerda/strategist-skill/internal/install/embedded_weapon_mirror.go:68.3,69.1 1 1
github.com/SergioLacerda/strategist-skill/internal/install/embedded_weapon_mirror.go:70.2,70.38 1 1
github.com/SergioLacerda/strategist-skill/internal/install/embedded_weapon_mirror.go:71.3,72.1 1 1
github.com/SergioLacerda/strategist-skill/internal/install/embedded_weapon_mirror.go:73.2,74.16 2 1
github.com/SergioLacerda/strategist-skill/internal/install/embedded_weapon_mirror.go:75.3,76.1 1 0
github.com/SergioLacerda/strategist-skill/internal/install/embedded_weapon_mirror.go:77.2,78.19 2 1
github.com/SergioLacerda/strategist-skill/internal/install/embedded_weapon_mirror.go:79.3,80.1 1 1
github.com/SergioLacerda/strategist-skill/internal/install/embedded_weapon_mirror.go:81.2,81.31 1 1
github.com/SergioLacerda/strategist-skill/internal/install/embedded_weapon_mirror.go:82.3,83.1 1 0
github.com/SergioLacerda/strategist-skill/internal/install/embedded_weapon_mirror.go:84.2,84.33 1 1
github.com/SergioLacerda/strategist-skill/internal/install/embedded_weapon_mirror.go:88.2,88.49 1 1
github.com/SergioLacerda/strategist-skill/internal/install/embedded_weapon_mirror.go:89.3,90.1 1 1
github.com/SergioLacerda/strategist-skill/internal/install/embedded_weapon_mirror.go:91.2,91.12 1 1
github.com/SergioLacerda/strategist-skill/internal/install/embedded_weapon_mirror.go:95.2,96.16 2 1
github.com/SergioLacerda/strategist-skill/internal/install/embedded_weapon_mirror.go:97.3,98.1 1 1
github.com/SergioLacerda/strategist-skill/internal/install/embedded_weapon_mirror.go:99.2,99.65 1 1
github.com/SergioLacerda/strategist-skill/internal/install/embedded_weapon_mirror.go:100.3,101.1 1 0
github.com/SergioLacerda/strategist-skill/internal/install/embedded_weapon_mirror.go:102.2,102.58 1 1
github.com/SergioLacerda/strategist-skill/internal/install/embedded_weapon_mirror.go:103.3,104.1 1 1
github.com/SergioLacerda/strategist-skill/internal/install/embedded_weapon_mirror.go:105.2,105.12 1 1
github.com/SergioLacerda/strategist-skill/internal/install/embedded_weapon_payload_digest.go:10.2,11.24 2 1
github.com/SergioLacerda/strategist-skill/internal/install/embedded_weapon_payload_digest.go:12.3,13.1 1 1
github.com/SergioLacerda/strategist-skill/internal/install/embedded_weapon_payload_digest.go:14.2,14.16 1 1
github.com/SergioLacerda/strategist-skill/internal/install/embedded_weapon_payload_digest.go:15.3,16.1 1 0
github.com/SergioLacerda/strategist-skill/internal/install/embedded_weapon_payload_digest.go:17.2,18.43 2 1
github.com/SergioLacerda/strategist-skill/internal/install/embedded_weapon_prepare.go:21.2,22.1 1 1
github.com/SergioLacerda/strategist-skill/internal/install/embedded_weapon_prepare.go:36.2,37.16 2 1
github.com/SergioLacerda/strategist-skill/internal/install/embedded_weapon_prepare.go:38.3,39.1 1 1
github.com/SergioLacerda/strategist-skill/internal/install/embedded_weapon_prepare.go:40.2,40.109 1 1
github.com/SergioLacerda/strategist-skill/internal/install/embedded_weapon_prepare.go:41.3,42.1 1 1
github.com/SergioLacerda/strategist-skill/internal/install/embedded_weapon_prepare.go:43.2,43.89 1 1
github.com/SergioLacerda/strategist-skill/internal/install/embedded_weapon_prepare.go:50.2,51.16 2 1
github.com/SergioLacerda/strategist-skill/internal/install/embedded_weapon_prepare.go:52.3,53.1 1 0
github.com/SergioLacerda/strategist-skill/internal/install/embedded_weapon_prepare.go:54.2,55.1 3 1
github.com/SergioLacerda/strategist-skill/internal/install/embedded_weapon_prepare.go:56.2,57.16 3 1
github.com/SergioLacerda/strategist-skill/internal/install/embedded_weapon_prepare.go:58.3,59.1 1 0
github.com/SergioLacerda/strategist-skill/internal/install/embedded_weapon_prepare.go:60.2,60.15 1 1
github.com/SergioLacerda/strategist-skill/internal/install/embedded_weapon_prepare.go:61.3,61.73 1 1
github.com/SergioLacerda/strategist-skill/internal/install/embedded_weapon_prepare.go:62.4,63.1 1 0
github.com/SergioLacerda/strategist-skill/internal/install/embedded_weapon_prepare.go:66.2,67.16 2 1
github.com/SergioLacerda/strategist-skill/internal/install/embedded_weapon_prepare.go:68.3,69.1 1 0
github.com/SergioLacerda/strategist-skill/internal/install/embedded_weapon_prepare.go:70.2,71.27 2 1
github.com/SergioLacerda/strategist-skill/internal/install/embedded_weapon_prepare.go:75.2,77.93 3 1
github.com/SergioLacerda/strategist-skill/internal/install/embedded_weapon_prepare.go:78.3,79.1 1 0
github.com/SergioLacerda/strategist-skill/internal/install/embedded_weapon_prepare.go:80.2,81.16 2 1
github.com/SergioLacerda/strategist-skill/internal/install/embedded_weapon_prepare.go:82.3,83.1 1 0
github.com/SergioLacerda/strategist-skill/internal/install/embedded_weapon_prepare.go:84.2,85.16 2 1
github.com/SergioLacerda/strategist-skill/internal/install/embedded_weapon_prepare.go:86.3,87.1 1 0
github.com/SergioLacerda/strategist-skill/internal/install/embedded_weapon_prepare.go:88.2,89.16 2 1
github.com/SergioLacerda/strategist-skill/internal/install/embedded_weapon_prepare.go:90.3,91.1 1 0
github.com/SergioLacerda/strategist-skill/internal/install/embedded_weapon_prepare.go:92.2,92.55 1 1
github.com/SergioLacerda/strategist-skill/internal/install/embedded_weapon_prepare.go:96.2,97.16 2 1
github.com/SergioLacerda/strategist-skill/internal/install/embedded_weapon_prepare.go:98.3,99.1 1 1
github.com/SergioLacerda/strategist-skill/internal/install/embedded_weapon_prepare.go:100.2,101.16 2 1
github.com/SergioLacerda/strategist-skill/internal/install/embedded_weapon_prepare.go:102.3,103.1 1 1
github.com/SergioLacerda/strategist-skill/internal/install/embedded_weapon_prepare.go:104.2,105.16 2 1
github.com/SergioLacerda/strategist-skill/internal/install/embedded_weapon_prepare.go:106.3,107.1 1 1
github.com/SergioLacerda/strategist-skill/internal/install/embedded_weapon_prepare.go:108.2,108.84 1 1
github.com/SergioLacerda/strategist-skill/internal/install/embedded_weapon_prepare.go:109.3,110.1 1 0
github.com/SergioLacerda/strategist-skill/internal/install/embedded_weapon_prepare.go:111.2,112.16 2 1
github.com/SergioLacerda/strategist-skill/internal/install/embedded_weapon_prepare.go:113.3,114.1 1 0
github.com/SergioLacerda/strategist-skill/internal/install/embedded_weapon_prepare.go:115.2,119.20 5 1
github.com/SergioLacerda/strategist-skill/internal/install/embedded_weapon_registry.go:18.2,19.16 2 1
github.com/SergioLacerda/strategist-skill/internal/install/embedded_weapon_registry.go:20.3,21.1 1 0
github.com/SergioLacerda/strategist-skill/internal/install/embedded_weapon_registry.go:22.2,23.16 2 1
github.com/SergioLacerda/strategist-skill/internal/install/embedded_weapon_registry.go:24.3,25.1 1 0
github.com/SergioLacerda/strategist-skill/internal/install/embedded_weapon_registry.go:26.2,27.16 2 1
github.com/SergioLacerda/strategist-skill/internal/install/embedded_weapon_registry.go:28.3,29.1 1 0
github.com/SergioLacerda/strategist-skill/internal/install/embedded_weapon_registry.go:30.2,36.1 2 1
github.com/SergioLacerda/strategist-skill/internal/install/embedded_weapon_registry.go:37.2,37.44 2 1
github.com/SergioLacerda/strategist-skill/internal/install/embedded_weapon_registry.go:38.3,39.1 1 0
github.com/SergioLacerda/strategist-skill/internal/install/embedded_weapon_registry.go:40.2,40.22 1 1
github.com/SergioLacerda/strategist-skill/internal/install/embedded_weapon_registry.go:44.2,45.16 2 1
github.com/SergioLacerda/strategist-skill/internal/install/embedded_weapon_registry.go:46.3,47.1 1 0
github.com/SergioLacerda/strategist-skill/internal/install/embedded_weapon_registry.go:48.2,49.61 2 1
github.com/SergioLacerda/strategist-skill/internal/install/embedded_weapon_registry.go:50.3,51.1 1 0
github.com/SergioLacerda/strategist-skill/internal/install/embedded_weapon_registry.go:52.2,52.43 1 1
github.com/SergioLacerda/strategist-skill/internal/install/embedded_weapon_registry.go:53.3,54.1 1 0
github.com/SergioLacerda/strategist-skill/internal/install/embedded_weapon_registry.go:56.2,57.36 2 1
github.com/SergioLacerda/strategist-skill/internal/install/embedded_weapon_registry.go:58.3,59.17 2 1
github.com/SergioLacerda/strategist-skill/internal/install/embedded_weapon_registry.go:60.4,61.1 1 0
github.com/SergioLacerda/strategist-skill/internal/install/embedded_weapon_registry.go:62.3,62.30 1 1
github.com/SergioLacerda/strategist-skill/internal/install/embedded_weapon_registry.go:64.2,64.40 1 1
github.com/SergioLacerda/strategist-skill/internal/install/embedded_weapon_registry.go:64.42,64.76 1 1
github.com/SergioLacerda/strategist-skill/internal/install/embedded_weapon_registry.go:65.2,65.19 1 1
github.com/SergioLacerda/strategist-skill/internal/install/embedded_weapon_registry.go:69.2,71.16 3 1
github.com/SergioLacerda/strategist-skill/internal/install/embedded_weapon_registry.go:72.3,73.1 1 0
github.com/SergioLacerda/strategist-skill/internal/install/embedded_weapon_registry.go:74.2,75.50 2 1
github.com/SergioLacerda/strategist-skill/internal/install/embedded_weapon_registry.go:76.3,77.1 1 0
github.com/SergioLacerda/strategist-skill/internal/install/embedded_weapon_registry.go:78.2,78.39 1 1
github.com/SergioLacerda/strategist-skill/internal/install/embedded_weapon_registry.go:79.3,80.1 1 0
github.com/SergioLacerda/strategist-skill/internal/install/embedded_weapon_registry.go:81.2,83.16 3 1
github.com/SergioLacerda/strategist-skill/internal/install/embedded_weapon_registry.go:84.3,85.1 1 0
github.com/SergioLacerda/strategist-skill/internal/install/embedded_weapon_registry.go:86.2,87.143 2 1
github.com/SergioLacerda/strategist-skill/internal/install/embedded_weapon_registry.go:91.2,92.45 2 1
github.com/SergioLacerda/strategist-skill/internal/install/embedded_weapon_registry.go:93.3,94.17 2 1
github.com/SergioLacerda/strategist-skill/internal/install/embedded_weapon_registry.go:95.4,96.1 1 1
github.com/SergioLacerda/strategist-skill/internal/install/embedded_weapon_registry.go:97.3,97.14 1 1
github.com/SergioLacerda/strategist-skill/internal/install/embedded_weapon_registry.go:98.4,99.1 1 1
github.com/SergioLacerda/strategist-skill/internal/install/embedded_weapon_registry.go:101.2,101.42 1 1
github.com/SergioLacerda/strategist-skill/internal/install/embedded_weapon_registry.go:101.44,101.98 1 1
github.com/SergioLacerda/strategist-skill/internal/install/embedded_weapon_registry.go:102.2,102.21 1 1
github.com/SergioLacerda/strategist-skill/internal/install/embedded_weapon_registry.go:106.2,106.48 1 1
github.com/SergioLacerda/strategist-skill/internal/install/embedded_weapon_registry.go:107.3,108.1 1 1
github.com/SergioLacerda/strategist-skill/internal/install/embedded_weapon_registry.go:109.2,110.16 2 1
github.com/SergioLacerda/strategist-skill/internal/install/embedded_weapon_registry.go:111.3,112.1 1 0
github.com/SergioLacerda/strategist-skill/internal/install/embedded_weapon_registry.go:113.2,113.70 1 1
github.com/SergioLacerda/strategist-skill/internal/install/embedded_weapon_registry.go:114.3,115.1 1 1
github.com/SergioLacerda/strategist-skill/internal/install/embedded_weapon_registry.go:116.2,122.14 2 1
github.com/SergioLacerda/strategist-skill/internal/install/embedded_weapon_registry.go:126.2,126.31 1 1
github.com/SergioLacerda/strategist-skill/internal/install/embedded_weapon_registry.go:127.3,128.1 1 1
github.com/SergioLacerda/strategist-skill/internal/install/embedded_weapon_registry.go:129.2,129.92 1 1
github.com/SergioLacerda/strategist-skill/internal/install/embedded_weapon_registry.go:133.2,134.29 2 1
github.com/SergioLacerda/strategist-skill/internal/install/embedded_weapon_registry.go:135.3,136.1 1 1
github.com/SergioLacerda/strategist-skill/internal/install/embedded_weapon_registry.go:137.2,137.42 1 1
github.com/SergioLacerda/strategist-skill/internal/install/embedded_weapon_registry.go:138.3,141.1 3 1
github.com/SergioLacerda/strategist-skill/internal/install/embedded_weapon_registry.go:142.2,142.16 1 1
github.com/SergioLacerda/strategist-skill/internal/install/embedded_weapon_registry.go:146.2,147.33 2 1
github.com/SergioLacerda/strategist-skill/internal/install/embedded_weapon_registry.go:148.3,148.107 1 1
github.com/SergioLacerda/strategist-skill/internal/install/embedded_weapon_registry.go:149.4,149.12 1 1
github.com/SergioLacerda/strategist-skill/internal/install/embedded_weapon_registry.go:151.3,154.5 1 1
github.com/SergioLacerda/strategist-skill/internal/install/embedded_weapon_registry.go:156.2,156.16 1 1
github.com/SergioLacerda/strategist-skill/internal/install/embedded_weapon_registry.go:160.2,160.31 1 1
github.com/SergioLacerda/strategist-skill/internal/install/embedded_weapon_registry.go:161.3,161.20 1 1
github.com/SergioLacerda/strategist-skill/internal/install/embedded_weapon_registry.go:162.4,163.1 1 1
github.com/SergioLacerda/strategist-skill/internal/install/embedded_weapon_registry.go:165.2,165.14 1 1
github.com/SergioLacerda/strategist-skill/internal/install/embedded_weapon_registry_ranked.go:13.2,14.45 2 1
github.com/SergioLacerda/strategist-skill/internal/install/embedded_weapon_registry_ranked.go:15.3,15.107 1 1
github.com/SergioLacerda/strategist-skill/internal/install/embedded_weapon_registry_ranked.go:16.4,16.12 1 1
github.com/SergioLacerda/strategist-skill/internal/install/embedded_weapon_registry_ranked.go:18.3,19.17 2 1
github.com/SergioLacerda/strategist-skill/internal/install/embedded_weapon_registry_ranked.go:20.4,21.1 1 0
github.com/SergioLacerda/strategist-skill/internal/install/embedded_weapon_registry_ranked.go:22.3,22.51 1 1
github.com/SergioLacerda/strategist-skill/internal/install/embedded_weapon_registry_ranked.go:24.2,24.43 1 1
github.com/SergioLacerda/strategist-skill/internal/install/embedded_weapon_registry_ranked.go:25.3,28.1 3 1
github.com/SergioLacerda/strategist-skill/internal/install/embedded_weapon_registry_ranked.go:29.2,29.22 1 1
github.com/SergioLacerda/strategist-skill/internal/install/embedded_weapon_registry_ranked.go:33.2,34.9 2 1
github.com/SergioLacerda/strategist-skill/internal/install/embedded_weapon_registry_ranked.go:35.3,36.1 1 0
github.com/SergioLacerda/strategist-skill/internal/install/embedded_weapon_registry_ranked.go:37.2,38.49 2 1
github.com/SergioLacerda/strategist-skill/internal/install/embedded_weapon_registry_ranked.go:39.3,40.10 2 1
github.com/SergioLacerda/strategist-skill/internal/install/embedded_weapon_registry_ranked.go:41.4,42.1 1 0
github.com/SergioLacerda/strategist-skill/internal/install/embedded_weapon_registry_ranked.go:43.3,44.17 2 1
github.com/SergioLacerda/strategist-skill/internal/install/embedded_weapon_registry_ranked.go:45.4,46.1 1 0
github.com/SergioLacerda/strategist-skill/internal/install/embedded_weapon_registry_ranked.go:47.3,47.39 1 1
github.com/SergioLacerda/strategist-skill/internal/install/embedded_weapon_registry_ranked.go:49.2,49.22 1 1
github.com/SergioLacerda/strategist-skill/internal/install/embedded_weapon_registry_ranked.go:53.2,56.16 2 1
github.com/SergioLacerda/strategist-skill/internal/install/embedded_weapon_registry_ranked.go:57.3,58.1 1 0
github.com/SergioLacerda/strategist-skill/internal/install/embedded_weapon_registry_ranked.go:59.2,66.8 2 1
github.com/SergioLacerda/strategist-skill/internal/install/embedded_weapon_registry_ranked.go:70.2,70.29 1 1
github.com/SergioLacerda/strategist-skill/internal/install/embedded_weapon_registry_ranked.go:71.3,71.15 1 1
github.com/SergioLacerda/strategist-skill/internal/install/embedded_weapon_registry_ranked.go:73.4,73.21 1 1
github.com/SergioLacerda/strategist-skill/internal/install/embedded_weapon_registry_ranked.go:75.4,75.19 1 1
github.com/SergioLacerda/strategist-skill/internal/install/embedded_weapon_registry_ranked.go:77.4,77.20 1 1
github.com/SergioLacerda/strategist-skill/internal/install/embedded_weapon_registry_ranked.go:80.2,80.28 1 1
github.com/SergioLacerda/strategist-skill/internal/install/embedded_weapon_registry_ranked.go:81.3,82.1 1 1
github.com/SergioLacerda/strategist-skill/internal/install/embedded_weapon_registry_ranked.go:83.2,83.17 1 1
github.com/SergioLacerda/strategist-skill/internal/install/embedded_weapon_registry_ranked.go:87.2,87.33 1 1
github.com/SergioLacerda/strategist-skill/internal/install/embedded_weapon_registry_ranked.go:88.3,88.51 1 1
github.com/SergioLacerda/strategist-skill/internal/install/embedded_weapon_registry_ranked.go:89.4,90.1 1 1
github.com/SergioLacerda/strategist-skill/internal/install/embedded_weapon_registry_ranked.go:92.2,92.39 1 0
github.com/SergioLacerda/strategist-skill/internal/install/embedded_weapon_registry_ranked.go:96.2,96.29 1 1
github.com/SergioLacerda/strategist-skill/internal/install/embedded_weapon_registry_ranked.go:97.3,97.20 1 1
github.com/SergioLacerda/strategist-skill/internal/install/embedded_weapon_registry_ranked.go:98.4,99.1 1 1
github.com/SergioLacerda/strategist-skill/internal/install/embedded_weapon_registry_ranked.go:101.2,101.37 1 0
github.com/SergioLacerda/strategist-skill/internal/install/embedded_weapon_write.go:55.2,56.31 2 1
github.com/SergioLacerda/strategist-skill/internal/install/embedded_weapon_write.go:57.3,60.29 4 1
github.com/SergioLacerda/strategist-skill/internal/install/embedded_weapon_write.go:61.4,62.1 1 0
github.com/SergioLacerda/strategist-skill/internal/install/embedded_weapon_write.go:63.4,65.1 2 1
github.com/SergioLacerda/strategist-skill/internal/install/embedded_weapon_write.go:66.3,75.5 1 1
github.com/SergioLacerda/strategist-skill/internal/install/embedded_weapon_write.go:77.2,77.40 1 1
github.com/SergioLacerda/strategist-skill/internal/install/embedded_weapon_write.go:77.42,77.76 1 1
github.com/SergioLacerda/strategist-skill/internal/install/embedded_weapon_write.go:78.2,78.90 1 1
github.com/SergioLacerda/strategist-skill/internal/install/gitignore.go:23.2,24.1 1 1
github.com/SergioLacerda/strategist-skill/internal/install/gitignore.go:28.2,29.16 2 1
github.com/SergioLacerda/strategist-skill/internal/install/gitignore.go:30.3,31.1 1 1
github.com/SergioLacerda/strategist-skill/internal/install/gitignore.go:33.2,34.39 2 1
github.com/SergioLacerda/strategist-skill/internal/install/gitignore.go:35.3,36.1 1 1
github.com/SergioLacerda/strategist-skill/internal/install/gitignore.go:38.2,38.47 1 1
github.com/SergioLacerda/strategist-skill/internal/install/gitignore.go:39.3,40.1 1 1
github.com/SergioLacerda/strategist-skill/internal/install/gitignore.go:42.2,43.16 2 1
github.com/SergioLacerda/strategist-skill/internal/install/gitignore.go:44.3,45.1 1 1
github.com/SergioLacerda/strategist-skill/internal/install/gitignore.go:46.2,46.75 1 1
github.com/SergioLacerda/strategist-skill/internal/install/gitignore.go:47.3,48.1 1 0
github.com/SergioLacerda/strategist-skill/internal/install/gitignore.go:49.2,49.26 1 1
github.com/SergioLacerda/strategist-skill/internal/install/gitignore.go:53.2,53.69 1 1
github.com/SergioLacerda/strategist-skill/internal/install/gitignore.go:54.3,55.1 1 1
github.com/SergioLacerda/strategist-skill/internal/install/gitignore.go:56.2,56.14 1 1
github.com/SergioLacerda/strategist-skill/internal/install/gitignore.go:60.2,60.34 1 1
github.com/SergioLacerda/strategist-skill/internal/install/gitignore.go:61.3,62.1 1 1
github.com/SergioLacerda/strategist-skill/internal/install/gitignore.go:63.2,63.12 1 1
github.com/SergioLacerda/strategist-skill/internal/install/governance_persistence.go:11.2,11.19 1 1
github.com/SergioLacerda/strategist-skill/internal/install/governance_persistence.go:12.3,12.71 1 1
github.com/SergioLacerda/strategist-skill/internal/install/governance_persistence.go:13.4,14.1 1 0
github.com/SergioLacerda/strategist-skill/internal/install/governance_persistence.go:16.2,16.55 1 1
github.com/SergioLacerda/strategist-skill/internal/install/governance_persistence.go:20.2,20.19 1 1
github.com/SergioLacerda/strategist-skill/internal/install/governance_persistence.go:21.3,22.1 1 1
github.com/SergioLacerda/strategist-skill/internal/install/governance_persistence.go:23.2,23.70 1 1
github.com/SergioLacerda/strategist-skill/internal/install/governance_persistence.go:24.3,25.1 1 0
github.com/SergioLacerda/strategist-skill/internal/install/governance_persistence.go:26.2,26.12 1 1
github.com/SergioLacerda/strategist-skill/internal/install/install_manifest.go:15.2,16.16 2 1
github.com/SergioLacerda/strategist-skill/internal/install/install_manifest.go:17.3,18.1 1 0
github.com/SergioLacerda/strategist-skill/internal/install/install_manifest.go:19.2,21.59 3 1
github.com/SergioLacerda/strategist-skill/internal/install/install_manifest.go:22.3,23.1 1 1
github.com/SergioLacerda/strategist-skill/internal/install/install_manifest.go:24.2,24.12 1 1
github.com/SergioLacerda/strategist-skill/internal/install/install_manifest.go:28.2,30.16 3 1
github.com/SergioLacerda/strategist-skill/internal/install/install_manifest.go:31.3,31.37 1 1
github.com/SergioLacerda/strategist-skill/internal/install/install_manifest.go:32.4,33.1 1 1
github.com/SergioLacerda/strategist-skill/internal/install/install_manifest.go:34.3,34.88 1 1
github.com/SergioLacerda/strategist-skill/internal/install/install_manifest.go:36.2,37.56 2 1
github.com/SergioLacerda/strategist-skill/internal/install/install_manifest.go:38.3,39.1 1 1
github.com/SergioLacerda/strategist-skill/internal/install/install_manifest.go:40.2,40.28 1 1
github.com/SergioLacerda/strategist-skill/internal/install/install_manifest.go:44.2,45.19 2 1
github.com/SergioLacerda/strategist-skill/internal/install/install_manifest.go:46.3,47.1 1 1
github.com/SergioLacerda/strategist-skill/internal/install/install_manifest.go:48.2,48.16 1 1
github.com/SergioLacerda/strategist-skill/internal/install/installer.go:68.2,70.1 2 1
github.com/SergioLacerda/strategist-skill/internal/install/installer.go:75.2,77.1 5 1
github.com/SergioLacerda/strategist-skill/internal/install/installer.go:78.2,82.1 5 1
github.com/SergioLacerda/strategist-skill/internal/install/installer.go:83.2,84.15 5 1
github.com/SergioLacerda/strategist-skill/internal/install/installer.go:85.3,85.17 1 1
github.com/SergioLacerda/strategist-skill/internal/install/installer.go:86.4,87.1 1 1
github.com/SergioLacerda/strategist-skill/internal/install/installer.go:90.2,91.16 2 1
github.com/SergioLacerda/strategist-skill/internal/install/installer.go:92.3,93.1 1 1
github.com/SergioLacerda/strategist-skill/internal/install/installer.go:95.2,96.16 2 1
github.com/SergioLacerda/strategist-skill/internal/install/installer.go:97.3,98.1 1 1
github.com/SergioLacerda/strategist-skill/internal/install/installer.go:100.2,105.20 3 1
github.com/SergioLacerda/strategist-skill/internal/install/installer.go:109.2,110.16 2 1
github.com/SergioLacerda/strategist-skill/internal/install/installer.go:111.3,112.1 1 1
github.com/SergioLacerda/strategist-skill/internal/install/installer.go:113.2,115.16 3 1
github.com/SergioLacerda/strategist-skill/internal/install/installer.go:116.3,117.1 1 1
github.com/SergioLacerda/strategist-skill/internal/install/installer.go:118.2,119.72 2 1
github.com/SergioLacerda/strategist-skill/internal/install/installer.go:120.3,121.1 1 0
github.com/SergioLacerda/strategist-skill/internal/install/installer.go:122.2,122.74 1 1
github.com/SergioLacerda/strategist-skill/internal/install/installer.go:123.3,124.1 1 1
github.com/SergioLacerda/strategist-skill/internal/install/installer.go:125.2,127.16 3 1
github.com/SergioLacerda/strategist-skill/internal/install/installer.go:128.3,129.1 1 1
github.com/SergioLacerda/strategist-skill/internal/install/installer.go:130.2,132.16 3 1
github.com/SergioLacerda/strategist-skill/internal/install/installer.go:133.3,134.1 1 1
github.com/SergioLacerda/strategist-skill/internal/install/installer.go:135.2,136.92 2 1
github.com/SergioLacerda/strategist-skill/internal/install/installer.go:137.3,138.1 1 1
github.com/SergioLacerda/strategist-skill/internal/install/installer.go:139.2,140.42 2 1
github.com/SergioLacerda/strategist-skill/internal/install/installer.go:147.2,151.63 2 1
github.com/SergioLacerda/strategist-skill/internal/install/installer.go:152.3,153.1 1 1
github.com/SergioLacerda/strategist-skill/internal/install/installer.go:154.2,154.68 1 1
github.com/SergioLacerda/strategist-skill/internal/install/installer.go:158.2,158.16 1 1
github.com/SergioLacerda/strategist-skill/internal/install/installer.go:159.3,160.1 1 1
github.com/SergioLacerda/strategist-skill/internal/install/installer.go:161.2,163.52 3 1
github.com/SergioLacerda/strategist-skill/internal/install/installer.go:164.3,165.1 1 1
github.com/SergioLacerda/strategist-skill/internal/install/installer.go:166.2,166.22 1 1
github.com/SergioLacerda/strategist-skill/internal/install/installer.go:167.3,168.1 1 1
github.com/SergioLacerda/strategist-skill/internal/install/installer.go:169.2,169.37 1 1
github.com/SergioLacerda/strategist-skill/internal/install/installer.go:181.2,182.1 1 1
github.com/SergioLacerda/strategist-skill/internal/install/installer.go:189.2,190.1 1 1
github.com/SergioLacerda/strategist-skill/internal/install/installer_compile.go:14.2,15.83 2 1
github.com/SergioLacerda/strategist-skill/internal/install/installer_compile.go:16.3,16.24 1 1
github.com/SergioLacerda/strategist-skill/internal/install/installer_compile.go:17.4,18.1 1 1
github.com/SergioLacerda/strategist-skill/internal/install/installer_compile.go:19.3,25.4 1 1
github.com/SergioLacerda/strategist-skill/internal/install/installer_compile.go:27.2,27.12 1 1
github.com/SergioLacerda/strategist-skill/internal/install/installer_config.go:25.2,26.15 2 1
github.com/SergioLacerda/strategist-skill/internal/install/installer_config.go:27.3,27.20 1 1
github.com/SergioLacerda/strategist-skill/internal/install/installer_config.go:28.4,30.1 2 1
github.com/SergioLacerda/strategist-skill/internal/install/installer_config.go:31.3,31.13 1 1
github.com/SergioLacerda/strategist-skill/internal/install/installer_config.go:34.2,34.17 1 1
github.com/SergioLacerda/strategist-skill/internal/install/installer_config.go:35.3,36.1 1 1
github.com/SergioLacerda/strategist-skill/internal/install/installer_config.go:37.2,37.61 1 1
github.com/SergioLacerda/strategist-skill/internal/install/installer_config.go:41.2,42.52 2 1
github.com/SergioLacerda/strategist-skill/internal/install/installer_config.go:43.3,44.1 1 1
github.com/SergioLacerda/strategist-skill/internal/install/installer_config.go:45.2,45.51 1 1
github.com/SergioLacerda/strategist-skill/internal/install/installer_config.go:46.3,50.1 1 1
github.com/SergioLacerda/strategist-skill/internal/install/installer_config.go:51.2,52.16 2 1
github.com/SergioLacerda/strategist-skill/internal/install/installer_config.go:53.3,54.1 1 1
github.com/SergioLacerda/strategist-skill/internal/install/installer_config.go:57.2,57.66 1 1
github.com/SergioLacerda/strategist-skill/internal/install/installer_config.go:58.3,59.1 1 1
github.com/SergioLacerda/strategist-skill/internal/install/installer_config.go:60.2,60.54 1 1
github.com/SergioLacerda/strategist-skill/internal/install/installer_config.go:64.2,65.16 2 1
github.com/SergioLacerda/strategist-skill/internal/install/installer_config.go:66.3,67.1 1 1
github.com/SergioLacerda/strategist-skill/internal/install/installer_config.go:68.2,69.16 2 1
github.com/SergioLacerda/strategist-skill/internal/install/installer_config.go:70.3,71.1 1 0
github.com/SergioLacerda/strategist-skill/internal/install/installer_config.go:72.2,72.18 1 1
github.com/SergioLacerda/strategist-skill/internal/install/installer_config.go:86.2,86.82 1 1
github.com/SergioLacerda/strategist-skill/internal/install/installer_config.go:87.3,91.1 1 1
github.com/SergioLacerda/strategist-skill/internal/install/installer_config.go:92.2,92.12 1 1
github.com/SergioLacerda/strategist-skill/internal/install/installer_config.go:96.2,98.16 3 1
github.com/SergioLacerda/strategist-skill/internal/install/installer_config.go:99.3,100.1 1 1
github.com/SergioLacerda/strategist-skill/internal/install/installer_config.go:101.2,101.59 1 1
github.com/SergioLacerda/strategist-skill/internal/install/installer_config.go:102.3,103.1 1 1
github.com/SergioLacerda/strategist-skill/internal/install/installer_config.go:104.2,104.49 1 1
github.com/SergioLacerda/strategist-skill/internal/install/installer_config.go:108.2,108.45 1 1
github.com/SergioLacerda/strategist-skill/internal/install/installer_config.go:109.3,109.83 1 1
github.com/SergioLacerda/strategist-skill/internal/install/installer_config.go:110.4,111.1 1 0
github.com/SergioLacerda/strategist-skill/internal/install/installer_config.go:113.2,113.76 1 1
github.com/SergioLacerda/strategist-skill/internal/install/installer_config.go:114.3,115.1 1 0
github.com/SergioLacerda/strategist-skill/internal/install/installer_config.go:116.2,116.69 1 1
github.com/SergioLacerda/strategist-skill/internal/install/installer_config.go:117.3,118.1 1 1
github.com/SergioLacerda/strategist-skill/internal/install/installer_config.go:119.2,119.70 1 1
github.com/SergioLacerda/strategist-skill/internal/install/installer_config.go:120.3,121.1 1 1
github.com/SergioLacerda/strategist-skill/internal/install/installer_config.go:122.2,122.104 1 1
github.com/SergioLacerda/strategist-skill/internal/install/installer_config.go:123.3,124.1 1 0
github.com/SergioLacerda/strategist-skill/internal/install/installer_config.go:125.2,125.12 1 1
github.com/SergioLacerda/strategist-skill/internal/install/installer_config.go:129.2,135.1 3 1
github.com/SergioLacerda/strategist-skill/internal/install/installer_config.go:136.2,136.45 3 1
github.com/SergioLacerda/strategist-skill/internal/install/installer_config.go:137.3,137.82 1 1
github.com/SergioLacerda/strategist-skill/internal/install/installer_config.go:138.4,139.1 1 0
github.com/SergioLacerda/strategist-skill/internal/install/installer_config.go:142.2,142.12 1 1
github.com/SergioLacerda/strategist-skill/internal/install/installer_config.go:146.2,147.16 2 1
github.com/SergioLacerda/strategist-skill/internal/install/installer_config.go:148.3,149.1 1 1
github.com/SergioLacerda/strategist-skill/internal/install/installer_config.go:150.2,151.43 2 1
github.com/SergioLacerda/strategist-skill/internal/install/installer_config.go:152.3,153.1 1 1
github.com/SergioLacerda/strategist-skill/internal/install/installer_config.go:154.2,155.16 2 1
github.com/SergioLacerda/strategist-skill/internal/install/installer_config.go:156.3,157.1 1 0
github.com/SergioLacerda/strategist-skill/internal/install/installer_config.go:158.2,160.65 3 1
github.com/SergioLacerda/strategist-skill/internal/install/installer_config.go:161.3,162.1 1 1
github.com/SergioLacerda/strategist-skill/internal/install/installer_config.go:163.2,163.12 1 1
github.com/SergioLacerda/strategist-skill/internal/install/installer_config.go:167.2,168.16 2 1
github.com/SergioLacerda/strategist-skill/internal/install/installer_config.go:169.3,170.1 1 0
github.com/SergioLacerda/strategist-skill/internal/install/installer_config.go:171.2,172.9 2 1
github.com/SergioLacerda/strategist-skill/internal/install/installer_config.go:173.3,174.1 1 0
github.com/SergioLacerda/strategist-skill/internal/install/installer_config.go:175.2,175.48 1 1
github.com/SergioLacerda/strategist-skill/internal/install/installer_config.go:181.2,181.29 1 1
github.com/SergioLacerda/strategist-skill/internal/install/installer_config.go:182.3,183.1 1 1
github.com/SergioLacerda/strategist-skill/internal/install/installer_config.go:184.2,185.18 2 1
github.com/SergioLacerda/strategist-skill/internal/install/installer_config.go:186.3,186.23 1 1
github.com/SergioLacerda/strategist-skill/internal/install/installer_config.go:186.25,186.69 1 1
github.com/SergioLacerda/strategist-skill/internal/install/installer_config.go:188.2,188.13 1 1
github.com/SergioLacerda/strategist-skill/internal/install/installer_config.go:189.3,190.20 2 1
github.com/SergioLacerda/strategist-skill/internal/install/installer_config.go:191.4,192.1 1 1
github.com/SergioLacerda/strategist-skill/internal/install/installer_config.go:193.3,193.18 1 1
github.com/SergioLacerda/strategist-skill/internal/install/installer_config.go:195.2,196.18 2 1
github.com/SergioLacerda/strategist-skill/internal/install/installer_config.go:197.3,198.1 1 1
github.com/SergioLacerda/strategist-skill/internal/install/installer_config.go:199.2,199.31 1 1
github.com/SergioLacerda/strategist-skill/internal/install/installer_finalize.go:12.2,12.71 1 1
github.com/SergioLacerda/strategist-skill/internal/install/installer_finalize.go:13.3,14.1 1 1
github.com/SergioLacerda/strategist-skill/internal/install/installer_finalize.go:15.2,15.33 1 1
github.com/SergioLacerda/strategist-skill/internal/install/installer_finalize.go:16.3,17.1 1 1
github.com/SergioLacerda/strategist-skill/internal/install/installer_finalize.go:18.2,19.76 2 1
github.com/SergioLacerda/strategist-skill/internal/install/installer_finalize.go:20.3,21.1 1 1
github.com/SergioLacerda/strategist-skill/internal/install/installer_finalize.go:22.2,22.12 1 1
github.com/SergioLacerda/strategist-skill/internal/install/installer_shim_step.go:23.2,26.1 1 1
github.com/SergioLacerda/strategist-skill/internal/install/installer_shim_step.go:30.2,31.1 1 1
github.com/SergioLacerda/strategist-skill/internal/install/installer_shim_step.go:38.2,38.23 1 1
github.com/SergioLacerda/strategist-skill/internal/install/installer_shim_step.go:39.3,39.56 1 1
github.com/SergioLacerda/strategist-skill/internal/install/installer_shim_step.go:40.4,49.1 1 1
github.com/SergioLacerda/strategist-skill/internal/install/installer_shim_step.go:54.2,54.40 1 1
github.com/SergioLacerda/strategist-skill/internal/install/installer_shim_step.go:61.2,61.16 1 1
github.com/SergioLacerda/strategist-skill/internal/install/installer_shim_step.go:62.3,66.1 2 1
github.com/SergioLacerda/strategist-skill/internal/install/installer_shim_step.go:67.2,72.16 3 1
github.com/SergioLacerda/strategist-skill/internal/install/installer_shim_step.go:73.3,74.1 1 1
github.com/SergioLacerda/strategist-skill/internal/install/installer_shim_step.go:75.2,75.56 1 1
github.com/SergioLacerda/strategist-skill/internal/install/installer_shim_step.go:83.2,84.16 2 1
github.com/SergioLacerda/strategist-skill/internal/install/installer_shim_step.go:85.3,86.1 1 1
github.com/SergioLacerda/strategist-skill/internal/install/installer_shim_step.go:87.2,88.16 2 1
github.com/SergioLacerda/strategist-skill/internal/install/installer_shim_step.go:89.3,90.1 1 1
github.com/SergioLacerda/strategist-skill/internal/install/installer_shim_step.go:91.2,91.86 1 1
github.com/SergioLacerda/strategist-skill/internal/install/installer_shim_step.go:92.3,93.1 1 1
github.com/SergioLacerda/strategist-skill/internal/install/installer_shim_step.go:94.2,94.22 1 1
github.com/SergioLacerda/strategist-skill/internal/install/installer_shim_step.go:100.2,101.16 2 1
github.com/SergioLacerda/strategist-skill/internal/install/installer_shim_step.go:102.3,103.1 1 1
github.com/SergioLacerda/strategist-skill/internal/install/installer_shim_step.go:104.2,109.26 2 1
github.com/SergioLacerda/strategist-skill/internal/install/installer_shim_step.go:115.2,116.18 2 1
github.com/SergioLacerda/strategist-skill/internal/install/installer_shim_step.go:117.3,118.17 2 1
github.com/SergioLacerda/strategist-skill/internal/install/installer_shim_step.go:119.4,120.1 1 0
github.com/SergioLacerda/strategist-skill/internal/install/installer_shim_step.go:121.3,121.58 1 1
github.com/SergioLacerda/strategist-skill/internal/install/installer_shim_step.go:123.2,123.28 1 1
github.com/SergioLacerda/strategist-skill/internal/install/installer_shim_step.go:124.3,125.1 1 1
github.com/SergioLacerda/strategist-skill/internal/install/installer_shim_step.go:126.2,126.25 1 1
github.com/SergioLacerda/strategist-skill/internal/install/installer_shim_step.go:127.3,128.1 1 1
github.com/SergioLacerda/strategist-skill/internal/install/installer_shim_step.go:129.2,129.33 1 1
github.com/SergioLacerda/strategist-skill/internal/install/installer_shim_step.go:135.2,135.28 1 1
github.com/SergioLacerda/strategist-skill/internal/install/installer_shim_step.go:136.3,137.1 1 1
github.com/SergioLacerda/strategist-skill/internal/install/installer_shim_step.go:138.2,139.19 2 1
github.com/SergioLacerda/strategist-skill/internal/install/installer_shim_step.go:140.3,142.17 3 1
github.com/SergioLacerda/strategist-skill/internal/install/installer_shim_step.go:143.4,144.1 1 1
github.com/SergioLacerda/strategist-skill/internal/install/installer_shim_step.go:146.2,146.38 1 1
github.com/SergioLacerda/strategist-skill/internal/install/installer_shim_step.go:152.2,152.42 1 1
github.com/SergioLacerda/strategist-skill/internal/install/installer_shim_step.go:153.3,153.83 1 1
github.com/SergioLacerda/strategist-skill/internal/install/installer_shim_step.go:154.4,162.1 1 1
github.com/SergioLacerda/strategist-skill/internal/install/installer_shim_step.go:164.2,169.3 1 1
github.com/SergioLacerda/strategist-skill/internal/install/installer_silent_role_bindings.go:15.2,16.16 2 1
github.com/SergioLacerda/strategist-skill/internal/install/installer_silent_role_bindings.go:17.3,17.25 1 0
github.com/SergioLacerda/strategist-skill/internal/install/installer_silent_role_bindings.go:18.4,19.1 1 0
github.com/SergioLacerda/strategist-skill/internal/install/installer_silent_role_bindings.go:20.3,20.50 1 0
github.com/SergioLacerda/strategist-skill/internal/install/installer_silent_role_bindings.go:22.2,22.42 1 1
github.com/SergioLacerda/strategist-skill/internal/install/installer_silent_role_bindings.go:23.3,24.1 1 1
github.com/SergioLacerda/strategist-skill/internal/install/installer_silent_role_bindings.go:25.2,26.16 2 1
github.com/SergioLacerda/strategist-skill/internal/install/installer_silent_role_bindings.go:27.3,28.1 1 0
github.com/SergioLacerda/strategist-skill/internal/install/installer_silent_role_bindings.go:29.2,30.16 2 1
github.com/SergioLacerda/strategist-skill/internal/install/installer_silent_role_bindings.go:31.3,32.1 1 0
github.com/SergioLacerda/strategist-skill/internal/install/installer_silent_role_bindings.go:33.2,33.70 1 1
github.com/SergioLacerda/strategist-skill/internal/install/installer_silent_role_bindings.go:34.3,35.1 1 0
github.com/SergioLacerda/strategist-skill/internal/install/installer_silent_role_bindings.go:36.2,36.12 1 1
github.com/SergioLacerda/strategist-skill/internal/install/installer_silent_role_bindings.go:40.2,40.44 1 1
github.com/SergioLacerda/strategist-skill/internal/install/installer_silent_role_bindings.go:41.3,41.62 1 1
github.com/SergioLacerda/strategist-skill/internal/install/installer_silent_role_bindings.go:42.4,43.1 1 1
github.com/SergioLacerda/strategist-skill/internal/install/installer_silent_role_bindings.go:45.2,45.14 1 1
github.com/SergioLacerda/strategist-skill/internal/install/installer_silent_role_bindings.go:54.2,55.16 2 1
github.com/SergioLacerda/strategist-skill/internal/install/installer_silent_role_bindings.go:56.3,57.1 1 1
github.com/SergioLacerda/strategist-skill/internal/install/installer_silent_role_bindings.go:58.2,59.16 2 1
github.com/SergioLacerda/strategist-skill/internal/install/installer_silent_role_bindings.go:60.3,61.1 1 0
github.com/SergioLacerda/strategist-skill/internal/install/installer_silent_role_bindings.go:62.2,63.16 2 1
github.com/SergioLacerda/strategist-skill/internal/install/installer_silent_role_bindings.go:64.3,65.1 1 0
github.com/SergioLacerda/strategist-skill/internal/install/installer_silent_role_bindings.go:66.2,67.16 2 1
github.com/SergioLacerda/strategist-skill/internal/install/installer_silent_role_bindings.go:68.3,69.1 1 0
github.com/SergioLacerda/strategist-skill/internal/install/installer_silent_role_bindings.go:70.2,70.71 1 1
github.com/SergioLacerda/strategist-skill/internal/install/installer_silent_role_bindings.go:71.3,72.1 1 0
github.com/SergioLacerda/strategist-skill/internal/install/installer_silent_role_bindings.go:73.2,74.76 2 1
github.com/SergioLacerda/strategist-skill/internal/install/installer_silent_role_bindings.go:75.3,76.1 1 0
github.com/SergioLacerda/strategist-skill/internal/install/installer_silent_role_bindings.go:77.2,77.12 1 1
github.com/SergioLacerda/strategist-skill/internal/install/installer_silent_role_bindings.go:81.2,82.61 2 1
github.com/SergioLacerda/strategist-skill/internal/install/installer_silent_role_bindings.go:83.3,84.1 1 0
github.com/SergioLacerda/strategist-skill/internal/install/installer_silent_role_bindings.go:85.2,89.1 3 1
github.com/SergioLacerda/strategist-skill/internal/install/installer_silent_role_bindings.go:90.2,91.16 3 1
github.com/SergioLacerda/strategist-skill/internal/install/installer_silent_role_bindings.go:92.3,93.1 1 1
github.com/SergioLacerda/strategist-skill/internal/install/installer_silent_role_bindings.go:94.2,95.16 2 1
github.com/SergioLacerda/strategist-skill/internal/install/installer_silent_role_bindings.go:96.3,97.1 1 1
github.com/SergioLacerda/strategist-skill/internal/install/installer_silent_role_bindings.go:98.2,98.34 1 1
github.com/SergioLacerda/strategist-skill/internal/install/installer_silent_role_bindings.go:102.2,102.33 1 1
github.com/SergioLacerda/strategist-skill/internal/install/installer_silent_role_bindings.go:103.3,104.1 1 0
github.com/SergioLacerda/strategist-skill/internal/install/installer_silent_role_bindings.go:105.2,105.69 1 1
github.com/SergioLacerda/strategist-skill/internal/install/installer_silent_role_bindings.go:106.3,107.1 1 0
github.com/SergioLacerda/strategist-skill/internal/install/installer_silent_role_bindings.go:108.2,108.12 1 1
github.com/SergioLacerda/strategist-skill/internal/install/merge_extract.go:28.2,33.16 3 1
github.com/SergioLacerda/strategist-skill/internal/install/merge_extract.go:34.3,35.1 1 1
github.com/SergioLacerda/strategist-skill/internal/install/merge_extract.go:36.2,36.76 1 1
github.com/SergioLacerda/strategist-skill/internal/install/merge_extract.go:37.3,38.1 1 1
github.com/SergioLacerda/strategist-skill/internal/install/merge_extract.go:39.2,39.60 1 1
github.com/SergioLacerda/strategist-skill/internal/install/merge_extract.go:73.2,73.21 1 1
github.com/SergioLacerda/strategist-skill/internal/install/merge_extract.go:74.3,75.1 1 1
github.com/SergioLacerda/strategist-skill/internal/install/merge_extract.go:76.2,76.58 1 1
github.com/SergioLacerda/strategist-skill/internal/install/merge_extract.go:80.2,80.66 1 1
github.com/SergioLacerda/strategist-skill/internal/install/merge_extract.go:81.3,82.1 1 1
github.com/SergioLacerda/strategist-skill/internal/install/merge_extract.go:83.2,83.21 1 1
github.com/SergioLacerda/strategist-skill/internal/install/merge_extract.go:87.2,88.16 2 1
github.com/SergioLacerda/strategist-skill/internal/install/merge_extract.go:89.3,90.1 1 1
github.com/SergioLacerda/strategist-skill/internal/install/merge_extract.go:103.2,105.23 3 1
github.com/SergioLacerda/strategist-skill/internal/install/merge_extract.go:106.3,107.17 2 1
github.com/SergioLacerda/strategist-skill/internal/install/merge_extract.go:108.4,109.1 1 0
github.com/SergioLacerda/strategist-skill/internal/install/merge_extract.go:111.2,111.68 1 1
github.com/SergioLacerda/strategist-skill/internal/install/merge_extract.go:112.3,113.1 1 0
github.com/SergioLacerda/strategist-skill/internal/install/merge_extract.go:115.2,115.44 1 1
github.com/SergioLacerda/strategist-skill/internal/install/merge_extract.go:119.2,119.29 1 1
github.com/SergioLacerda/strategist-skill/internal/install/merge_extract.go:120.3,120.65 1 1
github.com/SergioLacerda/strategist-skill/internal/install/merge_extract.go:121.4,122.1 1 0
github.com/SergioLacerda/strategist-skill/internal/install/merge_extract.go:124.2,124.12 1 1
github.com/SergioLacerda/strategist-skill/internal/install/merge_extract.go:136.2,137.23 2 1
github.com/SergioLacerda/strategist-skill/internal/install/merge_extract.go:138.3,139.1 1 1
github.com/SergioLacerda/strategist-skill/internal/install/merge_extract.go:140.3,141.1 1 1
github.com/SergioLacerda/strategist-skill/internal/install/merge_extract.go:142.2,144.17 3 1
github.com/SergioLacerda/strategist-skill/internal/install/mission_id.go:17.2,19.40 3 1
github.com/SergioLacerda/strategist-skill/internal/install/mission_id.go:20.3,21.1 1 1
github.com/SergioLacerda/strategist-skill/internal/install/mission_id.go:23.2,25.1 3 1
github.com/SergioLacerda/strategist-skill/internal/install/mission_id.go:26.2,26.18 3 1
github.com/SergioLacerda/strategist-skill/internal/install/mission_id.go:30.2,32.25 3 1
github.com/SergioLacerda/strategist-skill/internal/install/mission_id.go:33.3,33.10 1 1
github.com/SergioLacerda/strategist-skill/internal/install/mission_id.go:35.4,35.18 1 1
github.com/SergioLacerda/strategist-skill/internal/install/mission_id.go:37.4,37.20 1 1
github.com/SergioLacerda/strategist-skill/internal/install/mission_id.go:40.2,40.38 1 1
github.com/SergioLacerda/strategist-skill/internal/install/mission_id.go:44.2,45.1 1 1
github.com/SergioLacerda/strategist-skill/internal/install/mission_id.go:48.2,49.1 1 1
github.com/SergioLacerda/strategist-skill/internal/install/mission_id.go:54.2,54.58 1 1
github.com/SergioLacerda/strategist-skill/internal/install/mission_id.go:55.3,55.31 1 1
github.com/SergioLacerda/strategist-skill/internal/install/mission_id.go:56.4,57.1 1 1
github.com/SergioLacerda/strategist-skill/internal/install/mission_id.go:59.2,59.14 1 1
github.com/SergioLacerda/strategist-skill/internal/install/mission_id.go:63.2,67.1 1 1
github.com/SergioLacerda/strategist-skill/internal/install/mission_id.go:71.2,72.16 2 1
github.com/SergioLacerda/strategist-skill/internal/install/mission_id.go:73.3,74.1 1 1
github.com/SergioLacerda/strategist-skill/internal/install/mission_id.go:75.2,75.32 1 1
github.com/SergioLacerda/strategist-skill/internal/install/mission_id.go:76.3,76.30 1 1
github.com/SergioLacerda/strategist-skill/internal/install/mission_id.go:77.4,78.1 1 1
github.com/SergioLacerda/strategist-skill/internal/install/mission_id.go:80.2,80.14 1 1
github.com/SergioLacerda/strategist-skill/internal/install/paths.go:50.2,51.1 1 1
github.com/SergioLacerda/strategist-skill/internal/install/plugin_catalog.go:114.2,115.16 2 1
github.com/SergioLacerda/strategist-skill/internal/install/plugin_catalog.go:116.3,117.1 1 1
github.com/SergioLacerda/strategist-skill/internal/install/plugin_catalog.go:118.2,118.32 1 1
github.com/SergioLacerda/strategist-skill/internal/install/plugin_catalog.go:122.2,122.19 1 1
github.com/SergioLacerda/strategist-skill/internal/install/plugin_catalog.go:123.3,124.1 1 1
github.com/SergioLacerda/strategist-skill/internal/install/plugin_catalog.go:125.2,125.43 1 1
github.com/SergioLacerda/strategist-skill/internal/install/plugin_catalog.go:126.3,127.1 1 1
github.com/SergioLacerda/strategist-skill/internal/install/plugin_catalog.go:128.2,128.12 1 1
github.com/SergioLacerda/strategist-skill/internal/install/plugin_catalog.go:137.2,138.55 2 1
github.com/SergioLacerda/strategist-skill/internal/install/plugin_catalog.go:139.3,140.1 1 1
github.com/SergioLacerda/strategist-skill/internal/install/plugin_catalog.go:141.2,141.76 1 1
github.com/SergioLacerda/strategist-skill/internal/install/plugin_catalog.go:142.3,143.1 1 1
github.com/SergioLacerda/strategist-skill/internal/install/plugin_catalog.go:144.2,144.55 1 1
github.com/SergioLacerda/strategist-skill/internal/install/plugin_catalog.go:145.3,146.1 1 1
github.com/SergioLacerda/strategist-skill/internal/install/plugin_catalog.go:147.2,147.21 1 1
github.com/SergioLacerda/strategist-skill/internal/install/plugin_catalog.go:151.2,151.33 1 1
github.com/SergioLacerda/strategist-skill/internal/install/plugin_catalog.go:152.3,153.1 1 1
github.com/SergioLacerda/strategist-skill/internal/install/plugin_catalog.go:154.2,154.45 1 1
github.com/SergioLacerda/strategist-skill/internal/install/plugin_catalog.go:155.3,155.59 1 1
github.com/SergioLacerda/strategist-skill/internal/install/plugin_catalog.go:156.4,157.1 1 1
github.com/SergioLacerda/strategist-skill/internal/install/plugin_catalog.go:159.2,159.69 1 1
github.com/SergioLacerda/strategist-skill/internal/install/plugin_catalog.go:160.3,161.1 1 1
github.com/SergioLacerda/strategist-skill/internal/install/plugin_catalog.go:162.2,162.51 1 1
github.com/SergioLacerda/strategist-skill/internal/install/plugin_catalog.go:166.2,167.45 2 1
github.com/SergioLacerda/strategist-skill/internal/install/plugin_catalog.go:168.3,169.1 1 1
github.com/SergioLacerda/strategist-skill/internal/install/plugin_catalog.go:170.2,170.18 1 1
github.com/SergioLacerda/strategist-skill/internal/install/plugin_catalog_dependencies.go:23.2,24.1 1 1
github.com/SergioLacerda/strategist-skill/internal/install/plugin_catalog_dependencies.go:32.2,33.45 2 1
github.com/SergioLacerda/strategist-skill/internal/install/plugin_catalog_dependencies.go:34.3,35.1 1 1
github.com/SergioLacerda/strategist-skill/internal/install/plugin_catalog_dependencies.go:37.2,38.45 2 1
github.com/SergioLacerda/strategist-skill/internal/install/plugin_catalog_dependencies.go:39.3,41.1 2 1
github.com/SergioLacerda/strategist-skill/internal/install/plugin_catalog_dependencies.go:42.2,42.45 1 1
github.com/SergioLacerda/strategist-skill/internal/install/plugin_catalog_dependencies.go:43.3,43.59 1 0
github.com/SergioLacerda/strategist-skill/internal/install/plugin_catalog_dependencies.go:44.4,45.1 1 0
github.com/SergioLacerda/strategist-skill/internal/install/plugin_catalog_dependencies.go:46.3,46.65 1 0
github.com/SergioLacerda/strategist-skill/internal/install/plugin_catalog_dependencies.go:48.2,48.19 1 1
github.com/SergioLacerda/strategist-skill/internal/install/plugin_catalog_dependencies.go:52.2,53.49 2 1
github.com/SergioLacerda/strategist-skill/internal/install/plugin_catalog_dependencies.go:54.3,54.21 1 1
github.com/SergioLacerda/strategist-skill/internal/install/plugin_catalog_dependencies.go:55.4,56.1 1 1
github.com/SergioLacerda/strategist-skill/internal/install/plugin_catalog_dependencies.go:58.2,58.19 1 1
github.com/SergioLacerda/strategist-skill/internal/install/plugin_catalog_dependencies.go:62.2,63.44 2 1
github.com/SergioLacerda/strategist-skill/internal/install/plugin_catalog_dependencies.go:64.3,64.36 1 1
github.com/SergioLacerda/strategist-skill/internal/install/plugin_catalog_dependencies.go:65.4,65.12 1 1
github.com/SergioLacerda/strategist-skill/internal/install/plugin_catalog_dependencies.go:67.3,67.126 1 1
github.com/SergioLacerda/strategist-skill/internal/install/plugin_catalog_dependencies.go:69.2,69.19 1 1
github.com/SergioLacerda/strategist-skill/internal/install/plugin_catalog_digest.go:14.2,18.44 5 1
github.com/SergioLacerda/strategist-skill/internal/install/plugin_catalog_digest.go:19.3,20.1 1 1
github.com/SergioLacerda/strategist-skill/internal/install/plugin_catalog_digest.go:21.2,21.37 1 1
github.com/SergioLacerda/strategist-skill/internal/install/plugin_catalog_digest.go:22.3,23.1 1 1
github.com/SergioLacerda/strategist-skill/internal/install/plugin_catalog_digest.go:24.2,24.20 1 1
github.com/SergioLacerda/strategist-skill/internal/install/plugin_catalog_digest.go:28.2,29.44 2 1
github.com/SergioLacerda/strategist-skill/internal/install/plugin_catalog_digest.go:30.3,31.1 1 1
github.com/SergioLacerda/strategist-skill/internal/install/plugin_catalog_digest.go:32.2,33.37 2 1
github.com/SergioLacerda/strategist-skill/internal/install/plugin_catalog_digest.go:34.3,41.1 1 1
github.com/SergioLacerda/strategist-skill/internal/install/plugin_catalog_digest.go:42.2,42.19 1 1
github.com/SergioLacerda/strategist-skill/internal/install/plugin_catalog_digest.go:46.2,46.34 1 1
github.com/SergioLacerda/strategist-skill/internal/install/plugin_catalog_digest.go:47.3,48.1 1 1
github.com/SergioLacerda/strategist-skill/internal/install/plugin_catalog_digest.go:49.2,49.26 1 1
github.com/SergioLacerda/strategist-skill/internal/install/plugin_catalog_digest.go:50.3,50.155 1 1
github.com/SergioLacerda/strategist-skill/internal/install/plugin_catalog_digest.go:51.4,53.1 2 1
github.com/SergioLacerda/strategist-skill/internal/install/plugin_catalog_digest.go:55.2,66.38 12 1
github.com/SergioLacerda/strategist-skill/internal/install/plugin_catalog_digest.go:70.2,71.35 2 1
github.com/SergioLacerda/strategist-skill/internal/install/plugin_catalog_digest.go:72.3,79.1 1 0
github.com/SergioLacerda/strategist-skill/internal/install/plugin_catalog_digest.go:80.2,80.12 1 1
github.com/SergioLacerda/strategist-skill/internal/install/plugin_catalog_digest.go:84.2,84.19 1 1
github.com/SergioLacerda/strategist-skill/internal/install/plugin_catalog_digest.go:85.3,86.1 1 1
github.com/SergioLacerda/strategist-skill/internal/install/plugin_catalog_digest.go:87.2,87.16 1 1
github.com/SergioLacerda/strategist-skill/internal/install/plugin_catalog_identity.go:15.2,16.1 1 1
github.com/SergioLacerda/strategist-skill/internal/install/plugin_catalog_identity.go:20.2,21.1 1 1
github.com/SergioLacerda/strategist-skill/internal/install/plugin_catalog_identity.go:27.2,29.45 3 1
github.com/SergioLacerda/strategist-skill/internal/install/plugin_catalog_identity.go:30.3,30.32 1 1
github.com/SergioLacerda/strategist-skill/internal/install/plugin_catalog_identity.go:31.4,33.1 2 1
github.com/SergioLacerda/strategist-skill/internal/install/plugin_catalog_identity.go:35.2,35.26 1 1
github.com/SergioLacerda/strategist-skill/internal/install/plugin_catalog_identity.go:41.2,41.19 1 1
github.com/SergioLacerda/strategist-skill/internal/install/plugin_catalog_identity.go:42.3,43.1 1 1
github.com/SergioLacerda/strategist-skill/internal/install/plugin_catalog_identity.go:44.2,44.45 1 1
github.com/SergioLacerda/strategist-skill/internal/install/plugin_catalog_identity.go:45.3,45.89 1 1
github.com/SergioLacerda/strategist-skill/internal/install/plugin_catalog_identity.go:46.4,47.1 1 1
github.com/SergioLacerda/strategist-skill/internal/install/plugin_catalog_identity.go:49.2,49.39 1 1
github.com/SergioLacerda/strategist-skill/internal/install/plugin_catalog_identity.go:54.2,55.45 2 1
github.com/SergioLacerda/strategist-skill/internal/install/plugin_catalog_identity.go:56.3,56.32 1 1
github.com/SergioLacerda/strategist-skill/internal/install/plugin_catalog_identity.go:57.4,58.1 1 1
github.com/SergioLacerda/strategist-skill/internal/install/plugin_catalog_identity.go:60.2,60.43 1 1
github.com/SergioLacerda/strategist-skill/internal/install/plugin_catalog_identity.go:60.45,60.112 1 1
github.com/SergioLacerda/strategist-skill/internal/install/plugin_catalog_identity.go:61.2,61.17 1 1
github.com/SergioLacerda/strategist-skill/internal/install/plugin_catalog_identity.go:66.2,67.37 2 1
github.com/SergioLacerda/strategist-skill/internal/install/plugin_catalog_identity.go:68.3,69.48 2 1
github.com/SergioLacerda/strategist-skill/internal/install/plugin_catalog_identity.go:70.4,71.1 1 1
github.com/SergioLacerda/strategist-skill/internal/install/plugin_catalog_identity.go:72.3,72.30 1 1
github.com/SergioLacerda/strategist-skill/internal/install/plugin_catalog_identity.go:74.2,74.12 1 1
github.com/SergioLacerda/strategist-skill/internal/install/plugin_catalog_identity.go:79.2,80.1 1 1
github.com/SergioLacerda/strategist-skill/internal/install/plugin_catalog_identity.go:84.2,85.1 1 1
github.com/SergioLacerda/strategist-skill/internal/install/plugin_catalog_identity.go:88.2,88.44 1 1
github.com/SergioLacerda/strategist-skill/internal/install/plugin_catalog_identity.go:89.3,89.41 1 1
github.com/SergioLacerda/strategist-skill/internal/install/plugin_catalog_identity.go:90.4,91.1 1 1
github.com/SergioLacerda/strategist-skill/internal/install/plugin_catalog_identity.go:92.3,92.138 1 1
github.com/SergioLacerda/strategist-skill/internal/install/plugin_catalog_identity.go:101.2,101.59 1 1
github.com/SergioLacerda/strategist-skill/internal/install/plugin_catalog_identity.go:102.3,103.1 1 1
github.com/SergioLacerda/strategist-skill/internal/install/plugin_catalog_identity.go:104.2,105.19 2 1
github.com/SergioLacerda/strategist-skill/internal/install/plugin_catalog_identity.go:106.3,107.1 1 1
github.com/SergioLacerda/strategist-skill/internal/install/plugin_catalog_identity.go:108.2,108.57 1 1
github.com/SergioLacerda/strategist-skill/internal/install/plugin_catalog_identity.go:114.2,116.23 3 1
github.com/SergioLacerda/strategist-skill/internal/install/plugin_catalog_identity.go:117.3,118.1 1 1
github.com/SergioLacerda/strategist-skill/internal/install/plugin_catalog_identity.go:119.2,120.35 2 1
github.com/SergioLacerda/strategist-skill/internal/install/plugin_catalog_identity.go:121.3,122.1 1 1
github.com/SergioLacerda/strategist-skill/internal/install/plugin_catalog_identity.go:123.2,123.114 1 1
github.com/SergioLacerda/strategist-skill/internal/install/plugin_catalog_identity.go:130.2,131.45 2 1
github.com/SergioLacerda/strategist-skill/internal/install/plugin_catalog_identity.go:132.3,132.25 1 1
github.com/SergioLacerda/strategist-skill/internal/install/plugin_catalog_identity.go:133.4,134.1 1 1
github.com/SergioLacerda/strategist-skill/internal/install/plugin_catalog_identity.go:135.3,135.100 1 1
github.com/SergioLacerda/strategist-skill/internal/install/plugin_catalog_identity.go:136.4,137.1 1 1
github.com/SergioLacerda/strategist-skill/internal/install/plugin_catalog_identity.go:139.2,139.14 1 1
github.com/SergioLacerda/strategist-skill/internal/install/plugin_catalog_legacy.go:15.2,16.1 1 1
github.com/SergioLacerda/strategist-skill/internal/install/plugin_catalog_legacy.go:23.2,24.9 2 1
github.com/SergioLacerda/strategist-skill/internal/install/plugin_catalog_legacy.go:25.3,26.1 1 0
github.com/SergioLacerda/strategist-skill/internal/install/plugin_catalog_legacy.go:27.2,27.51 1 1
github.com/SergioLacerda/strategist-skill/internal/install/plugin_catalog_legacy.go:33.2,34.9 2 1
github.com/SergioLacerda/strategist-skill/internal/install/plugin_catalog_legacy.go:35.3,36.1 1 1
github.com/SergioLacerda/strategist-skill/internal/install/plugin_catalog_legacy.go:37.2,37.51 1 1
github.com/SergioLacerda/strategist-skill/internal/install/plugin_catalog_legacy.go:41.2,56.1 15 1
github.com/SergioLacerda/strategist-skill/internal/install/plugin_catalog_legacy.go:59.2,59.36 1 1
github.com/SergioLacerda/strategist-skill/internal/install/plugin_catalog_legacy.go:60.3,61.1 1 1
github.com/SergioLacerda/strategist-skill/internal/install/plugin_catalog_legacy.go:62.2,63.30 2 1
github.com/SergioLacerda/strategist-skill/internal/install/plugin_catalog_legacy.go:64.3,65.1 1 1
github.com/SergioLacerda/strategist-skill/internal/install/plugin_catalog_legacy.go:66.2,66.34 1 1
github.com/SergioLacerda/strategist-skill/internal/install/plugin_catalog_legacy.go:67.3,68.1 1 1
github.com/SergioLacerda/strategist-skill/internal/install/plugin_catalog_legacy.go:69.2,69.39 1 1
github.com/SergioLacerda/strategist-skill/internal/install/plugin_catalog_legacy.go:70.3,71.1 1 1
github.com/SergioLacerda/strategist-skill/internal/install/plugin_catalog_legacy.go:72.2,72.40 1 1
github.com/SergioLacerda/strategist-skill/internal/install/plugin_catalog_legacy.go:73.3,74.1 1 1
github.com/SergioLacerda/strategist-skill/internal/install/plugin_catalog_legacy.go:75.2,75.39 1 1
github.com/SergioLacerda/strategist-skill/internal/install/plugin_catalog_legacy.go:76.3,77.1 1 1
github.com/SergioLacerda/strategist-skill/internal/install/plugin_catalog_legacy.go:81.2,81.21 1 1
github.com/SergioLacerda/strategist-skill/internal/install/plugin_catalog_legacy.go:82.3,83.1 1 1
github.com/SergioLacerda/strategist-skill/internal/install/plugin_catalog_legacy.go:84.2,85.29 2 1
github.com/SergioLacerda/strategist-skill/internal/install/plugin_catalog_legacy.go:86.3,87.1 1 1
github.com/SergioLacerda/strategist-skill/internal/install/plugin_catalog_legacy.go:91.2,91.23 1 1
github.com/SergioLacerda/strategist-skill/internal/install/plugin_catalog_legacy.go:92.3,93.1 1 1
github.com/SergioLacerda/strategist-skill/internal/install/plugin_catalog_legacy.go:97.2,98.56 2 1
github.com/SergioLacerda/strategist-skill/internal/install/plugin_catalog_legacy.go:99.3,99.36 1 1
github.com/SergioLacerda/strategist-skill/internal/install/plugin_catalog_legacy.go:100.4,101.12 2 1
github.com/SergioLacerda/strategist-skill/internal/install/plugin_catalog_legacy.go:103.3,103.38 1 1
github.com/SergioLacerda/strategist-skill/internal/install/plugin_catalog_legacy.go:108.2,108.21 1 1
github.com/SergioLacerda/strategist-skill/internal/install/plugin_catalog_legacy.go:109.3,110.1 1 1
github.com/SergioLacerda/strategist-skill/internal/install/plugin_catalog_legacy.go:111.2,112.29 2 0
github.com/SergioLacerda/strategist-skill/internal/install/plugin_catalog_legacy.go:113.3,114.1 1 0
github.com/SergioLacerda/strategist-skill/internal/install/plugin_catalog_legacy.go:118.2,119.1 1 1
github.com/SergioLacerda/strategist-skill/internal/install/plugin_catalog_legacy.go:122.2,123.1 1 1
github.com/SergioLacerda/strategist-skill/internal/install/plugin_catalog_resolve.go:13.2,14.45 2 1
github.com/SergioLacerda/strategist-skill/internal/install/plugin_catalog_resolve.go:15.3,15.27 1 1
github.com/SergioLacerda/strategist-skill/internal/install/plugin_catalog_resolve.go:16.4,17.1 1 1
github.com/SergioLacerda/strategist-skill/internal/install/plugin_catalog_resolve.go:19.2,19.20 1 1
github.com/SergioLacerda/strategist-skill/internal/install/plugin_catalog_resolve.go:38.2,39.16 2 1
github.com/SergioLacerda/strategist-skill/internal/install/plugin_catalog_resolve.go:40.3,41.1 1 1
github.com/SergioLacerda/strategist-skill/internal/install/plugin_catalog_resolve.go:42.2,43.27 2 1
github.com/SergioLacerda/strategist-skill/internal/install/plugin_catalog_resolve.go:44.3,45.1 1 0
github.com/SergioLacerda/strategist-skill/internal/install/plugin_catalog_resolve.go:46.2,46.25 1 1
github.com/SergioLacerda/strategist-skill/internal/install/plugin_catalog_validate.go:10.2,11.45 2 1
github.com/SergioLacerda/strategist-skill/internal/install/plugin_catalog_validate.go:12.3,13.1 1 1
github.com/SergioLacerda/strategist-skill/internal/install/plugin_catalog_validate.go:14.2,14.43 1 1
github.com/SergioLacerda/strategist-skill/internal/install/plugin_catalog_validate.go:15.3,15.77 1 1
github.com/SergioLacerda/strategist-skill/internal/install/plugin_catalog_validate.go:16.4,16.12 1 1
github.com/SergioLacerda/strategist-skill/internal/install/plugin_catalog_validate.go:18.3,18.66 1 1
github.com/SergioLacerda/strategist-skill/internal/install/plugin_catalog_validate.go:19.4,20.1 1 0
github.com/SergioLacerda/strategist-skill/internal/install/plugin_catalog_validate.go:22.2,22.12 1 1
github.com/SergioLacerda/strategist-skill/internal/install/plugin_catalog_validate.go:26.2,26.58 1 1
github.com/SergioLacerda/strategist-skill/internal/install/plugin_catalog_validate.go:27.3,28.10 2 1
github.com/SergioLacerda/strategist-skill/internal/install/plugin_catalog_validate.go:29.4,30.1 1 0
github.com/SergioLacerda/strategist-skill/internal/install/plugin_catalog_validate.go:31.3,31.65 1 1
github.com/SergioLacerda/strategist-skill/internal/install/plugin_catalog_validate.go:32.4,33.1 1 0
github.com/SergioLacerda/strategist-skill/internal/install/plugin_catalog_validate.go:35.2,35.12 1 1
github.com/SergioLacerda/strategist-skill/internal/install/plugin_catalog_validate.go:39.2,39.62 1 1
github.com/SergioLacerda/strategist-skill/internal/install/plugin_catalog_validate.go:40.3,41.1 1 0
github.com/SergioLacerda/strategist-skill/internal/install/plugin_catalog_validate.go:42.2,42.62 1 1
github.com/SergioLacerda/strategist-skill/internal/install/plugin_catalog_validate.go:43.3,44.1 1 0
github.com/SergioLacerda/strategist-skill/internal/install/plugin_catalog_validate.go:45.2,45.45 1 1
github.com/SergioLacerda/strategist-skill/internal/install/plugin_catalog_validate.go:46.3,46.56 1 1
github.com/SergioLacerda/strategist-skill/internal/install/plugin_catalog_validate.go:47.4,48.1 1 0
github.com/SergioLacerda/strategist-skill/internal/install/plugin_catalog_validate.go:50.2,50.12 1 1
github.com/SergioLacerda/strategist-skill/internal/install/plugin_catalog_validate.go:54.2,54.45 1 1
github.com/SergioLacerda/strategist-skill/internal/install/plugin_catalog_validate.go:55.3,55.36 1 1
github.com/SergioLacerda/strategist-skill/internal/install/plugin_catalog_validate.go:56.4,57.1 1 0
github.com/SergioLacerda/strategist-skill/internal/install/plugin_catalog_validate.go:59.2,59.12 1 1
github.com/SergioLacerda/strategist-skill/internal/install/plugin_catalog_validate.go:63.2,63.45 1 1
github.com/SergioLacerda/strategist-skill/internal/install/plugin_catalog_validate.go:64.3,64.57 1 1
github.com/SergioLacerda/strategist-skill/internal/install/plugin_catalog_validate.go:65.4,66.1 1 0
github.com/SergioLacerda/strategist-skill/internal/install/plugin_catalog_validate.go:68.2,68.12 1 1
github.com/SergioLacerda/strategist-skill/internal/install/plugin_catalog_validate.go:72.2,72.31 1 1
github.com/SergioLacerda/strategist-skill/internal/install/plugin_catalog_validate.go:73.3,73.22 1 1
github.com/SergioLacerda/strategist-skill/internal/install/plugin_catalog_validate.go:74.4,75.1 1 1
github.com/SergioLacerda/strategist-skill/internal/install/plugin_catalog_validate.go:77.2,77.14 1 0
github.com/SergioLacerda/strategist-skill/internal/install/plugin_catalog_validate.go:81.2,81.51 1 1
github.com/SergioLacerda/strategist-skill/internal/install/plugin_catalog_validate.go:82.3,83.1 1 1
github.com/SergioLacerda/strategist-skill/internal/install/plugin_catalog_validate.go:84.2,84.85 1 1
github.com/SergioLacerda/strategist-skill/internal/install/plugin_catalog_validate.go:85.3,85.62 1 1
github.com/SergioLacerda/strategist-skill/internal/install/plugin_catalog_validate.go:86.4,87.1 1 1
github.com/SergioLacerda/strategist-skill/internal/install/plugin_catalog_validate.go:89.2,89.59 1 1
github.com/SergioLacerda/strategist-skill/internal/install/plugin_catalog_validate.go:90.3,91.1 1 0
github.com/SergioLacerda/strategist-skill/internal/install/plugin_catalog_validate.go:92.2,92.38 1 1
github.com/SergioLacerda/strategist-skill/internal/install/plugin_catalog_validate.go:93.3,94.1 1 1
github.com/SergioLacerda/strategist-skill/internal/install/plugin_catalog_validate.go:95.2,95.12 1 1
github.com/SergioLacerda/strategist-skill/internal/install/plugin_catalog_validate.go:101.2,102.1 1 1
github.com/SergioLacerda/strategist-skill/internal/install/plugin_catalog_validate.go:109.2,109.25 1 1
github.com/SergioLacerda/strategist-skill/internal/install/plugin_catalog_validate.go:110.3,111.1 1 1
github.com/SergioLacerda/strategist-skill/internal/install/plugin_catalog_validate.go:112.2,112.39 1 1
github.com/SergioLacerda/strategist-skill/internal/install/plugin_catalog_validate.go:113.3,114.1 1 0
github.com/SergioLacerda/strategist-skill/internal/install/plugin_catalog_validate.go:115.2,115.75 1 1
github.com/SergioLacerda/strategist-skill/internal/install/plugin_catalog_validate.go:116.3,117.1 1 1
github.com/SergioLacerda/strategist-skill/internal/install/plugin_catalog_validate.go:118.2,118.12 1 1
github.com/SergioLacerda/strategist-skill/internal/install/plugin_catalog_validate.go:122.2,126.1 2 1
github.com/SergioLacerda/strategist-skill/internal/install/plugin_catalog_validate.go:127.2,127.28 2 1
github.com/SergioLacerda/strategist-skill/internal/install/plugin_catalog_validate.go:128.3,129.1 1 0
github.com/SergioLacerda/strategist-skill/internal/install/plugin_catalog_validate.go:130.2,130.62 1 1
github.com/SergioLacerda/strategist-skill/internal/install/plugin_catalog_validate.go:131.3,132.1 1 0
github.com/SergioLacerda/strategist-skill/internal/install/plugin_catalog_validate.go:133.2,133.17 1 1
github.com/SergioLacerda/strategist-skill/internal/install/plugin_lock_file.go:28.2,30.16 3 1
github.com/SergioLacerda/strategist-skill/internal/install/plugin_lock_file.go:31.3,31.37 1 1
github.com/SergioLacerda/strategist-skill/internal/install/plugin_lock_file.go:32.4,33.1 1 1
github.com/SergioLacerda/strategist-skill/internal/install/plugin_lock_file.go:34.3,34.85 1 0
github.com/SergioLacerda/strategist-skill/internal/install/plugin_lock_file.go:36.2,37.49 2 1
github.com/SergioLacerda/strategist-skill/internal/install/plugin_lock_file.go:38.3,39.1 1 1
github.com/SergioLacerda/strategist-skill/internal/install/plugin_lock_file.go:40.2,40.15 1 1
github.com/SergioLacerda/strategist-skill/internal/install/plugin_lock_file.go:45.2,47.16 3 1
github.com/SergioLacerda/strategist-skill/internal/install/plugin_lock_file.go:48.3,49.1 1 0
github.com/SergioLacerda/strategist-skill/internal/install/plugin_lock_file.go:50.2,51.59 2 1
github.com/SergioLacerda/strategist-skill/internal/install/plugin_lock_file.go:52.3,53.1 1 1
github.com/SergioLacerda/strategist-skill/internal/install/plugin_lock_file.go:54.2,54.12 1 1
github.com/SergioLacerda/strategist-skill/internal/install/plugin_onboarding.go:40.2,41.1 1 1
github.com/SergioLacerda/strategist-skill/internal/install/plugin_onboarding.go:44.2,45.16 2 1
github.com/SergioLacerda/strategist-skill/internal/install/plugin_onboarding.go:46.3,47.1 1 0
github.com/SergioLacerda/strategist-skill/internal/install/plugin_onboarding.go:48.2,49.16 2 1
github.com/SergioLacerda/strategist-skill/internal/install/plugin_onboarding.go:50.3,51.1 1 1
github.com/SergioLacerda/strategist-skill/internal/install/plugin_onboarding.go:53.2,54.16 2 1
github.com/SergioLacerda/strategist-skill/internal/install/plugin_onboarding.go:55.3,56.1 1 0
github.com/SergioLacerda/strategist-skill/internal/install/plugin_onboarding.go:57.2,59.16 3 1
github.com/SergioLacerda/strategist-skill/internal/install/plugin_onboarding.go:60.3,61.1 1 0
github.com/SergioLacerda/strategist-skill/internal/install/plugin_onboarding.go:62.2,63.1 3 1
github.com/SergioLacerda/strategist-skill/internal/install/plugin_onboarding.go:64.2,65.16 3 1
github.com/SergioLacerda/strategist-skill/internal/install/plugin_onboarding.go:66.3,67.1 1 0
github.com/SergioLacerda/strategist-skill/internal/install/plugin_onboarding.go:68.2,71.1 4 1
github.com/SergioLacerda/strategist-skill/internal/install/plugin_onboarding.go:72.2,81.8 4 1
github.com/SergioLacerda/strategist-skill/internal/install/plugin_onboarding.go:85.2,86.46 2 1
github.com/SergioLacerda/strategist-skill/internal/install/plugin_onboarding.go:87.3,88.21 2 1
github.com/SergioLacerda/strategist-skill/internal/install/plugin_onboarding.go:89.4,90.1 1 1
github.com/SergioLacerda/strategist-skill/internal/install/plugin_onboarding.go:91.3,92.10 2 1
github.com/SergioLacerda/strategist-skill/internal/install/plugin_onboarding.go:93.4,94.1 1 1
github.com/SergioLacerda/strategist-skill/internal/install/plugin_onboarding.go:97.3,97.158 1 1
github.com/SergioLacerda/strategist-skill/internal/install/plugin_onboarding.go:99.2,99.26 1 1
github.com/SergioLacerda/strategist-skill/internal/install/plugin_onboarding.go:103.2,103.42 1 1
github.com/SergioLacerda/strategist-skill/internal/install/plugin_onboarding.go:104.3,104.34 1 1
github.com/SergioLacerda/strategist-skill/internal/install/plugin_onboarding.go:105.4,106.1 1 1
github.com/SergioLacerda/strategist-skill/internal/install/plugin_onboarding.go:108.2,108.14 1 1
github.com/SergioLacerda/strategist-skill/internal/install/plugin_onboarding.go:118.2,118.28 1 1
github.com/SergioLacerda/strategist-skill/internal/install/plugin_onboarding.go:119.3,121.35 3 1
github.com/SergioLacerda/strategist-skill/internal/install/plugin_onboarding.go:122.4,123.1 1 1
github.com/SergioLacerda/strategist-skill/internal/install/plugin_onboarding.go:124.3,124.31 1 1
github.com/SergioLacerda/strategist-skill/internal/install/plugin_onboarding.go:129.2,134.35 6 1
github.com/SergioLacerda/strategist-skill/internal/install/plugin_onboarding.go:135.3,137.1 2 1
github.com/SergioLacerda/strategist-skill/internal/install/plugin_onboarding.go:138.2,138.19 1 1
github.com/SergioLacerda/strategist-skill/internal/install/plugin_onboarding.go:142.2,143.40 2 1
github.com/SergioLacerda/strategist-skill/internal/install/plugin_onboarding.go:144.3,144.67 1 1
github.com/SergioLacerda/strategist-skill/internal/install/plugin_onboarding.go:145.4,146.1 1 1
github.com/SergioLacerda/strategist-skill/internal/install/plugin_onboarding.go:148.2,148.12 1 1
github.com/SergioLacerda/strategist-skill/internal/install/plugin_onboarding.go:152.2,156.1 1 1
github.com/SergioLacerda/strategist-skill/internal/install/plugin_onboarding.go:160.2,164.1 1 1
github.com/SergioLacerda/strategist-skill/internal/install/plugin_onboarding_builders.go:12.2,13.34 2 1
github.com/SergioLacerda/strategist-skill/internal/install/plugin_onboarding_builders.go:14.3,20.38 2 1
github.com/SergioLacerda/strategist-skill/internal/install/plugin_onboarding_builders.go:21.4,22.1 1 1
github.com/SergioLacerda/strategist-skill/internal/install/plugin_onboarding_builders.go:23.3,23.29 1 1
github.com/SergioLacerda/strategist-skill/internal/install/plugin_onboarding_builders.go:24.4,25.1 1 1
github.com/SergioLacerda/strategist-skill/internal/install/plugin_onboarding_builders.go:27.2,27.18 1 1
github.com/SergioLacerda/strategist-skill/internal/install/plugin_onboarding_builders.go:31.2,32.34 2 1
github.com/SergioLacerda/strategist-skill/internal/install/plugin_onboarding_builders.go:33.3,34.1 1 1
github.com/SergioLacerda/strategist-skill/internal/install/plugin_onboarding_builders.go:35.2,36.46 2 1
github.com/SergioLacerda/strategist-skill/internal/install/plugin_onboarding_builders.go:37.3,38.10 2 1
github.com/SergioLacerda/strategist-skill/internal/install/plugin_onboarding_builders.go:39.4,40.1 1 1
github.com/SergioLacerda/strategist-skill/internal/install/plugin_onboarding_builders.go:41.3,48.5 1 1
github.com/SergioLacerda/strategist-skill/internal/install/plugin_onboarding_builders.go:50.2,50.22 1 1
github.com/SergioLacerda/strategist-skill/internal/install/plugin_onboarding_builders.go:54.2,55.53 2 1
github.com/SergioLacerda/strategist-skill/internal/install/plugin_onboarding_builders.go:56.3,57.1 1 1
github.com/SergioLacerda/strategist-skill/internal/install/plugin_onboarding_builders.go:58.2,58.37 1 1
github.com/SergioLacerda/strategist-skill/internal/install/plugin_onboarding_builders.go:59.3,59.25 1 1
github.com/SergioLacerda/strategist-skill/internal/install/plugin_onboarding_builders.go:60.4,61.1 1 1
github.com/SergioLacerda/strategist-skill/internal/install/plugin_onboarding_builders.go:66.2,67.35 2 1
github.com/SergioLacerda/strategist-skill/internal/install/plugin_onboarding_builders.go:68.3,69.1 1 1
github.com/SergioLacerda/strategist-skill/internal/install/plugin_onboarding_builders.go:70.2,70.16 1 1
github.com/SergioLacerda/strategist-skill/internal/install/plugin_onboarding_builders.go:78.2,78.36 1 1
github.com/SergioLacerda/strategist-skill/internal/install/plugin_onboarding_builders.go:79.3,80.1 1 1
github.com/SergioLacerda/strategist-skill/internal/install/plugin_onboarding_builders.go:81.2,83.17 3 1
github.com/SergioLacerda/strategist-skill/internal/install/plugin_onboarding_builders.go:87.2,88.1 1 1
github.com/SergioLacerda/strategist-skill/internal/install/plugin_onboarding_builders.go:91.2,92.26 2 1
github.com/SergioLacerda/strategist-skill/internal/install/plugin_onboarding_builders.go:93.3,94.1 1 1
github.com/SergioLacerda/strategist-skill/internal/install/plugin_onboarding_builders.go:95.2,96.14 2 1
github.com/SergioLacerda/strategist-skill/internal/install/plugin_onboarding_results.go:11.2,12.9 2 1
github.com/SergioLacerda/strategist-skill/internal/install/plugin_onboarding_results.go:13.3,15.1 2 1
github.com/SergioLacerda/strategist-skill/internal/install/plugin_onboarding_results.go:16.2,16.64 1 1
github.com/SergioLacerda/strategist-skill/internal/install/plugin_onboarding_results.go:17.3,18.1 1 0
github.com/SergioLacerda/strategist-skill/internal/install/plugin_onboarding_results.go:19.2,20.9 2 1
github.com/SergioLacerda/strategist-skill/internal/install/plugin_onboarding_results.go:21.3,22.1 1 1
github.com/SergioLacerda/strategist-skill/internal/install/plugin_onboarding_results.go:23.2,23.70 1 1
github.com/SergioLacerda/strategist-skill/internal/install/plugin_onboarding_results.go:27.2,28.9 2 1
github.com/SergioLacerda/strategist-skill/internal/install/plugin_onboarding_results.go:29.3,31.1 2 0
github.com/SergioLacerda/strategist-skill/internal/install/plugin_onboarding_results.go:32.2,32.64 1 1
github.com/SergioLacerda/strategist-skill/internal/install/plugin_onboarding_results.go:33.3,34.1 1 1
github.com/SergioLacerda/strategist-skill/internal/install/plugin_onboarding_results.go:35.2,36.9 2 1
github.com/SergioLacerda/strategist-skill/internal/install/plugin_onboarding_results.go:37.3,38.1 1 0
github.com/SergioLacerda/strategist-skill/internal/install/plugin_onboarding_results.go:39.2,39.80 1 1
github.com/SergioLacerda/strategist-skill/internal/install/plugin_onboarding_results.go:43.2,44.16 2 1
github.com/SergioLacerda/strategist-skill/internal/install/plugin_onboarding_results.go:45.3,46.1 1 0
github.com/SergioLacerda/strategist-skill/internal/install/plugin_onboarding_results.go:47.2,47.75 1 1
github.com/SergioLacerda/strategist-skill/internal/install/plugin_onboarding_results.go:48.3,49.1 1 0
github.com/SergioLacerda/strategist-skill/internal/install/plugin_onboarding_results.go:50.2,50.61 1 1
github.com/SergioLacerda/strategist-skill/internal/install/plugin_onboarding_results.go:54.2,55.16 2 1
github.com/SergioLacerda/strategist-skill/internal/install/plugin_onboarding_results.go:56.3,57.1 1 0
github.com/SergioLacerda/strategist-skill/internal/install/plugin_onboarding_results.go:58.2,58.69 1 1
github.com/SergioLacerda/strategist-skill/internal/install/plugin_onboarding_results.go:59.3,60.1 1 0
github.com/SergioLacerda/strategist-skill/internal/install/plugin_onboarding_results.go:61.2,61.61 1 1
github.com/SergioLacerda/strategist-skill/internal/install/plugin_onboarding_results.go:65.2,67.16 3 1
github.com/SergioLacerda/strategist-skill/internal/install/plugin_onboarding_results.go:68.3,69.1 1 0
github.com/SergioLacerda/strategist-skill/internal/install/plugin_onboarding_results.go:70.2,70.43 1 1
github.com/SergioLacerda/strategist-skill/internal/install/plugin_onboarding_results.go:71.3,72.1 1 0
github.com/SergioLacerda/strategist-skill/internal/install/plugin_onboarding_results.go:73.2,73.16 1 1
github.com/SergioLacerda/strategist-skill/internal/install/plugin_onboarding_results.go:77.2,77.58 1 1
github.com/SergioLacerda/strategist-skill/internal/install/plugin_onboarding_results.go:78.3,78.63 1 1
github.com/SergioLacerda/strategist-skill/internal/install/plugin_onboarding_results.go:79.4,80.1 1 0
github.com/SergioLacerda/strategist-skill/internal/install/plugin_onboarding_results.go:81.3,81.70 1 1
github.com/SergioLacerda/strategist-skill/internal/install/plugin_onboarding_results.go:83.2,83.12 1 1
github.com/SergioLacerda/strategist-skill/internal/install/prompter.go:35.2,36.1 1 1
github.com/SergioLacerda/strategist-skill/internal/install/prompter.go:40.2,40.6 1 1
github.com/SergioLacerda/strategist-skill/internal/install/prompter.go:41.3,43.17 3 1
github.com/SergioLacerda/strategist-skill/internal/install/prompter.go:44.4,45.1 1 1
github.com/SergioLacerda/strategist-skill/internal/install/prompter.go:46.3,47.17 2 1
github.com/SergioLacerda/strategist-skill/internal/install/prompter.go:48.4,49.1 1 1
github.com/SergioLacerda/strategist-skill/internal/install/prompter.go:50.3,50.50 1 1
github.com/SergioLacerda/strategist-skill/internal/install/prompter.go:51.4,52.1 1 1
github.com/SergioLacerda/strategist-skill/internal/install/prompter.go:53.3,53.86 1 1
github.com/SergioLacerda/strategist-skill/internal/install/prompter.go:58.2,59.16 2 1
github.com/SergioLacerda/strategist-skill/internal/install/prompter.go:60.3,61.1 1 1
github.com/SergioLacerda/strategist-skill/internal/install/prompter.go:62.2,62.37 1 1
github.com/SergioLacerda/strategist-skill/internal/install/prompter.go:66.2,66.28 1 1
github.com/SergioLacerda/strategist-skill/internal/install/prompter.go:67.3,67.33 1 1
github.com/SergioLacerda/strategist-skill/internal/install/prompter.go:68.4,69.1 1 1
github.com/SergioLacerda/strategist-skill/internal/install/prompter.go:71.2,71.18 1 1
github.com/SergioLacerda/strategist-skill/internal/install/prompter.go:76.2,78.16 3 1
github.com/SergioLacerda/strategist-skill/internal/install/prompter.go:79.3,80.1 1 1
github.com/SergioLacerda/strategist-skill/internal/install/prompter.go:81.2,81.16 1 1
github.com/SergioLacerda/strategist-skill/internal/install/prompter.go:82.3,83.1 1 1
github.com/SergioLacerda/strategist-skill/internal/install/prompter.go:84.2,84.18 1 1
github.com/SergioLacerda/strategist-skill/internal/install/prompter.go:90.2,91.1 1 1
github.com/SergioLacerda/strategist-skill/internal/install/ranked_binding_activation.go:12.2,16.1 1 1
github.com/SergioLacerda/strategist-skill/internal/install/ranked_binding_activation.go:28.2,29.46 2 1
github.com/SergioLacerda/strategist-skill/internal/install/ranked_binding_activation.go:30.3,30.43 1 1
github.com/SergioLacerda/strategist-skill/internal/install/ranked_binding_activation.go:31.4,31.12 1 1
github.com/SergioLacerda/strategist-skill/internal/install/ranked_binding_activation.go:33.3,34.17 2 1
github.com/SergioLacerda/strategist-skill/internal/install/ranked_binding_activation.go:35.4,36.1 1 1
github.com/SergioLacerda/strategist-skill/internal/install/ranked_binding_activation.go:37.3,55.5 1 1
github.com/SergioLacerda/strategist-skill/internal/install/ranked_binding_activation.go:57.2,57.22 1 1
github.com/SergioLacerda/strategist-skill/internal/install/ranked_binding_activation.go:66.2,66.45 1 1
github.com/SergioLacerda/strategist-skill/internal/install/ranked_binding_activation.go:67.3,67.63 1 1
github.com/SergioLacerda/strategist-skill/internal/install/ranked_binding_activation.go:68.4,68.12 1 1
github.com/SergioLacerda/strategist-skill/internal/install/ranked_binding_activation.go:70.3,71.17 2 1
github.com/SergioLacerda/strategist-skill/internal/install/ranked_binding_activation.go:72.4,73.1 1 0
github.com/SergioLacerda/strategist-skill/internal/install/ranked_binding_activation.go:74.3,92.5 1 1
github.com/SergioLacerda/strategist-skill/internal/install/ranked_binding_activation.go:94.2,94.22 1 1
github.com/SergioLacerda/strategist-skill/internal/install/ranked_binding_activation.go:100.2,100.29 1 1
github.com/SergioLacerda/strategist-skill/internal/install/ranked_binding_activation.go:101.3,101.33 1 1
github.com/SergioLacerda/strategist-skill/internal/install/ranked_binding_activation.go:102.4,104.1 2 1
github.com/SergioLacerda/strategist-skill/internal/install/ranked_binding_activation.go:106.2,106.38 1 1
github.com/SergioLacerda/strategist-skill/internal/install/ranked_binding_activation.go:115.2,115.44 1 1
github.com/SergioLacerda/strategist-skill/internal/install/ranked_binding_activation.go:116.3,117.9 2 1
github.com/SergioLacerda/strategist-skill/internal/install/ranked_binding_activation.go:118.4,119.1 1 1
github.com/SergioLacerda/strategist-skill/internal/install/ranked_binding_activation.go:121.2,121.22 1 1
github.com/SergioLacerda/strategist-skill/internal/install/ranked_binding_activation.go:125.2,125.61 1 1
github.com/SergioLacerda/strategist-skill/internal/install/ranked_binding_activation.go:126.3,126.72 1 1
github.com/SergioLacerda/strategist-skill/internal/install/ranked_binding_activation.go:127.4,128.1 1 1
github.com/SergioLacerda/strategist-skill/internal/install/ranked_binding_activation.go:130.2,131.54 2 1
github.com/SergioLacerda/strategist-skill/internal/install/ranked_binding_activation.go:132.3,133.1 1 0
github.com/SergioLacerda/strategist-skill/internal/install/ranked_binding_activation.go:134.2,135.9 2 1
github.com/SergioLacerda/strategist-skill/internal/install/ranked_binding_activation.go:136.3,137.1 1 0
github.com/SergioLacerda/strategist-skill/internal/install/ranked_binding_activation.go:138.2,139.16 2 1
github.com/SergioLacerda/strategist-skill/internal/install/ranked_binding_activation.go:140.3,141.1 1 0
github.com/SergioLacerda/strategist-skill/internal/install/ranked_binding_activation.go:142.2,149.33 8 1
github.com/SergioLacerda/strategist-skill/internal/install/ranked_binding_activation.go:150.3,151.1 1 1
github.com/SergioLacerda/strategist-skill/internal/install/ranked_binding_activation.go:152.2,152.22 1 1
github.com/SergioLacerda/strategist-skill/internal/install/ranked_binding_activation.go:156.2,157.33 2 1
github.com/SergioLacerda/strategist-skill/internal/install/ranked_binding_activation.go:158.3,159.1 1 1
github.com/SergioLacerda/strategist-skill/internal/install/ranked_binding_activation.go:160.2,160.135 1 1
github.com/SergioLacerda/strategist-skill/internal/install/ranked_binding_activation.go:161.3,174.1 13 1
github.com/SergioLacerda/strategist-skill/internal/install/ranked_binding_activation.go:175.2,175.23 1 1
github.com/SergioLacerda/strategist-skill/internal/install/ranked_binding_select.go:15.2,17.35 3 1
github.com/SergioLacerda/strategist-skill/internal/install/ranked_binding_select.go:18.3,18.132 1 1
github.com/SergioLacerda/strategist-skill/internal/install/ranked_binding_select.go:19.4,20.1 1 1
github.com/SergioLacerda/strategist-skill/internal/install/ranked_binding_select.go:22.2,22.22 1 1
github.com/SergioLacerda/strategist-skill/internal/install/ranked_binding_select.go:24.3,24.52 1 1
github.com/SergioLacerda/strategist-skill/internal/install/ranked_binding_select.go:26.3,26.31 1 1
github.com/SergioLacerda/strategist-skill/internal/install/ranked_binding_select.go:28.2,29.32 2 1
github.com/SergioLacerda/strategist-skill/internal/install/ranked_binding_select.go:30.3,31.1 1 1
github.com/SergioLacerda/strategist-skill/internal/install/ranked_binding_select.go:32.2,32.184 1 1
github.com/SergioLacerda/strategist-skill/internal/install/ranked_binding_select.go:36.2,38.126 3 1
github.com/SergioLacerda/strategist-skill/internal/install/ranked_binding_select.go:39.3,40.1 1 1
github.com/SergioLacerda/strategist-skill/internal/install/ranked_binding_select.go:45.2,46.16 2 1
github.com/SergioLacerda/strategist-skill/internal/install/ranked_binding_select.go:47.3,48.1 1 1
github.com/SergioLacerda/strategist-skill/internal/install/ranked_binding_select.go:49.2,51.95 3 1
github.com/SergioLacerda/strategist-skill/internal/install/ranked_binding_select.go:52.3,53.1 1 1
github.com/SergioLacerda/strategist-skill/internal/install/ranked_binding_select.go:54.2,59.8 1 1
github.com/SergioLacerda/strategist-skill/internal/install/ranked_binding_select.go:63.2,64.9 2 1
github.com/SergioLacerda/strategist-skill/internal/install/ranked_binding_select.go:65.3,66.1 1 1
github.com/SergioLacerda/strategist-skill/internal/install/ranked_binding_select.go:67.2,68.60 2 1
github.com/SergioLacerda/strategist-skill/internal/install/ranked_binding_select.go:69.3,70.1 1 1
github.com/SergioLacerda/strategist-skill/internal/install/ranked_binding_select.go:71.2,71.22 1 1
github.com/SergioLacerda/strategist-skill/internal/install/ranked_runtime_bootstrap.go:19.2,20.16 2 1
github.com/SergioLacerda/strategist-skill/internal/install/ranked_runtime_bootstrap.go:21.3,22.1 1 0
github.com/SergioLacerda/strategist-skill/internal/install/ranked_runtime_bootstrap.go:23.2,23.30 1 1
github.com/SergioLacerda/strategist-skill/internal/install/ranked_runtime_bootstrap.go:24.3,25.1 1 1
github.com/SergioLacerda/strategist-skill/internal/install/ranked_runtime_bootstrap.go:26.2,27.16 2 1
github.com/SergioLacerda/strategist-skill/internal/install/ranked_runtime_bootstrap.go:28.3,29.1 1 0
github.com/SergioLacerda/strategist-skill/internal/install/ranked_runtime_bootstrap.go:30.2,31.16 2 1
github.com/SergioLacerda/strategist-skill/internal/install/ranked_runtime_bootstrap.go:32.3,33.1 1 1
github.com/SergioLacerda/strategist-skill/internal/install/ranked_runtime_bootstrap.go:34.2,34.54 1 1
github.com/SergioLacerda/strategist-skill/internal/install/ranked_runtime_bootstrap.go:38.2,39.35 2 1
github.com/SergioLacerda/strategist-skill/internal/install/ranked_runtime_bootstrap.go:40.3,41.17 2 1
github.com/SergioLacerda/strategist-skill/internal/install/ranked_runtime_bootstrap.go:42.4,43.1 1 1
github.com/SergioLacerda/strategist-skill/internal/install/ranked_runtime_bootstrap.go:44.3,44.15 1 1
github.com/SergioLacerda/strategist-skill/internal/install/ranked_runtime_bootstrap.go:45.4,46.1 1 1
github.com/SergioLacerda/strategist-skill/internal/install/ranked_runtime_bootstrap.go:48.2,48.19 1 1
github.com/SergioLacerda/strategist-skill/internal/install/ranked_runtime_bootstrap.go:52.2,53.16 2 1
github.com/SergioLacerda/strategist-skill/internal/install/ranked_runtime_bootstrap.go:54.3,54.25 1 1
github.com/SergioLacerda/strategist-skill/internal/install/ranked_runtime_bootstrap.go:55.4,56.1 1 1
github.com/SergioLacerda/strategist-skill/internal/install/ranked_runtime_bootstrap.go:57.3,57.74 1 0
github.com/SergioLacerda/strategist-skill/internal/install/ranked_runtime_bootstrap.go:59.2,60.55 2 1
github.com/SergioLacerda/strategist-skill/internal/install/ranked_runtime_bootstrap.go:61.3,62.1 1 0
github.com/SergioLacerda/strategist-skill/internal/install/ranked_runtime_bootstrap.go:63.2,64.40 2 1
github.com/SergioLacerda/strategist-skill/internal/install/ranked_runtime_bootstrap.go:65.3,65.62 1 1
github.com/SergioLacerda/strategist-skill/internal/install/ranked_runtime_bootstrap.go:66.4,67.1 1 1
github.com/SergioLacerda/strategist-skill/internal/install/ranked_runtime_bootstrap.go:69.2,69.22 1 1
github.com/SergioLacerda/strategist-skill/internal/install/ranked_runtime_bootstrap.go:73.2,74.16 2 1
github.com/SergioLacerda/strategist-skill/internal/install/ranked_runtime_bootstrap.go:75.3,76.1 1 0
github.com/SergioLacerda/strategist-skill/internal/install/ranked_runtime_bootstrap.go:77.2,78.56 2 1
github.com/SergioLacerda/strategist-skill/internal/install/ranked_runtime_bootstrap.go:79.3,80.1 1 0
github.com/SergioLacerda/strategist-skill/internal/install/ranked_runtime_bootstrap.go:81.2,82.16 2 1
github.com/SergioLacerda/strategist-skill/internal/install/ranked_runtime_bootstrap.go:83.3,84.1 1 0
github.com/SergioLacerda/strategist-skill/internal/install/ranked_runtime_bootstrap.go:85.2,86.16 2 1
github.com/SergioLacerda/strategist-skill/internal/install/ranked_runtime_bootstrap.go:87.3,88.1 1 0
github.com/SergioLacerda/strategist-skill/internal/install/ranked_runtime_bootstrap.go:89.2,89.28 1 1
github.com/SergioLacerda/strategist-skill/internal/install/ranked_runtime_bootstrap.go:93.2,94.112 2 1
github.com/SergioLacerda/strategist-skill/internal/install/ranked_runtime_bootstrap.go:95.3,96.1 1 1
github.com/SergioLacerda/strategist-skill/internal/install/ranked_runtime_bootstrap.go:97.2,98.16 2 1
github.com/SergioLacerda/strategist-skill/internal/install/ranked_runtime_bootstrap.go:99.3,100.1 1 1
github.com/SergioLacerda/strategist-skill/internal/install/ranked_runtime_bootstrap.go:101.2,109.14 1 1
github.com/SergioLacerda/strategist-skill/internal/install/ranked_runtime_bootstrap.go:113.2,114.16 2 1
github.com/SergioLacerda/strategist-skill/internal/install/ranked_runtime_bootstrap.go:115.3,116.1 1 0
github.com/SergioLacerda/strategist-skill/internal/install/ranked_runtime_bootstrap.go:117.2,118.16 2 1
github.com/SergioLacerda/strategist-skill/internal/install/ranked_runtime_bootstrap.go:119.3,120.1 1 0
github.com/SergioLacerda/strategist-skill/internal/install/ranked_runtime_bootstrap.go:121.2,121.58 1 1
github.com/SergioLacerda/strategist-skill/internal/install/ranked_runtime_bootstrap.go:122.3,123.1 1 1
github.com/SergioLacerda/strategist-skill/internal/install/ranked_runtime_bootstrap.go:124.2,124.82 1 1
github.com/SergioLacerda/strategist-skill/internal/install/ranked_runtime_bootstrap.go:128.2,129.16 2 1
github.com/SergioLacerda/strategist-skill/internal/install/ranked_runtime_bootstrap.go:130.3,131.1 1 1
github.com/SergioLacerda/strategist-skill/internal/install/ranked_runtime_bootstrap.go:132.2,132.73 1 1
github.com/SergioLacerda/strategist-skill/internal/install/ranked_runtime_bootstrap.go:133.3,134.1 1 1
github.com/SergioLacerda/strategist-skill/internal/install/ranked_runtime_bootstrap.go:135.2,135.45 1 1
github.com/SergioLacerda/strategist-skill/internal/install/ranked_runtime_bootstrap.go:139.2,139.49 1 1
github.com/SergioLacerda/strategist-skill/internal/install/ranked_runtime_bootstrap.go:140.3,141.1 1 0
github.com/SergioLacerda/strategist-skill/internal/install/ranked_runtime_bootstrap.go:142.2,142.114 1 1
github.com/SergioLacerda/strategist-skill/internal/install/ranked_runtime_bootstrap.go:143.3,144.1 1 0
github.com/SergioLacerda/strategist-skill/internal/install/ranked_runtime_bootstrap.go:145.2,145.59 1 1
github.com/SergioLacerda/strategist-skill/internal/install/ranked_runtime_bootstrap.go:146.3,147.1 1 0
github.com/SergioLacerda/strategist-skill/internal/install/ranked_runtime_bootstrap.go:148.2,148.73 1 1
github.com/SergioLacerda/strategist-skill/internal/install/ranked_runtime_command.go:23.2,24.16 2 1
github.com/SergioLacerda/strategist-skill/internal/install/ranked_runtime_command.go:25.3,26.1 1 0
github.com/SergioLacerda/strategist-skill/internal/install/ranked_runtime_command.go:27.2,28.16 2 1
github.com/SergioLacerda/strategist-skill/internal/install/ranked_runtime_command.go:29.3,30.1 1 0
github.com/SergioLacerda/strategist-skill/internal/install/ranked_runtime_command.go:31.2,31.17 1 1
github.com/SergioLacerda/strategist-skill/internal/install/ranked_runtime_command.go:37.2,38.30 2 1
github.com/SergioLacerda/strategist-skill/internal/install/ranked_runtime_command.go:39.3,40.1 1 1
github.com/SergioLacerda/strategist-skill/internal/install/ranked_runtime_command.go:41.2,41.70 1 1
github.com/SergioLacerda/strategist-skill/internal/install/ranked_runtime_command.go:51.2,51.27 1 1
github.com/SergioLacerda/strategist-skill/internal/install/ranked_runtime_command.go:52.3,53.1 1 0
github.com/SergioLacerda/strategist-skill/internal/install/ranked_runtime_command.go:54.2,55.16 2 1
github.com/SergioLacerda/strategist-skill/internal/install/ranked_runtime_command.go:56.3,57.1 1 0
github.com/SergioLacerda/strategist-skill/internal/install/ranked_runtime_command.go:58.2,58.17 1 1
github.com/SergioLacerda/strategist-skill/internal/install/ranked_runtime_legacy_cleanup.go:12.2,13.65 2 1
github.com/SergioLacerda/strategist-skill/internal/install/ranked_runtime_legacy_cleanup.go:14.3,15.1 1 1
github.com/SergioLacerda/strategist-skill/internal/install/ranked_runtime_legacy_cleanup.go:16.2,16.69 1 1
github.com/SergioLacerda/strategist-skill/internal/install/ranked_runtime_legacy_cleanup.go:17.3,18.1 1 1
github.com/SergioLacerda/strategist-skill/internal/install/ranked_runtime_legacy_cleanup.go:19.2,19.49 1 1
github.com/SergioLacerda/strategist-skill/internal/install/ranked_runtime_legacy_cleanup.go:20.3,21.1 1 0
github.com/SergioLacerda/strategist-skill/internal/install/ranked_runtime_legacy_cleanup.go:22.2,22.12 1 1
github.com/SergioLacerda/strategist-skill/internal/install/ranked_runtime_legacy_cleanup.go:26.2,27.16 2 1
github.com/SergioLacerda/strategist-skill/internal/install/ranked_runtime_legacy_cleanup.go:28.3,29.1 1 0
github.com/SergioLacerda/strategist-skill/internal/install/ranked_runtime_legacy_cleanup.go:30.2,30.22 1 1
github.com/SergioLacerda/strategist-skill/internal/install/ranked_runtime_legacy_cleanup.go:31.3,32.1 1 1
github.com/SergioLacerda/strategist-skill/internal/install/ranked_runtime_legacy_cleanup.go:33.2,33.12 1 1
github.com/SergioLacerda/strategist-skill/internal/install/ranked_runtime_legacy_cleanup.go:37.2,44.1 1 1
github.com/SergioLacerda/strategist-skill/internal/install/ranked_runtime_legacy_cleanup.go:48.2,49.86 2 1
github.com/SergioLacerda/strategist-skill/internal/install/ranked_runtime_legacy_cleanup.go:50.3,50.21 1 1
github.com/SergioLacerda/strategist-skill/internal/install/ranked_runtime_legacy_cleanup.go:51.4,52.1 1 0
github.com/SergioLacerda/strategist-skill/internal/install/ranked_runtime_legacy_cleanup.go:53.3,54.17 2 1
github.com/SergioLacerda/strategist-skill/internal/install/ranked_runtime_legacy_cleanup.go:55.4,56.1 1 0
github.com/SergioLacerda/strategist-skill/internal/install/ranked_runtime_legacy_cleanup.go:57.3,57.22 1 1
github.com/SergioLacerda/strategist-skill/internal/install/ranked_runtime_legacy_cleanup.go:58.4,60.1 2 1
github.com/SergioLacerda/strategist-skill/internal/install/ranked_runtime_legacy_cleanup.go:61.3,61.13 1 1
github.com/SergioLacerda/strategist-skill/internal/install/ranked_runtime_legacy_cleanup.go:63.2,63.16 1 1
github.com/SergioLacerda/strategist-skill/internal/install/ranked_runtime_legacy_cleanup.go:64.3,65.1 1 0
github.com/SergioLacerda/strategist-skill/internal/install/ranked_runtime_legacy_cleanup.go:66.2,66.24 1 1
github.com/SergioLacerda/strategist-skill/internal/install/ranked_runtime_legacy_cleanup.go:70.2,71.16 2 1
github.com/SergioLacerda/strategist-skill/internal/install/ranked_runtime_legacy_cleanup.go:72.3,73.1 1 0
github.com/SergioLacerda/strategist-skill/internal/install/ranked_runtime_legacy_cleanup.go:74.2,74.16 1 1
github.com/SergioLacerda/strategist-skill/internal/install/ranked_runtime_legacy_cleanup.go:75.3,76.1 1 1
github.com/SergioLacerda/strategist-skill/internal/install/ranked_runtime_legacy_cleanup.go:77.2,78.31 2 1
github.com/SergioLacerda/strategist-skill/internal/install/ranked_runtime_legacy_cleanup.go:79.3,80.1 1 1
github.com/SergioLacerda/strategist-skill/internal/install/ranked_runtime_legacy_cleanup.go:81.2,81.17 1 1
github.com/SergioLacerda/strategist-skill/internal/install/ranked_runtime_private.go:25.2,26.16 2 1
github.com/SergioLacerda/strategist-skill/internal/install/ranked_runtime_private.go:27.3,28.1 1 0
github.com/SergioLacerda/strategist-skill/internal/install/ranked_runtime_private.go:29.2,29.21 1 1
github.com/SergioLacerda/strategist-skill/internal/install/ranked_runtime_private.go:33.2,34.1 1 1
github.com/SergioLacerda/strategist-skill/internal/install/ranked_runtime_private.go:40.2,41.1 1 1
github.com/SergioLacerda/strategist-skill/internal/install/ranked_runtime_private.go:44.2,45.16 2 1
github.com/SergioLacerda/strategist-skill/internal/install/ranked_runtime_private.go:46.3,47.1 1 1
github.com/SergioLacerda/strategist-skill/internal/install/ranked_runtime_private.go:48.2,49.1 3 1
github.com/SergioLacerda/strategist-skill/internal/install/ranked_runtime_private.go:56.2,57.9 3 1
github.com/SergioLacerda/strategist-skill/internal/install/ranked_runtime_private.go:58.3,59.1 1 0
github.com/SergioLacerda/strategist-skill/internal/install/ranked_runtime_private.go:60.2,61.16 2 1
github.com/SergioLacerda/strategist-skill/internal/install/ranked_runtime_private.go:62.3,63.1 1 0
github.com/SergioLacerda/strategist-skill/internal/install/ranked_runtime_private.go:64.2,65.40 2 1
github.com/SergioLacerda/strategist-skill/internal/install/ranked_runtime_private.go:66.3,67.1 1 1
github.com/SergioLacerda/strategist-skill/internal/install/ranked_runtime_private.go:68.2,68.58 1 1
github.com/SergioLacerda/strategist-skill/internal/install/ranked_runtime_private.go:69.3,70.1 1 0
github.com/SergioLacerda/strategist-skill/internal/install/ranked_runtime_private.go:71.2,71.75 1 1
github.com/SergioLacerda/strategist-skill/internal/install/ranked_runtime_private.go:77.2,78.16 2 1
github.com/SergioLacerda/strategist-skill/internal/install/ranked_runtime_private.go:79.3,80.1 1 1
github.com/SergioLacerda/strategist-skill/internal/install/ranked_runtime_private.go:81.2,82.16 2 1
github.com/SergioLacerda/strategist-skill/internal/install/ranked_runtime_private.go:83.3,84.1 1 0
github.com/SergioLacerda/strategist-skill/internal/install/ranked_runtime_private.go:85.2,86.72 2 1
github.com/SergioLacerda/strategist-skill/internal/install/ranked_runtime_private.go:87.3,88.1 1 1
github.com/SergioLacerda/strategist-skill/internal/install/ranked_runtime_private.go:89.2,90.16 2 1
github.com/SergioLacerda/strategist-skill/internal/install/ranked_runtime_private.go:91.3,92.1 1 0
github.com/SergioLacerda/strategist-skill/internal/install/ranked_runtime_private.go:93.2,93.17 1 1
github.com/SergioLacerda/strategist-skill/internal/install/ranked_runtime_private.go:100.2,100.37 1 1
github.com/SergioLacerda/strategist-skill/internal/install/ranked_runtime_private.go:101.3,101.86 1 1
github.com/SergioLacerda/strategist-skill/internal/install/ranked_runtime_private.go:102.4,103.1 1 1
github.com/SergioLacerda/strategist-skill/internal/install/ranked_runtime_private.go:105.2,105.12 1 1
github.com/SergioLacerda/strategist-skill/internal/install/ranked_runtime_private.go:109.2,110.16 2 1
github.com/SergioLacerda/strategist-skill/internal/install/ranked_runtime_private.go:111.3,112.1 1 0
github.com/SergioLacerda/strategist-skill/internal/install/ranked_runtime_private.go:113.2,113.30 1 1
github.com/SergioLacerda/strategist-skill/internal/install/ranked_runtime_provider.go:15.2,16.9 2 1
github.com/SergioLacerda/strategist-skill/internal/install/ranked_runtime_provider.go:17.3,18.1 1 0
github.com/SergioLacerda/strategist-skill/internal/install/ranked_runtime_provider.go:19.2,19.60 1 1
github.com/SergioLacerda/strategist-skill/internal/install/ranked_runtime_provider.go:20.3,21.1 1 0
github.com/SergioLacerda/strategist-skill/internal/install/ranked_runtime_provider.go:22.2,23.43 2 1
github.com/SergioLacerda/strategist-skill/internal/install/ranked_runtime_provider.go:24.3,25.1 1 0
github.com/SergioLacerda/strategist-skill/internal/install/ranked_runtime_provider.go:26.2,26.31 1 1
github.com/SergioLacerda/strategist-skill/internal/install/ranked_runtime_provider.go:32.2,32.54 1 1
github.com/SergioLacerda/strategist-skill/internal/install/ranked_runtime_provider.go:33.3,34.1 1 0
github.com/SergioLacerda/strategist-skill/internal/install/ranked_runtime_provider.go:35.2,36.16 2 1
github.com/SergioLacerda/strategist-skill/internal/install/ranked_runtime_provider.go:37.3,38.1 1 1
github.com/SergioLacerda/strategist-skill/internal/install/ranked_runtime_provider.go:39.2,40.16 2 1
github.com/SergioLacerda/strategist-skill/internal/install/ranked_runtime_provider.go:41.3,42.1 1 1
github.com/SergioLacerda/strategist-skill/internal/install/ranked_runtime_provider.go:43.2,43.78 1 1
github.com/SergioLacerda/strategist-skill/internal/install/ranked_runtime_provider.go:44.3,45.1 1 1
github.com/SergioLacerda/strategist-skill/internal/install/ranked_runtime_provider.go:46.2,46.21 1 1
github.com/SergioLacerda/strategist-skill/internal/install/ranked_runtime_state.go:13.2,13.29 1 1
github.com/SergioLacerda/strategist-skill/internal/install/ranked_runtime_state.go:14.3,15.1 1 1
github.com/SergioLacerda/strategist-skill/internal/install/ranked_runtime_state.go:16.2,17.16 2 1
github.com/SergioLacerda/strategist-skill/internal/install/ranked_runtime_state.go:18.3,19.1 1 0
github.com/SergioLacerda/strategist-skill/internal/install/ranked_runtime_state.go:20.2,21.98 2 1
github.com/SergioLacerda/strategist-skill/internal/install/ranked_runtime_state.go:25.2,26.69 2 1
github.com/SergioLacerda/strategist-skill/internal/install/ranked_runtime_state.go:27.3,28.1 1 0
github.com/SergioLacerda/strategist-skill/internal/install/ranked_runtime_state.go:29.2,29.24 1 1
github.com/SergioLacerda/strategist-skill/internal/install/role_affinity.go:6.2,8.29 3 1
github.com/SergioLacerda/strategist-skill/internal/install/role_affinity.go:9.3,9.17 1 1
github.com/SergioLacerda/strategist-skill/internal/install/role_affinity.go:10.4,10.12 1 1
github.com/SergioLacerda/strategist-skill/internal/install/role_affinity.go:12.3,12.30 1 1
github.com/SergioLacerda/strategist-skill/internal/install/role_affinity.go:13.4,13.12 1 1
github.com/SergioLacerda/strategist-skill/internal/install/role_affinity.go:15.3,16.26 2 1
github.com/SergioLacerda/strategist-skill/internal/install/role_affinity.go:18.2,19.12 2 1
github.com/SergioLacerda/strategist-skill/internal/install/role_provider_catalog_mapping.go:14.2,15.45 2 1
github.com/SergioLacerda/strategist-skill/internal/install/role_provider_catalog_mapping.go:16.3,16.43 1 1
github.com/SergioLacerda/strategist-skill/internal/install/role_provider_catalog_mapping.go:17.4,17.12 1 1
github.com/SergioLacerda/strategist-skill/internal/install/role_provider_catalog_mapping.go:19.3,19.76 1 1
github.com/SergioLacerda/strategist-skill/internal/install/role_provider_catalog_mapping.go:21.2,21.44 1 1
github.com/SergioLacerda/strategist-skill/internal/install/role_provider_catalog_mapping.go:22.3,22.41 1 1
github.com/SergioLacerda/strategist-skill/internal/install/role_provider_catalog_mapping.go:23.4,24.1 1 1
github.com/SergioLacerda/strategist-skill/internal/install/role_provider_catalog_mapping.go:25.3,25.86 1 1
github.com/SergioLacerda/strategist-skill/internal/install/role_provider_catalog_mapping.go:27.2,27.18 1 1
github.com/SergioLacerda/strategist-skill/internal/install/role_provider_catalog_mapping.go:31.2,48.1 1 1
github.com/SergioLacerda/strategist-skill/internal/install/role_provider_catalog_mapping.go:52.2,52.29 1 1
github.com/SergioLacerda/strategist-skill/internal/install/role_provider_catalog_mapping.go:53.3,54.1 1 1
github.com/SergioLacerda/strategist-skill/internal/install/role_provider_catalog_mapping.go:55.2,55.58 1 1
github.com/SergioLacerda/strategist-skill/internal/install/role_provider_catalog_mapping.go:56.3,57.1 1 1
github.com/SergioLacerda/strategist-skill/internal/install/role_provider_catalog_mapping.go:58.2,58.12 1 1
github.com/SergioLacerda/strategist-skill/internal/install/role_provider_catalog_mapping.go:62.2,62.56 1 1
github.com/SergioLacerda/strategist-skill/internal/install/role_provider_catalog_mapping.go:63.3,63.28 1 1
github.com/SergioLacerda/strategist-skill/internal/install/role_provider_catalog_mapping.go:64.4,65.1 1 1
github.com/SergioLacerda/strategist-skill/internal/install/role_provider_catalog_mapping.go:67.2,67.14 1 1
github.com/SergioLacerda/strategist-skill/internal/install/role_provider_catalog_mapping.go:77.2,77.34 1 1
github.com/SergioLacerda/strategist-skill/internal/install/role_provider_catalog_mapping.go:78.3,79.1 1 1
github.com/SergioLacerda/strategist-skill/internal/install/role_provider_catalog_mapping.go:80.2,80.51 1 1
github.com/SergioLacerda/strategist-skill/internal/install/role_provider_catalog_mapping.go:81.3,82.1 1 1
github.com/SergioLacerda/strategist-skill/internal/install/role_provider_catalog_mapping.go:83.2,83.11 1 1
github.com/SergioLacerda/strategist-skill/internal/install/role_provider_catalog_mapping.go:87.2,87.29 1 1
github.com/SergioLacerda/strategist-skill/internal/install/role_provider_catalog_mapping.go:89.3,89.39 1 1
github.com/SergioLacerda/strategist-skill/internal/install/role_provider_catalog_mapping.go:91.3,91.41 1 1
github.com/SergioLacerda/strategist-skill/internal/install/role_provider_catalog_mapping.go:93.3,93.39 1 1
github.com/SergioLacerda/strategist-skill/internal/install/role_provider_catalog_mapping.go:97.3,97.39 1 1
github.com/SergioLacerda/strategist-skill/internal/install/role_provider_catalog_mapping.go:102.2,102.51 1 1
github.com/SergioLacerda/strategist-skill/internal/install/role_provider_catalog_mapping.go:103.3,104.1 1 1
github.com/SergioLacerda/strategist-skill/internal/install/role_provider_catalog_mapping.go:105.2,105.26 1 1
github.com/SergioLacerda/strategist-skill/internal/install/role_provider_catalog_mapping.go:106.3,107.1 1 1
github.com/SergioLacerda/strategist-skill/internal/install/role_provider_catalog_mapping.go:108.2,108.42 1 1
github.com/SergioLacerda/strategist-skill/internal/install/role_provider_catalog_mapping.go:112.2,112.13 1 1
github.com/SergioLacerda/strategist-skill/internal/install/role_provider_catalog_mapping.go:113.3,114.1 1 1
github.com/SergioLacerda/strategist-skill/internal/install/role_provider_catalog_mapping.go:115.2,115.10 1 1
github.com/SergioLacerda/strategist-skill/internal/install/role_provider_migration.go:25.2,26.16 2 1
github.com/SergioLacerda/strategist-skill/internal/install/role_provider_migration.go:27.3,28.1 1 1
github.com/SergioLacerda/strategist-skill/internal/install/role_provider_migration.go:29.2,29.78 1 1
github.com/SergioLacerda/strategist-skill/internal/install/role_provider_migration.go:33.2,34.16 2 1
github.com/SergioLacerda/strategist-skill/internal/install/role_provider_migration.go:35.3,36.1 1 1
github.com/SergioLacerda/strategist-skill/internal/install/role_provider_migration.go:37.2,38.46 2 1
github.com/SergioLacerda/strategist-skill/internal/install/role_provider_migration.go:39.3,40.17 2 1
github.com/SergioLacerda/strategist-skill/internal/install/role_provider_migration.go:41.4,42.1 1 1
github.com/SergioLacerda/strategist-skill/internal/install/role_provider_migration.go:43.3,43.35 1 1
github.com/SergioLacerda/strategist-skill/internal/install/role_provider_migration.go:45.2,45.60 1 1
github.com/SergioLacerda/strategist-skill/internal/install/role_provider_migration.go:49.2,52.16 4 1
github.com/SergioLacerda/strategist-skill/internal/install/role_provider_migration.go:53.3,54.1 1 1
github.com/SergioLacerda/strategist-skill/internal/install/role_provider_migration.go:55.2,58.53 4 1
github.com/SergioLacerda/strategist-skill/internal/install/role_provider_migration.go:59.3,59.61 1 1
github.com/SergioLacerda/strategist-skill/internal/install/role_provider_migration.go:60.4,62.1 2 1
github.com/SergioLacerda/strategist-skill/internal/install/role_provider_migration.go:64.2,65.23 2 1
github.com/SergioLacerda/strategist-skill/internal/install/role_provider_migration.go:66.3,67.1 1 1
github.com/SergioLacerda/strategist-skill/internal/install/role_provider_migration.go:68.3,69.1 1 1
github.com/SergioLacerda/strategist-skill/internal/install/role_provider_migration.go:70.2,70.19 1 1
github.com/SergioLacerda/strategist-skill/internal/install/role_provider_migration.go:85.2,85.143 1 1
github.com/SergioLacerda/strategist-skill/internal/install/role_provider_migration.go:86.3,86.31 1 1
github.com/SergioLacerda/strategist-skill/internal/install/role_provider_migration.go:87.4,88.1 1 1
github.com/SergioLacerda/strategist-skill/internal/install/role_provider_migration.go:89.3,89.93 1 1
github.com/SergioLacerda/strategist-skill/internal/install/role_provider_migration.go:94.2,94.30 1 1
github.com/SergioLacerda/strategist-skill/internal/install/role_provider_migration.go:95.3,96.1 1 1
github.com/SergioLacerda/strategist-skill/internal/install/role_provider_migration.go:97.2,97.40 1 1
github.com/SergioLacerda/strategist-skill/internal/install/role_provider_migration.go:98.3,98.47 1 1
github.com/SergioLacerda/strategist-skill/internal/install/role_provider_migration.go:99.4,99.12 1 1
github.com/SergioLacerda/strategist-skill/internal/install/role_provider_migration.go:101.3,108.1 2 1
github.com/SergioLacerda/strategist-skill/internal/install/role_provider_migration.go:109.3,109.77 2 1
github.com/SergioLacerda/strategist-skill/internal/install/role_provider_migration.go:110.4,111.1 1 1
github.com/SergioLacerda/strategist-skill/internal/install/role_provider_migration.go:113.2,113.12 1 1
github.com/SergioLacerda/strategist-skill/internal/install/role_provider_migration.go:137.2,138.25 2 1
github.com/SergioLacerda/strategist-skill/internal/install/role_provider_migration.go:139.3,141.17 3 1
github.com/SergioLacerda/strategist-skill/internal/install/role_provider_migration.go:142.4,143.1 1 1
github.com/SergioLacerda/strategist-skill/internal/install/role_provider_migration.go:146.2,149.1 4 1
github.com/SergioLacerda/strategist-skill/internal/install/role_provider_migration.go:150.2,150.40 4 1
github.com/SergioLacerda/strategist-skill/internal/install/role_provider_migration.go:151.3,151.47 1 1
github.com/SergioLacerda/strategist-skill/internal/install/role_provider_migration.go:152.4,152.12 1 1
github.com/SergioLacerda/strategist-skill/internal/install/role_provider_migration.go:154.3,154.47 1 1
github.com/SergioLacerda/strategist-skill/internal/install/role_provider_migration.go:157.2,157.83 1 1
github.com/SergioLacerda/strategist-skill/internal/install/role_provider_migration.go:158.3,159.1 1 1
github.com/SergioLacerda/strategist-skill/internal/install/role_provider_migration.go:161.2,161.109 1 1
github.com/SergioLacerda/strategist-skill/internal/install/role_provider_migration.go:165.2,166.1 1 1
github.com/SergioLacerda/strategist-skill/internal/install/role_provider_migration.go:173.2,173.35 1 1
github.com/SergioLacerda/strategist-skill/internal/install/role_provider_migration.go:174.3,174.60 1 1
github.com/SergioLacerda/strategist-skill/internal/install/role_provider_migration.go:175.4,178.1 1 1
github.com/SergioLacerda/strategist-skill/internal/install/role_provider_migration.go:179.3,179.46 1 1
github.com/SergioLacerda/strategist-skill/internal/install/role_provider_migration.go:180.4,184.1 1 1
github.com/SergioLacerda/strategist-skill/internal/install/role_provider_migration.go:186.2,186.62 1 1
github.com/SergioLacerda/strategist-skill/internal/install/role_provider_migration.go:187.3,190.1 1 1
github.com/SergioLacerda/strategist-skill/internal/install/role_provider_migration_loaders.go:11.2,12.16 2 1
github.com/SergioLacerda/strategist-skill/internal/install/role_provider_migration_loaders.go:13.3,14.1 1 1
github.com/SergioLacerda/strategist-skill/internal/install/role_provider_migration_loaders.go:15.2,16.55 2 1
github.com/SergioLacerda/strategist-skill/internal/install/role_provider_migration_loaders.go:17.3,18.1 1 1
github.com/SergioLacerda/strategist-skill/internal/install/role_provider_migration_loaders.go:19.2,19.43 1 1
github.com/SergioLacerda/strategist-skill/internal/install/role_provider_migration_loaders.go:20.3,21.1 1 1
github.com/SergioLacerda/strategist-skill/internal/install/role_provider_migration_loaders.go:22.2,22.21 1 1
github.com/SergioLacerda/strategist-skill/internal/install/role_provider_migration_loaders.go:26.2,28.16 3 1
github.com/SergioLacerda/strategist-skill/internal/install/role_provider_migration_loaders.go:29.3,30.1 1 1
github.com/SergioLacerda/strategist-skill/internal/install/role_provider_migration_loaders.go:31.2,32.51 2 1
github.com/SergioLacerda/strategist-skill/internal/install/role_provider_migration_loaders.go:33.3,34.1 1 1
github.com/SergioLacerda/strategist-skill/internal/install/role_provider_migration_loaders.go:35.2,35.39 1 1
github.com/SergioLacerda/strategist-skill/internal/install/role_provider_migration_loaders.go:36.3,37.1 1 1
github.com/SergioLacerda/strategist-skill/internal/install/role_provider_migration_loaders.go:38.2,38.17 1 1
github.com/SergioLacerda/strategist-skill/internal/install/role_provider_migration_preview.go:41.2,41.25 1 1
github.com/SergioLacerda/strategist-skill/internal/install/role_provider_migration_preview.go:42.3,43.1 1 1
github.com/SergioLacerda/strategist-skill/internal/install/role_provider_migration_preview.go:44.2,44.34 1 1
github.com/SergioLacerda/strategist-skill/internal/install/role_provider_migration_preview.go:45.3,45.34 1 1
github.com/SergioLacerda/strategist-skill/internal/install/role_provider_migration_preview.go:46.4,47.1 1 1
github.com/SergioLacerda/strategist-skill/internal/install/role_provider_migration_preview.go:49.2,49.13 1 1
github.com/SergioLacerda/strategist-skill/internal/install/role_provider_migration_preview.go:59.2,60.34 2 1
github.com/SergioLacerda/strategist-skill/internal/install/role_provider_migration_preview.go:61.3,70.1 1 1
github.com/SergioLacerda/strategist-skill/internal/install/role_provider_migration_preview.go:71.2,71.15 1 1
github.com/SergioLacerda/strategist-skill/internal/install/role_provider_migration_preview.go:75.2,75.33 1 1
github.com/SergioLacerda/strategist-skill/internal/install/role_provider_migration_preview.go:76.3,77.1 1 1
github.com/SergioLacerda/strategist-skill/internal/install/role_provider_migration_preview.go:78.2,78.9 1 1
github.com/SergioLacerda/strategist-skill/internal/install/role_provider_migration_preview.go:80.3,80.34 1 1
github.com/SergioLacerda/strategist-skill/internal/install/role_provider_migration_preview.go:82.3,82.24 1 1
github.com/SergioLacerda/strategist-skill/internal/install/role_provider_migration_preview.go:84.3,84.32 1 1
github.com/SergioLacerda/strategist-skill/internal/install/role_provider_migration_preview.go:86.3,86.34 1 1
github.com/SergioLacerda/strategist-skill/internal/install/role_provider_migration_preview.go:88.3,88.30 1 1
github.com/SergioLacerda/strategist-skill/internal/install/role_provider_migration_preview.go:96.2,98.34 3 1
github.com/SergioLacerda/strategist-skill/internal/install/role_provider_migration_preview.go:99.3,100.1 1 1
github.com/SergioLacerda/strategist-skill/internal/install/role_provider_migration_preview.go:101.2,101.19 1 1
github.com/SergioLacerda/strategist-skill/internal/install/role_provider_migration_preview.go:105.2,106.45 2 1
github.com/SergioLacerda/strategist-skill/internal/install/role_provider_migration_preview.go:107.3,108.46 2 1
github.com/SergioLacerda/strategist-skill/internal/install/role_provider_migration_preview.go:109.4,110.1 1 1
github.com/SergioLacerda/strategist-skill/internal/install/role_provider_migration_preview.go:111.3,111.126 1 1
github.com/SergioLacerda/strategist-skill/internal/install/role_provider_migration_preview.go:113.2,113.33 1 1
github.com/SergioLacerda/strategist-skill/internal/install/role_provider_migration_preview.go:114.3,116.1 2 0
github.com/SergioLacerda/strategist-skill/internal/install/role_provider_migration_preview.go:117.2,117.123 1 1
github.com/SergioLacerda/strategist-skill/internal/install/role_provider_probe.go:12.2,13.50 2 1
github.com/SergioLacerda/strategist-skill/internal/install/role_provider_probe.go:14.3,15.1 1 1
github.com/SergioLacerda/strategist-skill/internal/install/role_provider_probe.go:16.2,20.108 2 1
github.com/SergioLacerda/strategist-skill/internal/install/runtime_defaults.go:25.2,26.15 2 1
github.com/SergioLacerda/strategist-skill/internal/install/runtime_defaults.go:27.3,27.20 1 1
github.com/SergioLacerda/strategist-skill/internal/install/runtime_defaults.go:28.4,30.1 2 1
github.com/SergioLacerda/strategist-skill/internal/install/runtime_defaults.go:31.3,31.13 1 1
github.com/SergioLacerda/strategist-skill/internal/install/runtime_defaults.go:34.2,35.16 2 1
github.com/SergioLacerda/strategist-skill/internal/install/runtime_defaults.go:36.3,37.1 1 1
github.com/SergioLacerda/strategist-skill/internal/install/runtime_defaults.go:38.2,41.1 2 1
github.com/SergioLacerda/strategist-skill/internal/install/runtime_defaults.go:42.2,42.59 2 1
github.com/SergioLacerda/strategist-skill/internal/install/runtime_defaults.go:43.3,44.1 1 1
github.com/SergioLacerda/strategist-skill/internal/install/runtime_defaults.go:45.2,46.16 2 1
github.com/SergioLacerda/strategist-skill/internal/install/runtime_defaults.go:47.3,48.1 1 1
github.com/SergioLacerda/strategist-skill/internal/install/runtime_defaults.go:50.2,50.123 1 1
github.com/SergioLacerda/strategist-skill/internal/install/runtime_defaults.go:51.3,52.1 1 1
github.com/SergioLacerda/strategist-skill/internal/install/runtime_defaults.go:54.2,54.18 1 1
github.com/SergioLacerda/strategist-skill/internal/install/runtime_defaults.go:58.2,59.16 2 1
github.com/SergioLacerda/strategist-skill/internal/install/runtime_defaults.go:60.3,60.50 1 1
github.com/SergioLacerda/strategist-skill/internal/install/runtime_defaults.go:61.4,62.1 1 0
github.com/SergioLacerda/strategist-skill/internal/install/runtime_defaults.go:63.3,63.13 1 1
github.com/SergioLacerda/strategist-skill/internal/install/runtime_defaults.go:65.2,67.12 3 1
github.com/SergioLacerda/strategist-skill/internal/install/runtime_defaults.go:71.2,72.16 2 1
github.com/SergioLacerda/strategist-skill/internal/install/runtime_defaults.go:73.3,73.50 1 1
github.com/SergioLacerda/strategist-skill/internal/install/runtime_defaults.go:74.4,75.1 1 1
github.com/SergioLacerda/strategist-skill/internal/install/runtime_defaults.go:76.3,76.13 1 0
github.com/SergioLacerda/strategist-skill/internal/install/runtime_defaults.go:78.2,80.12 3 1
github.com/SergioLacerda/strategist-skill/internal/install/runtime_defaults.go:84.2,85.16 2 1
github.com/SergioLacerda/strategist-skill/internal/install/runtime_defaults.go:86.3,87.1 1 1
github.com/SergioLacerda/strategist-skill/internal/install/runtime_defaults.go:88.2,88.19 1 1
github.com/SergioLacerda/strategist-skill/internal/install/runtime_defaults.go:89.3,90.1 1 0
github.com/SergioLacerda/strategist-skill/internal/install/runtime_defaults.go:91.2,92.16 2 1
github.com/SergioLacerda/strategist-skill/internal/install/runtime_defaults.go:93.3,94.1 1 0
github.com/SergioLacerda/strategist-skill/internal/install/runtime_defaults.go:95.2,95.20 1 1
github.com/SergioLacerda/strategist-skill/internal/install/runtime_defaults.go:103.2,103.65 1 1
github.com/SergioLacerda/strategist-skill/internal/install/runtime_defaults.go:104.3,105.1 1 1
github.com/SergioLacerda/strategist-skill/internal/install/runtime_defaults.go:106.2,106.39 1 1
github.com/SergioLacerda/strategist-skill/internal/install/runtime_defaults.go:110.2,110.61 1 1
github.com/SergioLacerda/strategist-skill/internal/install/runtime_defaults.go:111.3,112.17 2 1
github.com/SergioLacerda/strategist-skill/internal/install/runtime_defaults.go:113.4,114.1 1 1
github.com/SergioLacerda/strategist-skill/internal/install/runtime_defaults.go:115.3,115.44 1 1
github.com/SergioLacerda/strategist-skill/internal/install/runtime_defaults.go:116.4,117.1 1 1
github.com/SergioLacerda/strategist-skill/internal/install/runtime_defaults.go:118.3,118.39 1 1
github.com/SergioLacerda/strategist-skill/internal/install/runtime_defaults.go:120.2,120.12 1 1
github.com/SergioLacerda/strategist-skill/internal/install/runtime_defaults.go:129.2,131.20 3 1
github.com/SergioLacerda/strategist-skill/internal/install/runtime_defaults.go:132.3,133.1 1 1
github.com/SergioLacerda/strategist-skill/internal/install/runtime_defaults.go:134.2,144.9 2 1
github.com/SergioLacerda/strategist-skill/internal/install/runtime_defaults.go:148.2,150.1 1 1
github.com/SergioLacerda/strategist-skill/internal/install/runtime_defaults.go:153.2,154.61 2 1
github.com/SergioLacerda/strategist-skill/internal/install/runtime_defaults.go:155.3,156.17 2 1
github.com/SergioLacerda/strategist-skill/internal/install/runtime_defaults.go:157.4,158.1 1 1
github.com/SergioLacerda/strategist-skill/internal/install/runtime_defaults.go:159.3,159.45 1 1
github.com/SergioLacerda/strategist-skill/internal/install/runtime_defaults.go:161.2,161.20 1 1
github.com/SergioLacerda/strategist-skill/internal/install/runtime_defaults.go:165.2,166.15 2 1
github.com/SergioLacerda/strategist-skill/internal/install/runtime_defaults.go:167.3,167.20 1 1
github.com/SergioLacerda/strategist-skill/internal/install/runtime_defaults.go:168.4,170.1 2 1
github.com/SergioLacerda/strategist-skill/internal/install/runtime_defaults.go:171.3,171.13 1 1
github.com/SergioLacerda/strategist-skill/internal/install/runtime_defaults.go:174.2,174.61 1 1
github.com/SergioLacerda/strategist-skill/internal/install/runtime_defaults.go:175.3,175.104 1 1
github.com/SergioLacerda/strategist-skill/internal/install/runtime_defaults.go:176.4,177.1 1 1
github.com/SergioLacerda/strategist-skill/internal/install/runtime_defaults.go:179.2,179.12 1 1
github.com/SergioLacerda/strategist-skill/internal/install/runtime_defaults.go:183.2,183.51 1 1
github.com/SergioLacerda/strategist-skill/internal/install/runtime_defaults.go:184.3,185.1 1 1
github.com/SergioLacerda/strategist-skill/internal/install/runtime_defaults.go:186.2,187.16 2 1
github.com/SergioLacerda/strategist-skill/internal/install/runtime_defaults.go:188.3,189.1 1 1
github.com/SergioLacerda/strategist-skill/internal/install/runtime_defaults.go:190.2,191.69 2 1
github.com/SergioLacerda/strategist-skill/internal/install/runtime_defaults.go:192.3,193.1 1 1
github.com/SergioLacerda/strategist-skill/internal/install/runtime_defaults.go:194.2,194.12 1 1
github.com/SergioLacerda/strategist-skill/internal/install/runtime_defaults_history.go:17.2,18.16 2 1
github.com/SergioLacerda/strategist-skill/internal/install/runtime_defaults_history.go:19.3,20.1 1 1
github.com/SergioLacerda/strategist-skill/internal/install/runtime_defaults_history.go:21.2,21.43 1 1
github.com/SergioLacerda/strategist-skill/internal/install/shim.go:16.2,20.21 2 1
github.com/SergioLacerda/strategist-skill/internal/install/shim.go:21.3,22.1 1 1
github.com/SergioLacerda/strategist-skill/internal/install/shim.go:23.2,26.53 2 1
github.com/SergioLacerda/strategist-skill/internal/install/shim.go:33.2,33.34 1 1
github.com/SergioLacerda/strategist-skill/internal/install/shim.go:34.3,35.1 1 1
github.com/SergioLacerda/strategist-skill/internal/install/shim.go:37.2,39.15 3 1
github.com/SergioLacerda/strategist-skill/internal/install/shim.go:40.3,41.1 1 1
github.com/SergioLacerda/strategist-skill/internal/install/shim.go:43.2,44.38 2 1
github.com/SergioLacerda/strategist-skill/internal/install/shim.go:50.2,51.15 2 1
github.com/SergioLacerda/strategist-skill/internal/install/shim.go:52.3,52.20 1 1
github.com/SergioLacerda/strategist-skill/internal/install/shim.go:53.4,55.1 2 1
github.com/SergioLacerda/strategist-skill/internal/install/shim.go:56.3,56.13 1 1
github.com/SergioLacerda/strategist-skill/internal/install/shim.go:59.2,60.16 2 1
github.com/SergioLacerda/strategist-skill/internal/install/shim.go:61.3,62.1 1 1
github.com/SergioLacerda/strategist-skill/internal/install/shim.go:63.2,64.18 2 1
github.com/SergioLacerda/strategist-skill/internal/install/shim.go:65.3,66.20 2 1
github.com/SergioLacerda/strategist-skill/internal/install/shim.go:67.4,68.1 1 0
github.com/SergioLacerda/strategist-skill/internal/install/shim.go:69.3,69.58 1 1
github.com/SergioLacerda/strategist-skill/internal/install/shim.go:71.2,71.48 1 1
github.com/SergioLacerda/strategist-skill/internal/install/shim.go:79.2,80.73 2 1
github.com/SergioLacerda/strategist-skill/internal/install/shim.go:81.3,82.1 1 1
github.com/SergioLacerda/strategist-skill/internal/install/shim.go:83.2,84.12 2 1
github.com/SergioLacerda/strategist-skill/internal/install/shim.go:90.2,91.1 1 1
github.com/SergioLacerda/strategist-skill/internal/install/shim.go:97.2,97.67 1 1
github.com/SergioLacerda/strategist-skill/internal/install/shim.go:98.3,99.1 1 1
github.com/SergioLacerda/strategist-skill/internal/install/shim.go:100.2,101.66 2 1
github.com/SergioLacerda/strategist-skill/internal/install/shim.go:102.3,103.1 1 1
github.com/SergioLacerda/strategist-skill/internal/install/shim.go:104.2,104.12 1 1
github.com/SergioLacerda/strategist-skill/internal/install/shim.go:111.2,113.1 4 1
github.com/SergioLacerda/strategist-skill/internal/install/shim.go:114.2,116.1 4 1
github.com/SergioLacerda/strategist-skill/internal/install/shim.go:119.2,119.28 1 1
github.com/SergioLacerda/strategist-skill/internal/install/shim.go:120.3,121.1 1 1
github.com/SergioLacerda/strategist-skill/internal/install/shim.go:122.2,122.48 1 1
github.com/SergioLacerda/strategist-skill/internal/install/shim.go:123.3,123.67 1 1
github.com/SergioLacerda/strategist-skill/internal/install/shim.go:124.4,125.1 1 1
github.com/SergioLacerda/strategist-skill/internal/install/shim.go:130.2,130.27 1 1
github.com/SergioLacerda/strategist-skill/internal/install/shim.go:131.3,132.1 1 1
github.com/SergioLacerda/strategist-skill/internal/install/shim.go:133.2,134.66 2 1
github.com/SergioLacerda/strategist-skill/internal/install/shim.go:135.3,136.1 1 1
github.com/SergioLacerda/strategist-skill/internal/install/shim.go:142.2,147.1 1 1
github.com/SergioLacerda/strategist-skill/internal/install/shim.go:150.2,152.1 2 1
github.com/SergioLacerda/strategist-skill/internal/install/shim.go:155.2,158.1 1 1
github.com/SergioLacerda/strategist-skill/internal/install/sidecar_scaffold.go:50.2,51.1 1 1
github.com/SergioLacerda/strategist-skill/internal/install/sidecar_scaffold.go:54.2,55.1 1 1
github.com/SergioLacerda/strategist-skill/internal/install/sidecar_scaffold.go:61.2,62.16 2 1
github.com/SergioLacerda/strategist-skill/internal/install/sidecar_scaffold.go:63.3,64.1 1 1
github.com/SergioLacerda/strategist-skill/internal/install/sidecar_scaffold.go:65.2,67.9 3 1
github.com/SergioLacerda/strategist-skill/internal/install/sidecar_scaffold.go:69.3,69.50 1 1
github.com/SergioLacerda/strategist-skill/internal/install/sidecar_scaffold.go:71.3,71.71 1 0
github.com/SergioLacerda/strategist-skill/internal/install/sidecar_scaffold.go:73.3,73.74 1 1
github.com/SergioLacerda/strategist-skill/internal/install/sidecar_scaffold.go:75.2,75.44 1 1
github.com/SergioLacerda/strategist-skill/internal/install/sidecar_scaffold.go:79.2,79.11 1 1
github.com/SergioLacerda/strategist-skill/internal/install/sidecar_scaffold.go:80.3,81.1 1 1
github.com/SergioLacerda/strategist-skill/internal/install/sidecar_scaffold.go:82.2,82.59 1 1
github.com/SergioLacerda/strategist-skill/internal/install/sidecar_scaffold.go:83.3,84.1 1 0
github.com/SergioLacerda/strategist-skill/internal/install/sidecar_scaffold.go:85.2,85.71 1 1
github.com/SergioLacerda/strategist-skill/internal/install/sidecar_scaffold.go:89.2,89.16 1 1
github.com/SergioLacerda/strategist-skill/internal/install/sidecar_scaffold.go:90.3,91.1 1 1
github.com/SergioLacerda/strategist-skill/internal/install/sidecar_scaffold.go:92.2,92.17 1 1
github.com/SergioLacerda/strategist-skill/internal/install/sidecar_scaffold.go:93.3,94.1 1 1
github.com/SergioLacerda/strategist-skill/internal/install/sidecar_scaffold.go:95.2,95.59 1 1
github.com/SergioLacerda/strategist-skill/internal/install/sidecar_scaffold.go:96.3,97.1 1 0
github.com/SergioLacerda/strategist-skill/internal/install/sidecar_scaffold.go:98.2,98.75 1 1
github.com/SergioLacerda/strategist-skill/internal/install/sidecar_scaffold_declaration.go:13.2,13.21 1 1
github.com/SergioLacerda/strategist-skill/internal/install/sidecar_scaffold_declaration.go:14.3,15.1 1 1
github.com/SergioLacerda/strategist-skill/internal/install/sidecar_scaffold_declaration.go:16.2,16.21 1 1
github.com/SergioLacerda/strategist-skill/internal/install/sidecar_scaffold_declaration.go:17.3,18.1 1 1
github.com/SergioLacerda/strategist-skill/internal/install/sidecar_scaffold_declaration.go:19.2,19.53 1 1
github.com/SergioLacerda/strategist-skill/internal/install/sidecar_scaffold_declaration.go:20.3,21.1 1 1
github.com/SergioLacerda/strategist-skill/internal/install/sidecar_scaffold_declaration.go:22.2,22.60 1 1
github.com/SergioLacerda/strategist-skill/internal/install/sidecar_scaffold_declaration.go:23.3,24.1 1 1
github.com/SergioLacerda/strategist-skill/internal/install/sidecar_scaffold_declaration.go:25.2,25.31 1 1
github.com/SergioLacerda/strategist-skill/internal/install/sidecar_scaffold_declaration.go:29.2,29.29 1 1
github.com/SergioLacerda/strategist-skill/internal/install/sidecar_scaffold_declaration.go:30.3,30.32 1 1
github.com/SergioLacerda/strategist-skill/internal/install/sidecar_scaffold_declaration.go:31.4,32.1 1 1
github.com/SergioLacerda/strategist-skill/internal/install/sidecar_scaffold_declaration.go:34.2,34.12 1 1
github.com/SergioLacerda/strategist-skill/internal/install/sidecar_scaffold_declaration.go:38.2,39.27 2 1
github.com/SergioLacerda/strategist-skill/internal/install/sidecar_scaffold_declaration.go:40.3,41.17 2 1
github.com/SergioLacerda/strategist-skill/internal/install/sidecar_scaffold_declaration.go:42.4,43.1 1 1
github.com/SergioLacerda/strategist-skill/internal/install/sidecar_scaffold_declaration.go:44.3,44.21 1 1
github.com/SergioLacerda/strategist-skill/internal/install/sidecar_scaffold_declaration.go:46.2,46.29 1 1
github.com/SergioLacerda/strategist-skill/internal/install/sidecar_scaffold_declaration.go:47.3,47.19 1 1
github.com/SergioLacerda/strategist-skill/internal/install/sidecar_scaffold_declaration.go:48.4,49.1 1 0
github.com/SergioLacerda/strategist-skill/internal/install/sidecar_scaffold_declaration.go:51.2,51.12 1 1
github.com/SergioLacerda/strategist-skill/internal/install/sidecar_scaffold_declaration.go:56.2,57.9 2 1
github.com/SergioLacerda/strategist-skill/internal/install/sidecar_scaffold_declaration.go:58.3,59.1 1 1
github.com/SergioLacerda/strategist-skill/internal/install/sidecar_scaffold_declaration.go:60.2,60.39 1 1
github.com/SergioLacerda/strategist-skill/internal/install/sidecar_scaffold_declaration.go:61.3,62.1 1 1
github.com/SergioLacerda/strategist-skill/internal/install/sidecar_scaffold_declaration.go:63.2,63.23 1 1
github.com/SergioLacerda/strategist-skill/internal/install/sidecar_scaffold_declaration.go:67.2,68.33 2 1
github.com/SergioLacerda/strategist-skill/internal/install/sidecar_scaffold_declaration.go:69.3,69.33 1 1
github.com/SergioLacerda/strategist-skill/internal/install/sidecar_scaffold_declaration.go:70.4,71.1 1 1
github.com/SergioLacerda/strategist-skill/internal/install/sidecar_scaffold_declaration.go:73.2,73.18 1 1
github.com/SergioLacerda/strategist-skill/internal/install/sidecar_scaffold_inputs.go:39.2,40.16 2 1
github.com/SergioLacerda/strategist-skill/internal/install/sidecar_scaffold_inputs.go:41.3,42.1 1 1
github.com/SergioLacerda/strategist-skill/internal/install/sidecar_scaffold_inputs.go:43.2,44.16 2 1
github.com/SergioLacerda/strategist-skill/internal/install/sidecar_scaffold_inputs.go:45.3,46.1 1 1
github.com/SergioLacerda/strategist-skill/internal/install/sidecar_scaffold_inputs.go:47.2,48.16 2 1
github.com/SergioLacerda/strategist-skill/internal/install/sidecar_scaffold_inputs.go:49.3,50.1 1 1
github.com/SergioLacerda/strategist-skill/internal/install/sidecar_scaffold_inputs.go:51.2,52.16 2 1
github.com/SergioLacerda/strategist-skill/internal/install/sidecar_scaffold_inputs.go:53.3,54.1 1 1
github.com/SergioLacerda/strategist-skill/internal/install/sidecar_scaffold_inputs.go:55.2,58.8 1 1
github.com/SergioLacerda/strategist-skill/internal/install/sidecar_scaffold_inputs.go:64.2,65.16 2 1
github.com/SergioLacerda/strategist-skill/internal/install/sidecar_scaffold_inputs.go:66.3,67.1 1 1
github.com/SergioLacerda/strategist-skill/internal/install/sidecar_scaffold_inputs.go:68.2,69.16 2 1
github.com/SergioLacerda/strategist-skill/internal/install/sidecar_scaffold_inputs.go:70.3,71.1 1 0
github.com/SergioLacerda/strategist-skill/internal/install/sidecar_scaffold_inputs.go:72.2,73.19 2 1
github.com/SergioLacerda/strategist-skill/internal/install/sidecar_scaffold_inputs.go:74.3,75.1 1 1
github.com/SergioLacerda/strategist-skill/internal/install/sidecar_scaffold_inputs.go:76.2,76.19 1 1
github.com/SergioLacerda/strategist-skill/internal/install/sidecar_scaffold_inputs.go:77.3,78.1 1 1
github.com/SergioLacerda/strategist-skill/internal/install/sidecar_scaffold_inputs.go:79.2,79.30 1 1
github.com/SergioLacerda/strategist-skill/internal/install/sidecar_scaffold_inputs.go:83.2,83.16 1 1
github.com/SergioLacerda/strategist-skill/internal/install/sidecar_scaffold_inputs.go:84.3,85.1 1 1
github.com/SergioLacerda/strategist-skill/internal/install/sidecar_scaffold_inputs.go:86.2,87.16 2 1
github.com/SergioLacerda/strategist-skill/internal/install/sidecar_scaffold_inputs.go:88.3,89.1 1 1
github.com/SergioLacerda/strategist-skill/internal/install/sidecar_scaffold_inputs.go:90.2,93.52 4 1
github.com/SergioLacerda/strategist-skill/internal/install/sidecar_scaffold_inputs.go:94.3,95.1 1 1
github.com/SergioLacerda/strategist-skill/internal/install/sidecar_scaffold_inputs.go:96.2,96.29 1 1
github.com/SergioLacerda/strategist-skill/internal/install/sidecar_scaffold_inputs.go:100.2,100.22 1 1
github.com/SergioLacerda/strategist-skill/internal/install/sidecar_scaffold_inputs.go:102.3,102.130 1 1
github.com/SergioLacerda/strategist-skill/internal/install/sidecar_scaffold_inputs.go:104.3,104.69 1 1
github.com/SergioLacerda/strategist-skill/internal/install/sidecar_scaffold_inputs.go:106.3,106.184 1 1
github.com/SergioLacerda/strategist-skill/internal/install/sidecar_scaffold_inputs.go:111.2,111.95 1 1
github.com/SergioLacerda/strategist-skill/internal/install/sidecar_scaffold_inputs.go:112.3,113.1 1 1
github.com/SergioLacerda/strategist-skill/internal/install/sidecar_scaffold_inputs.go:114.2,114.31 1 1
github.com/SergioLacerda/strategist-skill/internal/install/sidecar_scaffold_inputs.go:115.3,116.1 1 1
github.com/SergioLacerda/strategist-skill/internal/install/sidecar_scaffold_inputs.go:117.2,118.54 2 1
github.com/SergioLacerda/strategist-skill/internal/install/sidecar_scaffold_inputs.go:119.3,120.1 1 1
github.com/SergioLacerda/strategist-skill/internal/install/sidecar_scaffold_inputs.go:121.2,121.43 1 1
github.com/SergioLacerda/strategist-skill/internal/install/sidecar_scaffold_inputs.go:122.3,123.1 1 0
github.com/SergioLacerda/strategist-skill/internal/install/sidecar_scaffold_inputs.go:124.2,124.32 1 1
github.com/SergioLacerda/strategist-skill/internal/install/sidecar_scaffold_inputs.go:128.2,130.1 2 1
github.com/SergioLacerda/strategist-skill/internal/install/sidecar_scaffold_inputs.go:133.2,135.1 2 1
github.com/SergioLacerda/strategist-skill/internal/install/sidecar_scaffold_render.go:42.2,43.16 2 1
github.com/SergioLacerda/strategist-skill/internal/install/sidecar_scaffold_render.go:44.3,45.1 1 1
github.com/SergioLacerda/strategist-skill/internal/install/sidecar_scaffold_render.go:46.2,50.44 5 1
github.com/SergioLacerda/strategist-skill/internal/install/sidecar_scaffold_render.go:51.3,52.1 1 0
github.com/SergioLacerda/strategist-skill/internal/install/sidecar_scaffold_render.go:53.2,53.40 1 1
github.com/SergioLacerda/strategist-skill/internal/install/sidecar_scaffold_render.go:54.3,55.1 1 0
github.com/SergioLacerda/strategist-skill/internal/install/sidecar_scaffold_render.go:56.2,57.63 2 1
github.com/SergioLacerda/strategist-skill/internal/install/sidecar_scaffold_render.go:58.3,59.1 1 0
github.com/SergioLacerda/strategist-skill/internal/install/sidecar_scaffold_render.go:60.2,60.53 1 1
github.com/SergioLacerda/strategist-skill/internal/install/sidecar_scaffold_render.go:64.2,71.1 2 1
github.com/SergioLacerda/strategist-skill/internal/install/sidecar_scaffold_render.go:72.2,72.29 2 1
github.com/SergioLacerda/strategist-skill/internal/install/sidecar_scaffold_render.go:73.3,74.1 1 1
github.com/SergioLacerda/strategist-skill/internal/install/sidecar_scaffold_render.go:75.2,75.12 1 1
github.com/SergioLacerda/strategist-skill/internal/install/sidecar_scaffold_render.go:81.2,90.1 2 1
github.com/SergioLacerda/strategist-skill/internal/install/sidecar_scaffold_render.go:91.3,93.1 2 1
github.com/SergioLacerda/strategist-skill/internal/install/sidecar_scaffold_render.go:94.2,94.48 1 1
github.com/SergioLacerda/strategist-skill/internal/install/sidecar_scaffold_render.go:100.2,101.55 2 1
github.com/SergioLacerda/strategist-skill/internal/install/sidecar_scaffold_render.go:102.3,103.1 1 1
github.com/SergioLacerda/strategist-skill/internal/install/sidecar_scaffold_render.go:104.2,104.75 1 1
github.com/SergioLacerda/strategist-skill/internal/install/sidecar_scaffold_render.go:105.3,106.1 1 1
github.com/SergioLacerda/strategist-skill/internal/install/sidecar_scaffold_render.go:107.2,107.12 1 1
github.com/SergioLacerda/strategist-skill/internal/install/silent_ranked_promotion.go:10.2,14.1 2 1
github.com/SergioLacerda/strategist-skill/internal/install/silent_ranked_promotion.go:15.2,15.38 2 1
github.com/SergioLacerda/strategist-skill/internal/install/silent_ranked_promotion.go:16.3,16.54 1 1
github.com/SergioLacerda/strategist-skill/internal/install/silent_ranked_promotion.go:17.4,18.1 1 1
github.com/SergioLacerda/strategist-skill/internal/install/silent_ranked_promotion.go:20.2,20.57 1 1
github.com/SergioLacerda/strategist-skill/internal/install/silent_ranked_promotion.go:26.2,27.67 2 1
github.com/SergioLacerda/strategist-skill/internal/install/silent_ranked_promotion.go:28.3,29.1 1 1
github.com/SergioLacerda/strategist-skill/internal/install/silent_ranked_promotion.go:30.2,30.89 1 1
github.com/SergioLacerda/strategist-skill/internal/install/silent_ranked_promotion.go:34.2,34.14 1 1
github.com/SergioLacerda/strategist-skill/internal/install/silent_ranked_promotion.go:36.3,36.50 1 1
github.com/SergioLacerda/strategist-skill/internal/install/silent_ranked_promotion.go:38.3,38.51 1 1
github.com/SergioLacerda/strategist-skill/internal/install/silent_ranked_promotion.go:40.3,40.50 1 1
github.com/SergioLacerda/strategist-skill/internal/install/tui.go:22.2,23.1 1 1
github.com/SergioLacerda/strategist-skill/internal/install/tui.go:27.2,29.28 3 1
github.com/SergioLacerda/strategist-skill/internal/install/tui.go:30.3,31.1 1 1
github.com/SergioLacerda/strategist-skill/internal/install/tui.go:32.2,37.16 1 1
github.com/SergioLacerda/strategist-skill/internal/install/tui.go:38.3,39.1 1 1
github.com/SergioLacerda/strategist-skill/internal/install/tui.go:40.2,40.20 1 1
github.com/SergioLacerda/strategist-skill/internal/install/tui.go:45.2,50.16 2 1
github.com/SergioLacerda/strategist-skill/internal/install/tui.go:51.3,52.1 1 1
github.com/SergioLacerda/strategist-skill/internal/install/tui.go:53.2,53.20 1 1
github.com/SergioLacerda/strategist-skill/internal/install/tui.go:59.2,60.28 2 1
github.com/SergioLacerda/strategist-skill/internal/install/tui.go:61.3,62.1 1 1
github.com/SergioLacerda/strategist-skill/internal/install/tui.go:63.2,64.1 3 1
github.com/SergioLacerda/strategist-skill/internal/install/tui.go:65.2,71.16 3 1
github.com/SergioLacerda/strategist-skill/internal/install/tui.go:72.3,73.1 1 1
github.com/SergioLacerda/strategist-skill/internal/install/tui.go:75.2,75.30 1 1
github.com/SergioLacerda/strategist-skill/internal/install/tui.go:76.3,77.1 1 1
github.com/SergioLacerda/strategist-skill/internal/install/tui.go:80.2,85.16 2 1
github.com/SergioLacerda/strategist-skill/internal/install/tui.go:86.3,87.1 1 1
github.com/SergioLacerda/strategist-skill/internal/install/tui.go:88.2,88.20 1 1
github.com/SergioLacerda/strategist-skill/internal/install/upgrade.go:38.2,38.21 1 1
github.com/SergioLacerda/strategist-skill/internal/install/upgrade.go:39.3,40.1 1 1
github.com/SergioLacerda/strategist-skill/internal/install/upgrade.go:41.2,42.16 2 1
github.com/SergioLacerda/strategist-skill/internal/install/upgrade.go:43.3,44.1 1 1
github.com/SergioLacerda/strategist-skill/internal/install/upgrade.go:46.2,47.16 2 1
github.com/SergioLacerda/strategist-skill/internal/install/upgrade.go:48.3,49.1 1 1
github.com/SergioLacerda/strategist-skill/internal/install/upgrade.go:51.2,52.16 2 1
github.com/SergioLacerda/strategist-skill/internal/install/upgrade.go:53.3,54.1 1 1
github.com/SergioLacerda/strategist-skill/internal/install/upgrade.go:56.2,57.16 2 1
github.com/SergioLacerda/strategist-skill/internal/install/upgrade.go:58.3,59.1 1 1
github.com/SergioLacerda/strategist-skill/internal/install/upgrade.go:60.2,61.16 2 1
github.com/SergioLacerda/strategist-skill/internal/install/upgrade.go:62.3,63.1 1 0
github.com/SergioLacerda/strategist-skill/internal/install/upgrade.go:64.2,66.16 3 1
github.com/SergioLacerda/strategist-skill/internal/install/upgrade.go:67.3,68.1 1 0
github.com/SergioLacerda/strategist-skill/internal/install/upgrade.go:70.2,70.42 1 1
github.com/SergioLacerda/strategist-skill/internal/install/upgrade.go:70.44,70.86 1 1
github.com/SergioLacerda/strategist-skill/internal/install/upgrade.go:71.2,71.105 1 1
github.com/SergioLacerda/strategist-skill/internal/install/upgrade.go:81.2,82.16 2 1
github.com/SergioLacerda/strategist-skill/internal/install/upgrade.go:83.3,84.1 1 1
github.com/SergioLacerda/strategist-skill/internal/install/upgrade.go:85.2,85.70 1 1
github.com/SergioLacerda/strategist-skill/internal/install/upgrade.go:86.3,87.1 1 0
github.com/SergioLacerda/strategist-skill/internal/install/upgrade.go:88.2,88.21 1 1
github.com/SergioLacerda/strategist-skill/internal/install/upgrade.go:94.2,95.11 2 1
github.com/SergioLacerda/strategist-skill/internal/install/upgrade.go:96.3,97.1 1 1
github.com/SergioLacerda/strategist-skill/internal/install/upgrade.go:98.2,99.28 2 1
github.com/SergioLacerda/strategist-skill/internal/install/upgrade.go:100.3,101.1 1 1
github.com/SergioLacerda/strategist-skill/internal/install/upgrade.go:102.2,103.12 2 1
github.com/SergioLacerda/strategist-skill/internal/install/upgrade.go:107.2,107.32 1 1
github.com/SergioLacerda/strategist-skill/internal/install/upgrade.go:108.3,108.81 1 1
github.com/SergioLacerda/strategist-skill/internal/install/upgrade.go:109.4,110.1 1 1
github.com/SergioLacerda/strategist-skill/internal/install/upgrade.go:112.2,112.11 1 1
github.com/SergioLacerda/strategist-skill/internal/install/upgrade.go:118.2,119.16 2 1
github.com/SergioLacerda/strategist-skill/internal/install/upgrade.go:120.3,121.1 1 0
github.com/SergioLacerda/strategist-skill/internal/install/upgrade.go:122.2,123.16 2 1
github.com/SergioLacerda/strategist-skill/internal/install/upgrade.go:124.3,125.1 1 0
github.com/SergioLacerda/strategist-skill/internal/install/upgrade.go:126.2,127.16 2 1
github.com/SergioLacerda/strategist-skill/internal/install/upgrade.go:128.3,129.1 1 0
github.com/SergioLacerda/strategist-skill/internal/install/upgrade.go:130.2,131.35 2 1
github.com/SergioLacerda/strategist-skill/internal/install/upgrade.go:135.2,136.26 2 1
github.com/SergioLacerda/strategist-skill/internal/install/upgrade.go:137.3,138.17 2 1
github.com/SergioLacerda/strategist-skill/internal/install/upgrade.go:139.4,140.1 1 1
github.com/SergioLacerda/strategist-skill/internal/install/upgrade.go:141.3,141.37 1 1
github.com/SergioLacerda/strategist-skill/internal/install/upgrade.go:143.2,143.20 1 1
github.com/SergioLacerda/strategist-skill/internal/install/upgrade.go:153.2,154.26 2 1
github.com/SergioLacerda/strategist-skill/internal/install/upgrade.go:155.3,156.17 2 1
github.com/SergioLacerda/strategist-skill/internal/install/upgrade.go:157.4,158.1 1 1
github.com/SergioLacerda/strategist-skill/internal/install/upgrade.go:159.3,160.17 2 1
github.com/SergioLacerda/strategist-skill/internal/install/upgrade.go:161.4,162.1 1 1
github.com/SergioLacerda/strategist-skill/internal/install/upgrade.go:163.3,171.69 3 1
github.com/SergioLacerda/strategist-skill/internal/install/upgrade.go:173.2,173.21 1 1
github.com/SergioLacerda/strategist-skill/internal/install/upgrade_apply.go:20.2,21.96 2 1
github.com/SergioLacerda/strategist-skill/internal/install/upgrade_apply.go:22.3,23.1 1 1
github.com/SergioLacerda/strategist-skill/internal/install/upgrade_apply.go:28.2,30.23 3 1
github.com/SergioLacerda/strategist-skill/internal/install/upgrade_apply.go:31.3,33.17 3 1
github.com/SergioLacerda/strategist-skill/internal/install/upgrade_apply.go:34.4,35.1 1 1
github.com/SergioLacerda/strategist-skill/internal/install/upgrade_apply.go:38.2,38.82 1 1
github.com/SergioLacerda/strategist-skill/internal/install/upgrade_apply.go:39.3,40.1 1 1
github.com/SergioLacerda/strategist-skill/internal/install/upgrade_apply.go:41.2,41.23 1 1
github.com/SergioLacerda/strategist-skill/internal/install/upgrade_apply.go:48.2,48.28 1 1
github.com/SergioLacerda/strategist-skill/internal/install/upgrade_apply.go:49.3,49.62 1 1
github.com/SergioLacerda/strategist-skill/internal/install/upgrade_apply.go:50.4,51.1 1 1
github.com/SergioLacerda/strategist-skill/internal/install/upgrade_apply.go:53.2,53.73 1 1
github.com/SergioLacerda/strategist-skill/internal/install/upgrade_apply.go:54.3,55.1 1 0
github.com/SergioLacerda/strategist-skill/internal/install/upgrade_apply.go:56.2,56.67 1 1
github.com/SergioLacerda/strategist-skill/internal/install/upgrade_apply.go:57.3,58.1 1 1
github.com/SergioLacerda/strategist-skill/internal/install/upgrade_apply.go:59.2,59.54 1 1
github.com/SergioLacerda/strategist-skill/internal/install/upgrade_apply.go:63.2,64.64 2 1
github.com/SergioLacerda/strategist-skill/internal/install/upgrade_apply.go:65.3,66.1 1 0
github.com/SergioLacerda/strategist-skill/internal/install/upgrade_apply.go:67.2,67.73 1 1
github.com/SergioLacerda/strategist-skill/internal/install/upgrade_apply.go:68.3,69.1 1 1
github.com/SergioLacerda/strategist-skill/internal/install/upgrade_apply.go:70.2,70.12 1 1
github.com/SergioLacerda/strategist-skill/internal/install/upgrade_apply.go:80.2,80.33 1 1
github.com/SergioLacerda/strategist-skill/internal/install/upgrade_apply.go:81.3,81.73 1 1
github.com/SergioLacerda/strategist-skill/internal/install/upgrade_apply.go:82.4,83.1 1 0
github.com/SergioLacerda/strategist-skill/internal/install/upgrade_apply.go:85.2,85.91 1 1
github.com/SergioLacerda/strategist-skill/internal/install/upgrade_apply.go:86.3,87.1 1 0
github.com/SergioLacerda/strategist-skill/internal/install/upgrade_apply.go:88.2,88.12 1 1
github.com/SergioLacerda/strategist-skill/internal/install/upgrade_apply.go:92.2,92.33 1 1
github.com/SergioLacerda/strategist-skill/internal/install/upgrade_apply.go:93.3,93.18 1 1
github.com/SergioLacerda/strategist-skill/internal/install/upgrade_apply.go:95.4,95.39 1 1
github.com/SergioLacerda/strategist-skill/internal/install/upgrade_apply.go:97.4,97.37 1 1
github.com/SergioLacerda/strategist-skill/internal/install/upgrade_apply.go:99.4,100.39 2 1
github.com/SergioLacerda/strategist-skill/internal/install/upgrade_apply.go:102.4,102.13 1 1
github.com/SergioLacerda/strategist-skill/internal/install/upgrade_apply.go:103.5,105.1 2 1
github.com/SergioLacerda/strategist-skill/internal/install/upgrade_apply.go:106.54,106.54 0 1
github.com/SergioLacerda/strategist-skill/internal/install/upgrade_apply.go:110.2,110.36 1 1
github.com/SergioLacerda/strategist-skill/internal/install/upgrade_apply.go:114.2,115.16 2 1
github.com/SergioLacerda/strategist-skill/internal/install/upgrade_apply.go:116.3,117.1 1 1
github.com/SergioLacerda/strategist-skill/internal/install/upgrade_apply.go:118.2,119.16 2 1
github.com/SergioLacerda/strategist-skill/internal/install/upgrade_apply.go:120.3,121.1 1 1
github.com/SergioLacerda/strategist-skill/internal/install/upgrade_apply.go:122.2,122.65 1 1
github.com/SergioLacerda/strategist-skill/internal/install/upgrade_apply.go:123.3,124.1 1 1
github.com/SergioLacerda/strategist-skill/internal/install/upgrade_apply.go:125.2,125.12 1 1
github.com/SergioLacerda/strategist-skill/internal/install/upgrade_apply.go:134.2,136.16 3 1
github.com/SergioLacerda/strategist-skill/internal/install/upgrade_apply.go:137.3,138.1 1 1
github.com/SergioLacerda/strategist-skill/internal/install/upgrade_apply.go:140.2,140.26 1 1
github.com/SergioLacerda/strategist-skill/internal/install/upgrade_apply.go:141.3,141.76 1 1
github.com/SergioLacerda/strategist-skill/internal/install/upgrade_apply.go:142.4,143.1 1 1
github.com/SergioLacerda/strategist-skill/internal/install/upgrade_apply.go:146.2,146.103 1 1
github.com/SergioLacerda/strategist-skill/internal/install/upgrade_apply.go:147.3,148.1 1 0
github.com/SergioLacerda/strategist-skill/internal/install/upgrade_apply.go:149.2,149.23 1 1
github.com/SergioLacerda/strategist-skill/internal/install/upgrade_apply.go:153.2,154.16 2 1
github.com/SergioLacerda/strategist-skill/internal/install/upgrade_apply.go:155.3,156.1 1 1
github.com/SergioLacerda/strategist-skill/internal/install/upgrade_apply.go:157.2,158.16 2 1
github.com/SergioLacerda/strategist-skill/internal/install/upgrade_apply.go:159.3,159.25 1 1
github.com/SergioLacerda/strategist-skill/internal/install/upgrade_apply.go:160.4,161.1 1 1
github.com/SergioLacerda/strategist-skill/internal/install/upgrade_apply.go:162.3,162.58 1 1
github.com/SergioLacerda/strategist-skill/internal/install/upgrade_apply.go:164.2,165.16 2 1
github.com/SergioLacerda/strategist-skill/internal/install/upgrade_apply.go:166.3,167.1 1 0
github.com/SergioLacerda/strategist-skill/internal/install/upgrade_apply.go:168.2,168.62 1 1
github.com/SergioLacerda/strategist-skill/internal/install/upgrade_apply.go:169.3,170.1 1 0
github.com/SergioLacerda/strategist-skill/internal/install/upgrade_apply.go:171.2,171.12 1 1
github.com/SergioLacerda/strategist-skill/internal/install/upgrade_downgrade.go:16.2,17.27 2 1
github.com/SergioLacerda/strategist-skill/internal/install/upgrade_downgrade.go:20.3,21.1 1 1
github.com/SergioLacerda/strategist-skill/internal/install/upgrade_downgrade.go:22.2,22.46 1 1
github.com/SergioLacerda/strategist-skill/internal/install/upgrade_downgrade.go:23.3,23.104 1 1
github.com/SergioLacerda/strategist-skill/internal/install/upgrade_downgrade.go:24.4,25.1 1 1
github.com/SergioLacerda/strategist-skill/internal/install/upgrade_downgrade.go:27.2,27.12 1 1
github.com/SergioLacerda/strategist-skill/internal/install/upgrade_downgrade.go:32.2,33.61 2 1
github.com/SergioLacerda/strategist-skill/internal/install/upgrade_downgrade.go:34.3,35.1 1 1
github.com/SergioLacerda/strategist-skill/internal/install/upgrade_downgrade.go:36.2,37.29 2 1
github.com/SergioLacerda/strategist-skill/internal/install/upgrade_downgrade.go:38.3,38.22 1 1
github.com/SergioLacerda/strategist-skill/internal/install/upgrade_downgrade.go:39.4,40.1 1 1
github.com/SergioLacerda/strategist-skill/internal/install/upgrade_downgrade.go:42.2,42.12 1 1
github.com/SergioLacerda/strategist-skill/internal/install/upgrade_downgrade.go:46.2,47.16 2 1
github.com/SergioLacerda/strategist-skill/internal/install/upgrade_downgrade.go:48.3,49.1 1 0
github.com/SergioLacerda/strategist-skill/internal/install/upgrade_downgrade.go:50.2,56.49 3 1
github.com/SergioLacerda/strategist-skill/internal/install/upgrade_downgrade.go:57.3,58.1 1 1
github.com/SergioLacerda/strategist-skill/internal/install/upgrade_downgrade.go:59.2,59.12 1 1
github.com/SergioLacerda/strategist-skill/internal/install/upgrade_migrate.go:18.2,19.33 2 1
github.com/SergioLacerda/strategist-skill/internal/install/upgrade_migrate.go:20.3,21.1 1 1
github.com/SergioLacerda/strategist-skill/internal/install/upgrade_migrate.go:22.2,22.49 1 1
github.com/SergioLacerda/strategist-skill/internal/install/upgrade_migrate.go:23.3,24.1 1 1
github.com/SergioLacerda/strategist-skill/internal/install/upgrade_migrate.go:25.2,25.47 1 1
github.com/SergioLacerda/strategist-skill/internal/install/upgrade_migrate.go:29.2,30.27 2 1
github.com/SergioLacerda/strategist-skill/internal/install/upgrade_migrate.go:31.3,31.78 1 1
github.com/SergioLacerda/strategist-skill/internal/install/upgrade_migrate.go:32.4,33.1 1 1
github.com/SergioLacerda/strategist-skill/internal/install/upgrade_migrate.go:35.2,35.17 1 1
github.com/SergioLacerda/strategist-skill/internal/install/upgrade_migrate.go:41.2,41.27 1 1
github.com/SergioLacerda/strategist-skill/internal/install/upgrade_migrate.go:42.3,43.17 2 1
github.com/SergioLacerda/strategist-skill/internal/install/upgrade_migrate.go:44.4,45.1 1 0
github.com/SergioLacerda/strategist-skill/internal/install/upgrade_migrate.go:46.3,46.64 1 1
github.com/SergioLacerda/strategist-skill/internal/install/upgrade_migrate.go:47.4,48.1 1 0
github.com/SergioLacerda/strategist-skill/internal/install/upgrade_migrate.go:49.3,49.52 1 1
github.com/SergioLacerda/strategist-skill/internal/install/upgrade_migrate.go:51.2,51.12 1 1
github.com/SergioLacerda/strategist-skill/internal/install/upgrade_migrate.go:56.2,56.50 1 1
github.com/SergioLacerda/strategist-skill/internal/install/upgrade_migrate.go:57.3,57.40 1 1
github.com/SergioLacerda/strategist-skill/internal/install/upgrade_migrate.go:58.4,59.1 1 1
github.com/SergioLacerda/strategist-skill/internal/install/upgrade_migrate.go:60.3,60.26 1 1
github.com/SergioLacerda/strategist-skill/internal/install/upgrade_orphans.go:17.2,17.21 1 1
github.com/SergioLacerda/strategist-skill/internal/install/upgrade_orphans.go:18.3,19.1 1 1
github.com/SergioLacerda/strategist-skill/internal/install/upgrade_orphans.go:20.2,22.35 3 1
github.com/SergioLacerda/strategist-skill/internal/install/upgrade_orphans.go:23.3,23.64 1 1
github.com/SergioLacerda/strategist-skill/internal/install/upgrade_orphans.go:24.4,24.12 1 1
github.com/SergioLacerda/strategist-skill/internal/install/upgrade_orphans.go:26.3,27.17 2 1
github.com/SergioLacerda/strategist-skill/internal/install/upgrade_orphans.go:28.4,29.1 1 0
github.com/SergioLacerda/strategist-skill/internal/install/upgrade_orphans.go:30.3,30.74 1 1
github.com/SergioLacerda/strategist-skill/internal/install/upgrade_orphans.go:32.2,32.21 1 1
github.com/SergioLacerda/strategist-skill/internal/install/upgrade_orphans.go:38.2,38.47 1 1
github.com/SergioLacerda/strategist-skill/internal/install/upgrade_orphans.go:39.3,40.1 1 1
github.com/SergioLacerda/strategist-skill/internal/install/upgrade_orphans.go:41.2,42.16 2 1
github.com/SergioLacerda/strategist-skill/internal/install/upgrade_orphans.go:43.3,44.1 1 0
github.com/SergioLacerda/strategist-skill/internal/install/upgrade_orphans.go:45.2,46.16 2 1
github.com/SergioLacerda/strategist-skill/internal/install/upgrade_orphans.go:47.3,48.1 1 0
github.com/SergioLacerda/strategist-skill/internal/install/upgrade_orphans.go:49.2,49.42 1 1
github.com/SergioLacerda/strategist-skill/internal/install/upgrade_orphans.go:50.3,51.1 1 1
github.com/SergioLacerda/strategist-skill/internal/install/upgrade_orphans.go:52.2,52.36 1 1
github.com/SergioLacerda/strategist-skill/internal/install/upgrade_orphans.go:58.2,59.35 2 1
github.com/SergioLacerda/strategist-skill/internal/install/upgrade_orphans.go:60.3,61.45 2 1
github.com/SergioLacerda/strategist-skill/internal/install/upgrade_orphans.go:62.4,62.12 1 1
github.com/SergioLacerda/strategist-skill/internal/install/upgrade_orphans.go:64.3,64.56 1 1
github.com/SergioLacerda/strategist-skill/internal/install/upgrade_orphans.go:65.4,66.1 1 1
github.com/SergioLacerda/strategist-skill/internal/install/upgrade_orphans.go:68.2,68.12 1 1
github.com/SergioLacerda/strategist-skill/internal/install/upgrade_orphans.go:76.2,77.103 2 1
github.com/SergioLacerda/strategist-skill/internal/install/upgrade_orphans.go:78.3,79.1 1 1
github.com/SergioLacerda/strategist-skill/internal/install/upgrade_orphans.go:80.2,80.33 1 1
github.com/SergioLacerda/strategist-skill/internal/install/upgrade_orphans.go:86.2,87.16 2 1
github.com/SergioLacerda/strategist-skill/internal/install/upgrade_orphans.go:88.3,89.1 1 0
github.com/SergioLacerda/strategist-skill/internal/install/upgrade_orphans.go:90.2,91.44 2 1
github.com/SergioLacerda/strategist-skill/internal/install/upgrade_orphans.go:92.3,92.93 1 1
github.com/SergioLacerda/strategist-skill/internal/install/upgrade_orphans.go:93.4,94.1 1 1
github.com/SergioLacerda/strategist-skill/internal/install/upgrade_orphans.go:96.2,97.19 2 1
github.com/SergioLacerda/strategist-skill/internal/install/upgrade_rollback.go:17.2,18.16 2 1
github.com/SergioLacerda/strategist-skill/internal/install/upgrade_rollback.go:19.3,20.1 1 1
github.com/SergioLacerda/strategist-skill/internal/install/upgrade_rollback.go:21.2,22.16 2 1
github.com/SergioLacerda/strategist-skill/internal/install/upgrade_rollback.go:23.3,23.25 1 1
github.com/SergioLacerda/strategist-skill/internal/install/upgrade_rollback.go:24.4,25.1 1 1
github.com/SergioLacerda/strategist-skill/internal/install/upgrade_rollback.go:26.3,26.50 1 1
github.com/SergioLacerda/strategist-skill/internal/install/upgrade_rollback.go:28.2,29.28 2 1
github.com/SergioLacerda/strategist-skill/internal/install/upgrade_rollback.go:30.3,30.16 1 1
github.com/SergioLacerda/strategist-skill/internal/install/upgrade_rollback.go:31.4,32.1 1 1
github.com/SergioLacerda/strategist-skill/internal/install/upgrade_rollback.go:34.2,35.20 2 1
github.com/SergioLacerda/strategist-skill/internal/install/upgrade_rollback.go:44.2,45.16 2 1
github.com/SergioLacerda/strategist-skill/internal/install/upgrade_rollback.go:46.3,47.1 1 1
github.com/SergioLacerda/strategist-skill/internal/install/upgrade_rollback.go:48.2,48.34 1 1
github.com/SergioLacerda/strategist-skill/internal/install/upgrade_rollback.go:49.3,50.1 1 1
github.com/SergioLacerda/strategist-skill/internal/install/upgrade_rollback.go:52.2,53.91 2 1
github.com/SergioLacerda/strategist-skill/internal/install/upgrade_rollback.go:54.3,54.93 1 1
github.com/SergioLacerda/strategist-skill/internal/install/upgrade_rollback.go:55.4,56.1 1 1
github.com/SergioLacerda/strategist-skill/internal/install/upgrade_rollback.go:56.10,56.22 1 1
github.com/SergioLacerda/strategist-skill/internal/install/upgrade_rollback.go:57.4,58.1 1 1
github.com/SergioLacerda/strategist-skill/internal/install/upgrade_rollback.go:59.3,59.13 1 1
github.com/SergioLacerda/strategist-skill/internal/install/upgrade_rollback.go:61.2,61.20 1 1
github.com/SergioLacerda/strategist-skill/internal/install/upgrade_rollback.go:62.3,63.1 1 1
github.com/SergioLacerda/strategist-skill/internal/install/upgrade_rollback.go:64.2,64.19 1 1
github.com/SergioLacerda/strategist-skill/internal/install/upgrade_rollback.go:68.2,68.20 1 1
github.com/SergioLacerda/strategist-skill/internal/install/upgrade_rollback.go:69.3,70.1 1 0
github.com/SergioLacerda/strategist-skill/internal/install/upgrade_rollback.go:71.2,71.19 1 1
github.com/SergioLacerda/strategist-skill/internal/install/upgrade_rollback.go:72.3,73.1 1 1
github.com/SergioLacerda/strategist-skill/internal/install/upgrade_rollback.go:74.2,75.16 2 1
github.com/SergioLacerda/strategist-skill/internal/install/upgrade_rollback.go:76.3,77.1 1 0
github.com/SergioLacerda/strategist-skill/internal/install/upgrade_rollback.go:78.2,79.16 2 1
github.com/SergioLacerda/strategist-skill/internal/install/upgrade_rollback.go:80.3,81.1 1 1
github.com/SergioLacerda/strategist-skill/internal/install/upgrade_rollback.go:82.2,83.16 2 1
github.com/SergioLacerda/strategist-skill/internal/install/upgrade_rollback.go:84.3,85.1 1 0
github.com/SergioLacerda/strategist-skill/internal/install/upgrade_rollback.go:86.2,86.62 1 1
github.com/SergioLacerda/strategist-skill/internal/install/upgrade_rollback.go:87.3,88.1 1 1
github.com/SergioLacerda/strategist-skill/internal/install/upgrade_rollback.go:89.2,89.18 1 1
github.com/SergioLacerda/strategist-skill/internal/install/weapon_pin_compare.go:45.2,46.16 2 1
github.com/SergioLacerda/strategist-skill/internal/install/weapon_pin_compare.go:47.3,48.1 1 1
github.com/SergioLacerda/strategist-skill/internal/install/weapon_pin_compare.go:49.2,50.9 2 1
github.com/SergioLacerda/strategist-skill/internal/install/weapon_pin_compare.go:52.3,52.47 1 1
github.com/SergioLacerda/strategist-skill/internal/install/weapon_pin_compare.go:54.3,54.44 1 1
github.com/SergioLacerda/strategist-skill/internal/install/weapon_pin_compare.go:56.3,56.38 1 1
github.com/SergioLacerda/strategist-skill/internal/install/weapon_pin_compare.go:58.3,58.41 1 1
github.com/SergioLacerda/strategist-skill/internal/install/weapon_pin_compare.go:60.2,60.20 1 1
github.com/SergioLacerda/strategist-skill/internal/install/weapon_pin_compare.go:67.2,68.16 2 1
github.com/SergioLacerda/strategist-skill/internal/install/weapon_pin_compare.go:69.3,70.1 1 1
github.com/SergioLacerda/strategist-skill/internal/install/weapon_pin_compare.go:71.2,72.52 2 1
github.com/SergioLacerda/strategist-skill/internal/install/weapon_pin_lookup.go:21.2,22.16 2 1
github.com/SergioLacerda/strategist-skill/internal/install/weapon_pin_lookup.go:23.3,24.1 1 1
github.com/SergioLacerda/strategist-skill/internal/install/weapon_pin_lookup.go:25.2,26.16 2 1
github.com/SergioLacerda/strategist-skill/internal/install/weapon_pin_lookup.go:27.3,28.1 1 0
github.com/SergioLacerda/strategist-skill/internal/install/weapon_pin_lookup.go:29.2,29.45 1 1
github.com/SergioLacerda/strategist-skill/internal/install/weapon_pin_lookup.go:30.3,30.32 1 1
github.com/SergioLacerda/strategist-skill/internal/install/weapon_pin_lookup.go:31.4,32.1 1 1
github.com/SergioLacerda/strategist-skill/internal/install/weapon_pin_lookup.go:34.2,34.109 1 1
github.com/SergioLacerda/strategist-skill/internal/install/wizard.go:29.2,30.16 2 1
github.com/SergioLacerda/strategist-skill/internal/install/wizard.go:31.3,32.1 1 1
github.com/SergioLacerda/strategist-skill/internal/install/wizard.go:33.2,42.1 2 1
github.com/SergioLacerda/strategist-skill/internal/install/wizard.go:43.2,43.51 2 1
github.com/SergioLacerda/strategist-skill/internal/install/wizard.go:44.3,45.1 1 1
github.com/SergioLacerda/strategist-skill/internal/install/wizard.go:46.2,47.47 2 1
github.com/SergioLacerda/strategist-skill/internal/install/wizard.go:48.3,49.1 1 1
github.com/SergioLacerda/strategist-skill/internal/install/wizard.go:50.2,50.43 1 1
github.com/SergioLacerda/strategist-skill/internal/install/wizard.go:51.3,52.1 1 1
github.com/SergioLacerda/strategist-skill/internal/install/wizard.go:53.2,53.12 1 1
github.com/SergioLacerda/strategist-skill/internal/install/wizard.go:59.2,60.9 2 1
github.com/SergioLacerda/strategist-skill/internal/install/wizard.go:61.3,63.1 1 1
github.com/SergioLacerda/strategist-skill/internal/install/wizard.go:64.2,64.26 1 1
github.com/SergioLacerda/strategist-skill/internal/install/wizard.go:65.3,67.1 1 1
github.com/SergioLacerda/strategist-skill/internal/install/wizard.go:68.2,68.11 1 1
github.com/SergioLacerda/strategist-skill/internal/install/wizard.go:78.2,79.15 2 1
github.com/SergioLacerda/strategist-skill/internal/install/wizard.go:80.3,80.20 1 1
github.com/SergioLacerda/strategist-skill/internal/install/wizard.go:81.4,83.1 2 1
github.com/SergioLacerda/strategist-skill/internal/install/wizard.go:84.3,84.13 1 1
github.com/SergioLacerda/strategist-skill/internal/install/wizard.go:87.2,88.23 2 1
github.com/SergioLacerda/strategist-skill/internal/install/wizard.go:89.3,90.1 1 1
github.com/SergioLacerda/strategist-skill/internal/install/wizard.go:92.2,94.16 3 1
github.com/SergioLacerda/strategist-skill/internal/install/wizard.go:95.3,96.1 1 1
github.com/SergioLacerda/strategist-skill/internal/install/wizard.go:97.2,98.16 2 1
github.com/SergioLacerda/strategist-skill/internal/install/wizard.go:99.3,100.1 1 1
github.com/SergioLacerda/strategist-skill/internal/install/wizard.go:101.2,103.16 3 1
github.com/SergioLacerda/strategist-skill/internal/install/wizard.go:107.2,109.16 3 1
github.com/SergioLacerda/strategist-skill/internal/install/wizard.go:110.3,111.1 1 1
github.com/SergioLacerda/strategist-skill/internal/install/wizard.go:112.2,113.16 2 1
github.com/SergioLacerda/strategist-skill/internal/install/wizard.go:114.3,115.1 1 1
github.com/SergioLacerda/strategist-skill/internal/install/wizard.go:116.2,117.16 2 1
github.com/SergioLacerda/strategist-skill/internal/install/wizard.go:118.3,119.1 1 1
github.com/SergioLacerda/strategist-skill/internal/install/wizard.go:120.2,121.16 2 1
github.com/SergioLacerda/strategist-skill/internal/install/wizard.go:122.3,123.1 1 1
github.com/SergioLacerda/strategist-skill/internal/install/wizard.go:128.2,128.399 1 1
github.com/SergioLacerda/strategist-skill/internal/install/wizard.go:141.2,141.67 1 1
github.com/SergioLacerda/strategist-skill/internal/install/wizard.go:142.3,143.1 1 1
github.com/SergioLacerda/strategist-skill/internal/install/wizard.go:144.2,145.16 2 1
github.com/SergioLacerda/strategist-skill/internal/install/wizard.go:146.3,147.1 1 0
github.com/SergioLacerda/strategist-skill/internal/install/wizard.go:148.2,148.81 1 1
github.com/SergioLacerda/strategist-skill/internal/install/wizard_activation.go:14.2,14.84 1 1
github.com/SergioLacerda/strategist-skill/internal/install/wizard_activation.go:15.3,16.1 1 1
github.com/SergioLacerda/strategist-skill/internal/install/wizard_activation.go:17.2,17.12 1 1
github.com/SergioLacerda/strategist-skill/internal/install/wizard_activation.go:23.2,25.71 3 1
github.com/SergioLacerda/strategist-skill/internal/install/wizard_activation.go:26.3,27.1 1 0
github.com/SergioLacerda/strategist-skill/internal/install/wizard_activation.go:28.2,28.77 1 1
github.com/SergioLacerda/strategist-skill/internal/install/wizard_activation.go:29.3,30.1 1 0
github.com/SergioLacerda/strategist-skill/internal/install/wizard_activation.go:36.2,37.16 2 1
github.com/SergioLacerda/strategist-skill/internal/install/wizard_activation.go:38.3,39.1 1 0
github.com/SergioLacerda/strategist-skill/internal/install/wizard_activation.go:40.2,40.84 1 1
github.com/SergioLacerda/strategist-skill/internal/install/wizard_activation.go:41.3,42.1 1 0
github.com/SergioLacerda/strategist-skill/internal/install/wizard_activation.go:43.2,44.1 3 1
github.com/SergioLacerda/strategist-skill/internal/install/wizard_activation.go:50.2,51.16 3 1
github.com/SergioLacerda/strategist-skill/internal/install/wizard_activation.go:52.3,53.1 1 0
github.com/SergioLacerda/strategist-skill/internal/install/wizard_activation.go:54.2,55.16 2 1
github.com/SergioLacerda/strategist-skill/internal/install/wizard_activation.go:56.3,57.1 1 0
github.com/SergioLacerda/strategist-skill/internal/install/wizard_activation.go:61.2,62.16 2 1
github.com/SergioLacerda/strategist-skill/internal/install/wizard_activation.go:63.3,64.1 1 0
github.com/SergioLacerda/strategist-skill/internal/install/wizard_activation.go:65.2,65.22 1 1
github.com/SergioLacerda/strategist-skill/internal/install/wizard_activation.go:71.2,71.13 1 1
github.com/SergioLacerda/strategist-skill/internal/install/wizard_activation.go:72.3,73.1 1 1
github.com/SergioLacerda/strategist-skill/internal/install/wizard_fallback_providers.go:57.2,57.62 1 1
github.com/SergioLacerda/strategist-skill/internal/install/wizard_fallback_providers.go:58.3,59.1 1 1
github.com/SergioLacerda/strategist-skill/internal/install/wizard_fallback_providers.go:60.2,61.16 2 1
github.com/SergioLacerda/strategist-skill/internal/install/wizard_fallback_providers.go:62.3,63.1 1 0
github.com/SergioLacerda/strategist-skill/internal/install/wizard_fallback_providers.go:64.2,66.1 2 1
github.com/SergioLacerda/strategist-skill/internal/install/wizard_fallback_providers.go:67.2,67.78 2 1
github.com/SergioLacerda/strategist-skill/internal/install/wizard_fallback_providers.go:68.3,69.1 1 1
github.com/SergioLacerda/strategist-skill/internal/install/wizard_fallback_providers.go:70.2,70.22 1 1
github.com/SergioLacerda/strategist-skill/internal/install/wizard_leveling.go:20.2,20.25 1 1
github.com/SergioLacerda/strategist-skill/internal/install/wizard_leveling.go:21.3,22.1 1 1
github.com/SergioLacerda/strategist-skill/internal/install/wizard_leveling.go:24.2,24.35 1 1
github.com/SergioLacerda/strategist-skill/internal/install/wizard_leveling.go:25.3,26.1 1 1
github.com/SergioLacerda/strategist-skill/internal/install/wizard_leveling.go:27.2,28.16 2 1
github.com/SergioLacerda/strategist-skill/internal/install/wizard_leveling.go:29.3,30.1 1 1
github.com/SergioLacerda/strategist-skill/internal/install/wizard_leveling.go:31.2,31.12 1 1
github.com/SergioLacerda/strategist-skill/internal/install/wizard_leveling.go:32.3,33.1 1 1
github.com/SergioLacerda/strategist-skill/internal/install/wizard_leveling.go:34.2,34.53 1 1
github.com/SergioLacerda/strategist-skill/internal/install/wizard_leveling.go:38.2,40.16 3 1
github.com/SergioLacerda/strategist-skill/internal/install/wizard_leveling.go:41.3,42.1 1 1
github.com/SergioLacerda/strategist-skill/internal/install/wizard_leveling.go:43.2,43.36 1 1
github.com/SergioLacerda/strategist-skill/internal/install/wizard_leveling.go:44.3,45.1 1 1
github.com/SergioLacerda/strategist-skill/internal/install/wizard_leveling.go:46.2,47.16 2 1
github.com/SergioLacerda/strategist-skill/internal/install/wizard_leveling.go:48.3,49.1 1 0
github.com/SergioLacerda/strategist-skill/internal/install/wizard_leveling.go:50.2,51.16 2 1
github.com/SergioLacerda/strategist-skill/internal/install/wizard_leveling.go:52.3,53.1 1 1
github.com/SergioLacerda/strategist-skill/internal/install/wizard_leveling.go:54.2,54.36 1 1
github.com/SergioLacerda/strategist-skill/internal/install/wizard_leveling.go:58.2,58.76 1 1
github.com/SergioLacerda/strategist-skill/internal/install/wizard_leveling.go:59.3,60.1 1 1
github.com/SergioLacerda/strategist-skill/internal/install/wizard_leveling.go:61.2,61.38 1 1
github.com/SergioLacerda/strategist-skill/internal/install/wizard_leveling.go:65.2,66.16 2 1
github.com/SergioLacerda/strategist-skill/internal/install/wizard_leveling.go:67.3,68.1 1 1
github.com/SergioLacerda/strategist-skill/internal/install/wizard_leveling.go:69.2,69.29 1 1
github.com/SergioLacerda/strategist-skill/internal/install/wizard_leveling.go:73.2,73.49 1 1
github.com/SergioLacerda/strategist-skill/internal/install/wizard_leveling.go:74.3,75.17 2 1
github.com/SergioLacerda/strategist-skill/internal/install/wizard_leveling.go:76.4,77.1 1 0
github.com/SergioLacerda/strategist-skill/internal/install/wizard_leveling.go:78.3,78.25 1 1
github.com/SergioLacerda/strategist-skill/internal/install/wizard_leveling.go:79.4,80.1 1 0
github.com/SergioLacerda/strategist-skill/internal/install/wizard_leveling.go:81.3,81.23 1 1
github.com/SergioLacerda/strategist-skill/internal/install/wizard_leveling.go:83.2,83.22 1 1
github.com/SergioLacerda/strategist-skill/internal/install/wizard_leveling.go:94.2,99.1 2 1
github.com/SergioLacerda/strategist-skill/internal/install/wizard_leveling.go:100.3,100.31 1 1
github.com/SergioLacerda/strategist-skill/internal/install/wizard_leveling.go:101.4,102.1 1 1
github.com/SergioLacerda/strategist-skill/internal/install/wizard_leveling.go:104.2,104.19 1 1
github.com/SergioLacerda/strategist-skill/internal/install/wizard_leveling.go:108.2,108.57 1 1
github.com/SergioLacerda/strategist-skill/internal/install/wizard_leveling.go:109.3,110.101 2 1
github.com/SergioLacerda/strategist-skill/internal/install/wizard_leveling.go:111.4,112.1 1 0
github.com/SergioLacerda/strategist-skill/internal/install/wizard_leveling.go:114.2,114.12 1 1
github.com/SergioLacerda/strategist-skill/internal/install/wizard_locale.go:8.2,8.69 1 1
github.com/SergioLacerda/strategist-skill/internal/install/wizard_locale.go:9.3,10.1 1 1
github.com/SergioLacerda/strategist-skill/internal/install/wizard_locale.go:11.2,11.12 1 1
github.com/SergioLacerda/strategist-skill/internal/install/wizard_prompts.go:10.2,11.16 2 1
github.com/SergioLacerda/strategist-skill/internal/install/wizard_prompts.go:12.3,14.1 2 1
github.com/SergioLacerda/strategist-skill/internal/install/wizard_prompts.go:15.2,18.16 4 1
github.com/SergioLacerda/strategist-skill/internal/install/wizard_prompts.go:19.3,20.1 1 1
github.com/SergioLacerda/strategist-skill/internal/install/wizard_prompts.go:21.2,22.16 2 1
github.com/SergioLacerda/strategist-skill/internal/install/wizard_prompts.go:23.3,24.1 1 1
github.com/SergioLacerda/strategist-skill/internal/install/wizard_prompts.go:25.2,26.8 2 1
github.com/SergioLacerda/strategist-skill/internal/install/wizard_prompts.go:30.2,31.16 2 1
github.com/SergioLacerda/strategist-skill/internal/install/wizard_prompts.go:32.3,33.1 1 1
github.com/SergioLacerda/strategist-skill/internal/install/wizard_prompts.go:34.2,34.19 1 1
github.com/SergioLacerda/strategist-skill/internal/install/wizard_prompts.go:38.2,39.16 2 1
github.com/SergioLacerda/strategist-skill/internal/install/wizard_prompts.go:40.3,41.1 1 1
github.com/SergioLacerda/strategist-skill/internal/install/wizard_prompts.go:42.2,43.16 2 1
github.com/SergioLacerda/strategist-skill/internal/install/wizard_prompts.go:44.3,45.1 1 1
github.com/SergioLacerda/strategist-skill/internal/install/wizard_prompts.go:46.2,46.28 1 1
github.com/SergioLacerda/strategist-skill/internal/install/wizard_prompts.go:50.2,50.13 1 1
github.com/SergioLacerda/strategist-skill/internal/install/wizard_prompts.go:51.3,52.1 1 1
github.com/SergioLacerda/strategist-skill/internal/install/wizard_prompts.go:53.2,54.16 2 1
github.com/SergioLacerda/strategist-skill/internal/install/wizard_prompts.go:55.3,56.1 1 1
github.com/SergioLacerda/strategist-skill/internal/install/wizard_prompts.go:57.2,57.21 1 1
github.com/SergioLacerda/strategist-skill/internal/install/wizard_prompts.go:58.3,59.1 1 1
github.com/SergioLacerda/strategist-skill/internal/install/wizard_prompts.go:60.2,60.23 1 1
github.com/SergioLacerda/strategist-skill/internal/install/wizard_prompts.go:71.2,72.16 2 1
github.com/SergioLacerda/strategist-skill/internal/install/wizard_prompts.go:73.3,74.1 1 1
github.com/SergioLacerda/strategist-skill/internal/install/wizard_prompts.go:75.2,75.74 1 1
github.com/SergioLacerda/strategist-skill/internal/install/wizard_prompts.go:76.3,77.1 1 1
github.com/SergioLacerda/strategist-skill/internal/install/wizard_prompts.go:78.2,78.22 1 1
github.com/SergioLacerda/strategist-skill/internal/install/wizard_prompts_ranked.go:25.2,25.20 1 1
github.com/SergioLacerda/strategist-skill/internal/install/wizard_prompts_ranked.go:26.3,27.1 1 1
github.com/SergioLacerda/strategist-skill/internal/install/wizard_prompts_ranked.go:28.2,32.30 5 1
github.com/SergioLacerda/strategist-skill/internal/install/wizard_prompts_ranked.go:42.2,42.61 1 1
github.com/SergioLacerda/strategist-skill/internal/install/wizard_prompts_ranked.go:43.3,44.1 1 1
github.com/SergioLacerda/strategist-skill/internal/install/wizard_prompts_ranked.go:45.2,45.45 1 1
github.com/SergioLacerda/strategist-skill/internal/install/wizard_prompts_ranked.go:53.2,53.34 1 1
github.com/SergioLacerda/strategist-skill/internal/install/wizard_prompts_ranked.go:54.3,55.1 1 1
github.com/SergioLacerda/strategist-skill/internal/install/wizard_prompts_ranked.go:56.2,57.41 2 1
github.com/SergioLacerda/strategist-skill/internal/install/wizard_prompts_ranked.go:58.3,59.1 1 1
github.com/SergioLacerda/strategist-skill/internal/install/wizard_prompts_ranked.go:60.2,61.57 2 1
github.com/SergioLacerda/strategist-skill/internal/install/wizard_prompts_ranked.go:68.2,68.72 1 1
github.com/SergioLacerda/strategist-skill/internal/install/wizard_prompts_ranked.go:69.3,69.38 1 1
github.com/SergioLacerda/strategist-skill/internal/install/wizard_prompts_ranked.go:70.4,70.22 1 1
github.com/SergioLacerda/strategist-skill/internal/install/wizard_prompts_ranked.go:71.5,72.1 1 1
github.com/SergioLacerda/strategist-skill/internal/install/wizard_prompts_ranked.go:75.2,75.45 1 1
github.com/SergioLacerda/strategist-skill/internal/install/wizard_prompts_ranked.go:81.2,83.16 3 1
github.com/SergioLacerda/strategist-skill/internal/install/wizard_prompts_ranked.go:84.3,85.1 1 1
github.com/SergioLacerda/strategist-skill/internal/install/wizard_prompts_ranked.go:86.2,87.92 2 1
github.com/SergioLacerda/strategist-skill/internal/install/wizard_prompts_ranked.go:88.3,89.1 1 1
github.com/SergioLacerda/strategist-skill/internal/install/wizard_prompts_ranked.go:90.2,90.28 1 1
github.com/SergioLacerda/strategist-skill/internal/install/wizard_prompts_ranked.go:95.2,97.1 2 1
github.com/SergioLacerda/strategist-skill/internal/install/wizard_prompts_slots.go:22.2,22.13 1 1
github.com/SergioLacerda/strategist-skill/internal/install/wizard_prompts_slots.go:23.3,24.1 1 1
github.com/SergioLacerda/strategist-skill/internal/install/wizard_prompts_slots.go:26.2,28.36 3 1
github.com/SergioLacerda/strategist-skill/internal/install/wizard_prompts_slots.go:29.3,30.1 1 1
github.com/SergioLacerda/strategist-skill/internal/install/wizard_prompts_slots.go:31.2,33.16 3 1
github.com/SergioLacerda/strategist-skill/internal/install/wizard_prompts_slots.go:34.3,35.1 1 1
github.com/SergioLacerda/strategist-skill/internal/install/wizard_prompts_slots.go:37.2,39.37 3 1
github.com/SergioLacerda/strategist-skill/internal/install/wizard_prompts_slots.go:40.3,41.1 1 0
github.com/SergioLacerda/strategist-skill/internal/install/wizard_prompts_slots.go:42.2,44.16 3 1
github.com/SergioLacerda/strategist-skill/internal/install/wizard_prompts_slots.go:45.3,46.1 1 1
github.com/SergioLacerda/strategist-skill/internal/install/wizard_prompts_slots.go:47.2,48.16 2 1
github.com/SergioLacerda/strategist-skill/internal/install/wizard_prompts_slots.go:49.3,50.1 1 1
github.com/SergioLacerda/strategist-skill/internal/install/wizard_prompts_slots.go:51.2,51.92 1 1
github.com/SergioLacerda/strategist-skill/internal/install/wizard_prompts_slots.go:58.2,58.20 1 1
github.com/SergioLacerda/strategist-skill/internal/install/wizard_prompts_slots.go:59.3,60.1 1 1
github.com/SergioLacerda/strategist-skill/internal/install/wizard_prompts_slots.go:61.2,62.93 2 1
github.com/SergioLacerda/strategist-skill/internal/install/wizard_prompts_slots.go:63.3,64.1 1 1
github.com/SergioLacerda/strategist-skill/internal/install/wizard_prompts_slots.go:65.2,65.87 1 1
github.com/SergioLacerda/strategist-skill/internal/install/wizard_prompts_slots.go:69.2,69.65 1 1
github.com/SergioLacerda/strategist-skill/internal/install/wizard_prompts_slots.go:70.3,71.1 1 1
github.com/SergioLacerda/strategist-skill/internal/install/wizard_prompts_slots.go:75.2,77.27 3 1
github.com/SergioLacerda/strategist-skill/internal/install/wizard_prompts_slots.go:79.3,81.1 2 1
github.com/SergioLacerda/strategist-skill/internal/install/wizard_prompts_slots.go:82.2,82.118 1 1
github.com/SergioLacerda/strategist-skill/internal/install/wizard_prompts_slots.go:90.2,90.71 1 1
github.com/SergioLacerda/strategist-skill/internal/install/wizard_prompts_slots.go:91.3,92.1 1 0
github.com/SergioLacerda/strategist-skill/internal/install/wizard_prompts_slots.go:96.2,96.37 1 1
github.com/SergioLacerda/strategist-skill/internal/install/wizard_prompts_slots.go:97.3,98.44 2 1
github.com/SergioLacerda/strategist-skill/internal/install/wizard_prompts_slots.go:99.4,100.1 1 1
github.com/SergioLacerda/strategist-skill/internal/install/wizard_prompts_slots.go:101.3,101.113 1 1
github.com/SergioLacerda/strategist-skill/internal/install/wizard_prompts_slots.go:102.4,103.1 1 0
github.com/SergioLacerda/strategist-skill/internal/install/wizard_prompts_slots.go:105.2,105.12 1 1
github.com/SergioLacerda/strategist-skill/internal/install/wizard_role_validation.go:14.2,14.30 1 1
github.com/SergioLacerda/strategist-skill/internal/install/wizard_role_validation.go:15.3,15.63 1 1
github.com/SergioLacerda/strategist-skill/internal/install/wizard_role_validation.go:16.4,17.1 1 1
github.com/SergioLacerda/strategist-skill/internal/install/wizard_role_validation.go:18.3,18.80 1 1
github.com/SergioLacerda/strategist-skill/internal/install/wizard_role_validation.go:20.2,20.53 1 1
github.com/SergioLacerda/strategist-skill/internal/install/wizard_role_validation.go:24.2,24.32 1 1
github.com/SergioLacerda/strategist-skill/internal/install/wizard_role_validation.go:25.3,25.34 1 1
github.com/SergioLacerda/strategist-skill/internal/install/wizard_role_validation.go:26.4,27.1 1 1
github.com/SergioLacerda/strategist-skill/internal/install/wizard_role_validation.go:29.2,29.12 1 1
github.com/SergioLacerda/strategist-skill/internal/install/wizard_role_validation.go:33.2,33.32 1 1
github.com/SergioLacerda/strategist-skill/internal/install/wizard_role_validation.go:34.3,34.96 1 1
github.com/SergioLacerda/strategist-skill/internal/install/wizard_role_validation.go:35.4,35.12 1 1
github.com/SergioLacerda/strategist-skill/internal/install/wizard_role_validation.go:37.3,37.83 1 1
github.com/SergioLacerda/strategist-skill/internal/install/wizard_role_validation.go:38.4,39.1 1 1
github.com/SergioLacerda/strategist-skill/internal/install/wizard_role_validation.go:41.2,41.12 1 1
github.com/SergioLacerda/strategist-skill/internal/install/wizard_role_validation.go:45.2,45.40 1 1
github.com/SergioLacerda/strategist-skill/internal/install/wizard_role_validation.go:46.3,46.69 1 1
github.com/SergioLacerda/strategist-skill/internal/install/wizard_role_validation.go:47.4,48.1 1 1
github.com/SergioLacerda/strategist-skill/internal/install/wizard_role_validation.go:50.2,50.12 1 1
github.com/SergioLacerda/strategist-skill/internal/install/wizard_role_validation.go:54.2,54.95 1 1
github.com/SergioLacerda/strategist-skill/internal/install/wizard_role_validation.go:55.3,56.1 1 1
github.com/SergioLacerda/strategist-skill/internal/install/wizard_role_validation.go:57.2,58.16 2 1
github.com/SergioLacerda/strategist-skill/internal/install/wizard_role_validation.go:59.3,60.1 1 1
github.com/SergioLacerda/strategist-skill/internal/install/wizard_role_validation.go:61.2,61.16 1 1
github.com/SergioLacerda/strategist-skill/internal/install/wizard_role_validation.go:62.3,63.1 1 1
github.com/SergioLacerda/strategist-skill/internal/install/wizard_role_validation.go:64.2,64.12 1 1
github.com/SergioLacerda/strategist-skill/internal/install/wizard_role_validation.go:68.2,69.44 2 1
github.com/SergioLacerda/strategist-skill/internal/install/wizard_role_validation.go:70.3,70.33 1 1
github.com/SergioLacerda/strategist-skill/internal/install/wizard_role_validation.go:71.4,71.12 1 1
github.com/SergioLacerda/strategist-skill/internal/install/wizard_role_validation.go:73.3,74.64 2 1
github.com/SergioLacerda/strategist-skill/internal/install/wizard_role_validation.go:75.4,76.1 1 1
github.com/SergioLacerda/strategist-skill/internal/install/wizard_role_validation.go:78.2,78.19 1 1
github.com/SergioLacerda/strategist-skill/internal/install/wizard_slot_options.go:36.2,40.1 5 1
github.com/SergioLacerda/strategist-skill/internal/install/wizard_slot_options.go:41.2,44.39 5 1
github.com/SergioLacerda/strategist-skill/internal/install/wizard_slot_options.go:45.3,46.1 1 1
github.com/SergioLacerda/strategist-skill/internal/install/wizard_slot_options.go:47.2,48.39 2 1
github.com/SergioLacerda/strategist-skill/internal/install/wizard_slot_options.go:49.3,50.62 2 1
github.com/SergioLacerda/strategist-skill/internal/install/wizard_slot_options.go:51.4,52.1 1 1
github.com/SergioLacerda/strategist-skill/internal/install/wizard_slot_options.go:54.2,56.38 3 1
github.com/SergioLacerda/strategist-skill/internal/install/wizard_slot_options.go:57.3,58.1 1 1
github.com/SergioLacerda/strategist-skill/internal/install/wizard_slot_options.go:59.2,60.16 2 1
github.com/SergioLacerda/strategist-skill/internal/install/wizard_slot_options.go:67.2,67.39 1 1
github.com/SergioLacerda/strategist-skill/internal/install/wizard_slot_options.go:68.3,68.120 1 1
github.com/SergioLacerda/strategist-skill/internal/install/wizard_slot_options.go:69.4,69.12 1 1
github.com/SergioLacerda/strategist-skill/internal/install/wizard_slot_options.go:71.3,71.70 1 1
github.com/SergioLacerda/strategist-skill/internal/install/wizard_slot_options.go:72.4,73.12 2 0
github.com/SergioLacerda/strategist-skill/internal/install/wizard_slot_options.go:75.3,75.45 1 1
github.com/SergioLacerda/strategist-skill/internal/install/wizard_slot_options.go:77.2,77.29 1 1
github.com/SergioLacerda/strategist-skill/internal/install/wizard_slot_options.go:86.2,86.20 1 1
github.com/SergioLacerda/strategist-skill/internal/install/wizard_slot_options.go:87.3,88.1 1 1
github.com/SergioLacerda/strategist-skill/internal/install/wizard_slot_options.go:89.2,89.39 1 1
github.com/SergioLacerda/strategist-skill/internal/install/wizard_slot_options.go:90.3,90.24 1 1
github.com/SergioLacerda/strategist-skill/internal/install/wizard_slot_options.go:91.4,92.1 1 1
github.com/SergioLacerda/strategist-skill/internal/install/wizard_slot_options.go:94.2,94.16 1 1
github.com/SergioLacerda/strategist-skill/internal/install/wizard_slot_options.go:95.3,96.1 1 1
github.com/SergioLacerda/strategist-skill/internal/install/wizard_slot_options.go:97.2,97.16 1 1
github.com/SergioLacerda/strategist-skill/internal/install/wizard_slot_options.go:103.2,103.29 1 1
github.com/SergioLacerda/strategist-skill/internal/install/wizard_slot_options.go:104.3,105.1 1 1
github.com/SergioLacerda/strategist-skill/internal/install/wizard_slot_options.go:106.2,106.21 1 1
github.com/SergioLacerda/strategist-skill/internal/install/wizard_slot_options.go:113.2,115.1 2 1
github.com/SergioLacerda/strategist-skill/internal/install/wizard_slot_roles.go:8.2,10.1 2 1
github.com/SergioLacerda/strategist-skill/internal/install/wizard_slot_roles.go:15.2,17.1 2 1
github.com/SergioLacerda/strategist-skill/internal/install/writes.go:15.2,16.48 2 1
github.com/SergioLacerda/strategist-skill/internal/install/writes.go:17.3,18.1 1 1
github.com/SergioLacerda/strategist-skill/internal/install/writes.go:19.2,20.16 2 1
github.com/SergioLacerda/strategist-skill/internal/install/writes.go:21.3,22.1 1 1
github.com/SergioLacerda/strategist-skill/internal/install/writes.go:23.2,25.1 3 1
github.com/SergioLacerda/strategist-skill/internal/install/writes.go:26.2,26.43 3 1
github.com/SergioLacerda/strategist-skill/internal/install/writes.go:27.3,29.1 2 0
github.com/SergioLacerda/strategist-skill/internal/install/writes.go:30.2,30.36 1 1
github.com/SergioLacerda/strategist-skill/internal/install/writes.go:31.3,32.1 1 0
github.com/SergioLacerda/strategist-skill/internal/install/writes.go:33.2,33.48 1 1
github.com/SergioLacerda/strategist-skill/internal/install/writes.go:34.3,35.1 1 0
github.com/SergioLacerda/strategist-skill/internal/install/writes.go:36.2,36.49 1 1
github.com/SergioLacerda/strategist-skill/internal/install/writes.go:37.3,38.1 1 1
github.com/SergioLacerda/strategist-skill/internal/install/writes.go:39.2,39.12 1 1
