mode: set
github.com/SergioLacerda/strategist-skill/internal/telemetry/sink/select.go:29.2,30.19 2 1
github.com/SergioLacerda/strategist-skill/internal/telemetry/sink/select.go:31.3,32.1 1 1
github.com/SergioLacerda/strategist-skill/internal/telemetry/sink/select.go:33.3,34.1 1 1
github.com/SergioLacerda/strategist-skill/internal/telemetry/sink/select.go:35.2,35.19 1 1
github.com/SergioLacerda/strategist-skill/internal/telemetry/sink/select.go:36.3,37.1 1 1
github.com/SergioLacerda/strategist-skill/internal/telemetry/sink/select.go:38.2,38.36 1 1
github.com/SergioLacerda/strategist-skill/internal/telemetry/sink/select.go:48.2,49.1 1 1
github.com/SergioLacerda/strategist-skill/internal/telemetry/sink/select.go:57.2,58.16 2 1
github.com/SergioLacerda/strategist-skill/internal/telemetry/sink/select.go:59.3,60.1 1 1
github.com/SergioLacerda/strategist-skill/internal/telemetry/sink/select.go:61.2,61.14 1 1
github.com/SergioLacerda/strategist-skill/internal/telemetry/sink/select.go:62.3,63.1 1 1
github.com/SergioLacerda/strategist-skill/internal/telemetry/sink/select.go:64.2,65.12 2 1
github.com/SergioLacerda/strategist-skill/internal/telemetry/sink/external/external.go:25.46,25.77 1 1
github.com/SergioLacerda/strategist-skill/internal/telemetry/sink/external/external.go:29.2,29.22 1 1
github.com/SergioLacerda/strategist-skill/internal/telemetry/sink/external/external.go:30.3,31.1 1 1
github.com/SergioLacerda/strategist-skill/internal/telemetry/sink/external/external.go:32.2,32.51 1 1
github.com/SergioLacerda/strategist-skill/internal/telemetry/sink/external/external.go:33.3,34.1 1 1
github.com/SergioLacerda/strategist-skill/internal/telemetry/sink/external/external.go:35.2,35.12 1 1
github.com/SergioLacerda/strategist-skill/internal/telemetry/sink/jsonl/jsonl.go:20.30,20.55 1 1
github.com/SergioLacerda/strategist-skill/internal/telemetry/sink/jsonl/jsonl.go:24.2,24.65 1 1
github.com/SergioLacerda/strategist-skill/internal/telemetry/sink/jsonl/jsonl.go:25.3,26.1 1 1
github.com/SergioLacerda/strategist-skill/internal/telemetry/sink/jsonl/jsonl.go:27.2,27.12 1 1
github.com/SergioLacerda/strategist-skill/internal/telemetry/sink/noop/noop.go:16.19,16.34 1 1
github.com/SergioLacerda/strategist-skill/internal/telemetry/sink/noop/noop.go:19.60,19.72 1 1
github.com/SergioLacerda/strategist-skill/internal/telemetry/sink/otel/otel.go:20.19,20.34 1 1
github.com/SergioLacerda/strategist-skill/internal/telemetry/sink/otel/otel.go:26.2,28.25 3 1
github.com/SergioLacerda/strategist-skill/internal/telemetry/sink/otel/otel.go:29.3,30.1 1 1
github.com/SergioLacerda/strategist-skill/internal/telemetry/sink/otel/otel.go:31.2,31.24 1 1
github.com/SergioLacerda/strategist-skill/internal/telemetry/sink/otel/otel.go:32.3,33.1 1 1
github.com/SergioLacerda/strategist-skill/internal/telemetry/sink/otel/otel.go:34.2,34.37 1 1
github.com/SergioLacerda/strategist-skill/internal/telemetry/sink/otel/otel.go:35.3,36.1 1 1
github.com/SergioLacerda/strategist-skill/internal/telemetry/sink/otel/otel.go:37.2,38.12 2 1
github.com/SergioLacerda/strategist-skill/internal/telemetry/sink/otel/otel.go:42.2,42.9 1 1
github.com/SergioLacerda/strategist-skill/internal/telemetry/sink/otel/otel.go:44.3,44.25 1 1
github.com/SergioLacerda/strategist-skill/internal/telemetry/sink/otel/otel.go:46.3,46.24 1 1
github.com/SergioLacerda/strategist-skill/internal/telemetry/sink/otel/otel.go:48.3,48.24 1 1
github.com/SergioLacerda/strategist-skill/internal/telemetry/sink/otel/otel.go:50.3,50.25 1 1
github.com/SergioLacerda/strategist-skill/internal/telemetry/sink/slog/slog.go:17.19,17.34 1 1
github.com/SergioLacerda/strategist-skill/internal/telemetry/sink/slog/slog.go:22.2,24.25 3 1
github.com/SergioLacerda/strategist-skill/internal/telemetry/sink/slog/slog.go:25.3,26.1 1 1
github.com/SergioLacerda/strategist-skill/internal/telemetry/sink/slog/slog.go:27.2,27.24 1 1
github.com/SergioLacerda/strategist-skill/internal/telemetry/sink/slog/slog.go:28.3,29.1 1 1
github.com/SergioLacerda/strategist-skill/internal/telemetry/sink/slog/slog.go:30.2,30.37 1 1
github.com/SergioLacerda/strategist-skill/internal/telemetry/sink/slog/slog.go:31.3,32.1 1 1
github.com/SergioLacerda/strategist-skill/internal/telemetry/sink/slog/slog.go:33.2,34.12 2 1
github.com/SergioLacerda/strategist-skill/internal/telemetry/sink/slog/slog.go:40.2,40.9 1 1
github.com/SergioLacerda/strategist-skill/internal/telemetry/sink/slog/slog.go:42.3,42.25 1 1
github.com/SergioLacerda/strategist-skill/internal/telemetry/sink/slog/slog.go:44.3,44.24 1 1
github.com/SergioLacerda/strategist-skill/internal/telemetry/sink/slog/slog.go:46.3,46.24 1 1
github.com/SergioLacerda/strategist-skill/internal/telemetry/sink/slog/slog.go:48.3,48.25 1 1
github.com/SergioLacerda/strategist-skill/internal/telemetry/checkpoint.go:23.2,23.40 1 1
github.com/SergioLacerda/strategist-skill/internal/telemetry/checkpoint.go:24.3,24.16 1 1
github.com/SergioLacerda/strategist-skill/internal/telemetry/checkpoint.go:25.4,26.1 1 1
github.com/SergioLacerda/strategist-skill/internal/telemetry/checkpoint.go:28.2,28.14 1 1
github.com/SergioLacerda/strategist-skill/internal/telemetry/checkpoint.go:33.2,33.20 1 1
github.com/SergioLacerda/strategist-skill/internal/telemetry/checkpoint.go:34.3,35.1 1 1
github.com/SergioLacerda/strategist-skill/internal/telemetry/checkpoint.go:36.2,36.28 1 1
github.com/SergioLacerda/strategist-skill/internal/telemetry/checkpoint.go:42.2,43.36 2 1
github.com/SergioLacerda/strategist-skill/internal/telemetry/checkpoint.go:44.3,45.1 1 1
github.com/SergioLacerda/strategist-skill/internal/telemetry/checkpoint.go:46.2,46.16 1 1
github.com/SergioLacerda/strategist-skill/internal/telemetry/checkpoint.go:47.3,48.1 1 1
github.com/SergioLacerda/strategist-skill/internal/telemetry/checkpoint.go:49.2,50.50 2 1
github.com/SergioLacerda/strategist-skill/internal/telemetry/checkpoint.go:51.3,52.1 1 1
github.com/SergioLacerda/strategist-skill/internal/telemetry/checkpoint.go:53.2,53.17 1 1
github.com/SergioLacerda/strategist-skill/internal/telemetry/checkpoint.go:59.2,60.16 2 1
github.com/SergioLacerda/strategist-skill/internal/telemetry/checkpoint.go:61.3,62.1 1 0
github.com/SergioLacerda/strategist-skill/internal/telemetry/checkpoint.go:63.2,65.16 3 1
github.com/SergioLacerda/strategist-skill/internal/telemetry/checkpoint.go:66.3,67.1 1 1
github.com/SergioLacerda/strategist-skill/internal/telemetry/checkpoint.go:68.2,69.43 2 1
github.com/SergioLacerda/strategist-skill/internal/telemetry/checkpoint.go:70.3,73.1 3 0
github.com/SergioLacerda/strategist-skill/internal/telemetry/checkpoint.go:74.2,74.36 1 1
github.com/SergioLacerda/strategist-skill/internal/telemetry/checkpoint.go:75.3,77.1 2 0
github.com/SergioLacerda/strategist-skill/internal/telemetry/checkpoint.go:78.2,78.49 1 1
github.com/SergioLacerda/strategist-skill/internal/telemetry/checkpoint.go:79.3,81.1 2 1
github.com/SergioLacerda/strategist-skill/internal/telemetry/checkpoint.go:82.2,82.12 1 1
github.com/SergioLacerda/strategist-skill/internal/telemetry/checkpoint.go:88.2,89.36 2 1
github.com/SergioLacerda/strategist-skill/internal/telemetry/checkpoint.go:90.3,91.1 1 1
github.com/SergioLacerda/strategist-skill/internal/telemetry/checkpoint.go:92.2,92.16 1 1
github.com/SergioLacerda/strategist-skill/internal/telemetry/checkpoint.go:93.3,94.1 1 1
github.com/SergioLacerda/strategist-skill/internal/telemetry/checkpoint.go:95.2,95.12 1 1
github.com/SergioLacerda/strategist-skill/internal/telemetry/composite.go:18.2,20.12 3 1
github.com/SergioLacerda/strategist-skill/internal/telemetry/composite.go:21.3,22.1 1 0
github.com/SergioLacerda/strategist-skill/internal/telemetry/composite.go:23.2,36.1 3 1
github.com/SergioLacerda/strategist-skill/internal/telemetry/composite.go:37.2,37.18 3 1
github.com/SergioLacerda/strategist-skill/internal/telemetry/composite.go:38.3,39.1 1 0
github.com/SergioLacerda/strategist-skill/internal/telemetry/composite.go:40.2,40.20 1 1
github.com/SergioLacerda/strategist-skill/internal/telemetry/composite.go:41.3,42.1 1 1
github.com/SergioLacerda/strategist-skill/internal/telemetry/composite.go:43.2,43.14 1 1
github.com/SergioLacerda/strategist-skill/internal/telemetry/confidence_agent_metrics.go:6.2,8.33 3 1
github.com/SergioLacerda/strategist-skill/internal/telemetry/confidence_agent_metrics.go:9.3,10.1 1 1
github.com/SergioLacerda/strategist-skill/internal/telemetry/confidence_agent_metrics.go:11.2,11.28 1 1
github.com/SergioLacerda/strategist-skill/internal/telemetry/confidence_agent_metrics.go:12.3,13.1 1 1
github.com/SergioLacerda/strategist-skill/internal/telemetry/confidence_agent_metrics.go:14.2,14.16 1 1
github.com/SergioLacerda/strategist-skill/internal/telemetry/confidence_agent_metrics.go:18.2,23.1 5 1
github.com/SergioLacerda/strategist-skill/internal/telemetry/confidence_agent_metrics.go:24.2,27.33 5 1
github.com/SergioLacerda/strategist-skill/internal/telemetry/confidence_agent_metrics.go:28.3,31.1 3 1
github.com/SergioLacerda/strategist-skill/internal/telemetry/confidence_agent_metrics.go:32.2,32.23 1 1
github.com/SergioLacerda/strategist-skill/internal/telemetry/confidence_agent_metrics.go:33.3,34.1 1 0
github.com/SergioLacerda/strategist-skill/internal/telemetry/confidence_agent_metrics.go:35.2,40.10 6 1
github.com/SergioLacerda/strategist-skill/internal/telemetry/confidence_agent_metrics.go:44.2,47.1 3 1
github.com/SergioLacerda/strategist-skill/internal/telemetry/confidence_agent_metrics.go:50.2,50.26 1 1
github.com/SergioLacerda/strategist-skill/internal/telemetry/confidence_agent_metrics.go:52.3,52.130 1 1
github.com/SergioLacerda/strategist-skill/internal/telemetry/confidence_agent_metrics.go:54.3,55.31 2 1
github.com/SergioLacerda/strategist-skill/internal/telemetry/confidence_agent_metrics.go:56.4,57.1 1 1
github.com/SergioLacerda/strategist-skill/internal/telemetry/confidence_agent_metrics.go:59.2,59.76 1 1
github.com/SergioLacerda/strategist-skill/internal/telemetry/confidence_agent_metrics.go:63.2,64.60 2 1
github.com/SergioLacerda/strategist-skill/internal/telemetry/confidence_agent_metrics.go:65.3,66.1 1 1
github.com/SergioLacerda/strategist-skill/internal/telemetry/confidence_agent_metrics.go:67.2,67.103 1 1
github.com/SergioLacerda/strategist-skill/internal/telemetry/confidence_agent_metrics.go:68.3,69.23 2 1
github.com/SergioLacerda/strategist-skill/internal/telemetry/confidence_agent_metrics.go:70.4,71.1 1 0
github.com/SergioLacerda/strategist-skill/internal/telemetry/confidence_agent_metrics.go:73.2,73.54 1 1
github.com/SergioLacerda/strategist-skill/internal/telemetry/confidence_agent_metrics.go:77.2,77.33 1 1
github.com/SergioLacerda/strategist-skill/internal/telemetry/confidence_agent_metrics.go:78.3,79.1 1 1
github.com/SergioLacerda/strategist-skill/internal/telemetry/confidence_agent_metrics.go:80.2,80.137 1 1
github.com/SergioLacerda/strategist-skill/internal/telemetry/confidence_agent_metrics.go:81.3,82.1 1 1
github.com/SergioLacerda/strategist-skill/internal/telemetry/confidence_agent_metrics.go:86.2,86.11 1 1
github.com/SergioLacerda/strategist-skill/internal/telemetry/confidence_agent_metrics.go:87.3,88.1 1 1
github.com/SergioLacerda/strategist-skill/internal/telemetry/confidence_agent_metrics.go:89.2,89.10 1 1
github.com/SergioLacerda/strategist-skill/internal/telemetry/confidence_aggregation.go:8.2,22.59 15 1
github.com/SergioLacerda/strategist-skill/internal/telemetry/confidence_aggregation.go:23.3,24.1 1 1
github.com/SergioLacerda/strategist-skill/internal/telemetry/confidence_aggregation.go:25.2,27.10 3 1
github.com/SergioLacerda/strategist-skill/internal/telemetry/confidence_aggregation.go:31.2,38.1 1 1
github.com/SergioLacerda/strategist-skill/internal/telemetry/confidence_aggregation.go:49.2,52.33 4 1
github.com/SergioLacerda/strategist-skill/internal/telemetry/confidence_aggregation.go:53.3,54.32 2 1
github.com/SergioLacerda/strategist-skill/internal/telemetry/confidence_aggregation.go:56.4,57.12 2 1
github.com/SergioLacerda/strategist-skill/internal/telemetry/confidence_aggregation.go:59.4,61.12 3 1
github.com/SergioLacerda/strategist-skill/internal/telemetry/confidence_aggregation.go:63.3,63.52 1 1
github.com/SergioLacerda/strategist-skill/internal/telemetry/confidence_aggregation.go:64.4,65.12 2 0
github.com/SergioLacerda/strategist-skill/internal/telemetry/confidence_aggregation.go:67.3,67.32 1 1
github.com/SergioLacerda/strategist-skill/internal/telemetry/confidence_aggregation.go:69.2,69.25 1 1
github.com/SergioLacerda/strategist-skill/internal/telemetry/confidence_aggregation.go:73.2,73.51 1 1
github.com/SergioLacerda/strategist-skill/internal/telemetry/confidence_aggregation.go:74.3,75.1 1 1
github.com/SergioLacerda/strategist-skill/internal/telemetry/confidence_aggregation.go:76.2,76.10 1 1
github.com/SergioLacerda/strategist-skill/internal/telemetry/confidence_aggregation.go:80.2,80.80 1 1
github.com/SergioLacerda/strategist-skill/internal/telemetry/confidence_aggregation.go:81.3,82.1 1 1
github.com/SergioLacerda/strategist-skill/internal/telemetry/confidence_aggregation.go:83.2,83.15 1 1
github.com/SergioLacerda/strategist-skill/internal/telemetry/confidence_aggregation.go:87.2,87.26 1 1
github.com/SergioLacerda/strategist-skill/internal/telemetry/confidence_aggregation.go:88.3,89.1 1 0
github.com/SergioLacerda/strategist-skill/internal/telemetry/confidence_aggregation.go:90.2,90.39 1 1
github.com/SergioLacerda/strategist-skill/internal/telemetry/confidence_aggregation.go:91.3,92.1 1 0
github.com/SergioLacerda/strategist-skill/internal/telemetry/confidence_aggregation.go:93.2,94.14 2 1
github.com/SergioLacerda/strategist-skill/internal/telemetry/confidence_aggregation.go:112.2,117.1 2 1
github.com/SergioLacerda/strategist-skill/internal/telemetry/confidence_aggregation.go:118.2,118.33 2 1
github.com/SergioLacerda/strategist-skill/internal/telemetry/confidence_aggregation.go:119.3,120.1 1 1
github.com/SergioLacerda/strategist-skill/internal/telemetry/confidence_aggregation.go:121.2,121.23 1 1
github.com/SergioLacerda/strategist-skill/internal/telemetry/confidence_aggregation.go:122.3,123.1 1 1
github.com/SergioLacerda/strategist-skill/internal/telemetry/confidence_aggregation.go:124.2,124.18 1 1
github.com/SergioLacerda/strategist-skill/internal/telemetry/confidence_aggregation.go:128.2,134.1 6 1
github.com/SergioLacerda/strategist-skill/internal/telemetry/confidence_aggregation.go:137.2,137.26 1 1
github.com/SergioLacerda/strategist-skill/internal/telemetry/confidence_aggregation.go:139.3,140.31 2 1
github.com/SergioLacerda/strategist-skill/internal/telemetry/confidence_aggregation.go:141.4,142.1 1 1
github.com/SergioLacerda/strategist-skill/internal/telemetry/confidence_aggregation.go:144.3,145.30 2 1
github.com/SergioLacerda/strategist-skill/internal/telemetry/confidence_aggregation.go:146.4,147.1 1 1
github.com/SergioLacerda/strategist-skill/internal/telemetry/confidence_aggregation.go:152.2,152.102 1 1
github.com/SergioLacerda/strategist-skill/internal/telemetry/confidence_aggregation.go:153.3,154.34 2 1
github.com/SergioLacerda/strategist-skill/internal/telemetry/confidence_aggregation.go:155.4,156.24 2 1
github.com/SergioLacerda/strategist-skill/internal/telemetry/confidence_aggregation.go:157.5,158.1 1 0
github.com/SergioLacerda/strategist-skill/internal/telemetry/confidence_aggregation.go:164.2,164.33 1 1
github.com/SergioLacerda/strategist-skill/internal/telemetry/confidence_aggregation.go:165.3,166.1 1 1
github.com/SergioLacerda/strategist-skill/internal/telemetry/confidence_aggregation.go:167.2,167.168 1 1
github.com/SergioLacerda/strategist-skill/internal/telemetry/confidence_aggregation.go:168.3,169.1 1 1
github.com/SergioLacerda/strategist-skill/internal/telemetry/confidence_declared.go:28.2,29.1 1 1
github.com/SergioLacerda/strategist-skill/internal/telemetry/confidence_declared.go:38.2,38.27 1 1
github.com/SergioLacerda/strategist-skill/internal/telemetry/confidence_declared.go:39.3,40.1 1 1
github.com/SergioLacerda/strategist-skill/internal/telemetry/confidence_declared.go:41.2,44.31 4 1
github.com/SergioLacerda/strategist-skill/internal/telemetry/confidence_declared.go:45.3,47.1 2 1
github.com/SergioLacerda/strategist-skill/internal/telemetry/confidence_declared.go:48.2,52.12 5 1
github.com/SergioLacerda/strategist-skill/internal/telemetry/confidence_declared.go:56.2,57.49 2 1
github.com/SergioLacerda/strategist-skill/internal/telemetry/confidence_declared.go:58.3,60.1 2 1
github.com/SergioLacerda/strategist-skill/internal/telemetry/confidence_declared.go:61.2,61.24 1 1
github.com/SergioLacerda/strategist-skill/internal/telemetry/confidence_declared.go:68.2,70.33 3 1
github.com/SergioLacerda/strategist-skill/internal/telemetry/confidence_declared.go:71.3,73.32 3 1
github.com/SergioLacerda/strategist-skill/internal/telemetry/confidence_declared.go:75.4,76.89 2 1
github.com/SergioLacerda/strategist-skill/internal/telemetry/confidence_declared.go:78.4,78.25 1 1
github.com/SergioLacerda/strategist-skill/internal/telemetry/confidence_declared.go:80.3,80.22 1 1
github.com/SergioLacerda/strategist-skill/internal/telemetry/confidence_declared.go:82.2,82.31 1 1
github.com/SergioLacerda/strategist-skill/internal/telemetry/confidence_declared.go:92.2,93.9 2 1
github.com/SergioLacerda/strategist-skill/internal/telemetry/confidence_declared.go:95.3,96.50 2 1
github.com/SergioLacerda/strategist-skill/internal/telemetry/confidence_declared.go:97.4,98.1 1 1
github.com/SergioLacerda/strategist-skill/internal/telemetry/confidence_declared.go:100.3,100.42 1 1
github.com/SergioLacerda/strategist-skill/internal/telemetry/confidence_declared.go:102.3,102.56 1 1
github.com/SergioLacerda/strategist-skill/internal/telemetry/confidence_declared.go:104.3,104.52 1 1
github.com/SergioLacerda/strategist-skill/internal/telemetry/confidence_declared.go:106.3,106.44 1 1
github.com/SergioLacerda/strategist-skill/internal/telemetry/confidence_declared.go:113.2,114.17 2 1
github.com/SergioLacerda/strategist-skill/internal/telemetry/confidence_declared.go:115.3,116.17 2 1
github.com/SergioLacerda/strategist-skill/internal/telemetry/confidence_declared.go:117.4,118.1 1 0
github.com/SergioLacerda/strategist-skill/internal/telemetry/confidence_declared.go:119.3,119.18 1 1
github.com/SergioLacerda/strategist-skill/internal/telemetry/confidence_declared.go:121.2,122.83 1 1
github.com/SergioLacerda/strategist-skill/internal/telemetry/confidence_gate.go:23.2,31.1 8 1
github.com/SergioLacerda/strategist-skill/internal/telemetry/confidence_gate.go:34.2,34.50 1 1
github.com/SergioLacerda/strategist-skill/internal/telemetry/confidence_gate.go:35.3,38.1 3 1
github.com/SergioLacerda/strategist-skill/internal/telemetry/confidence_gate.go:39.2,39.32 1 1
github.com/SergioLacerda/strategist-skill/internal/telemetry/confidence_gate.go:40.3,42.1 2 1
github.com/SergioLacerda/strategist-skill/internal/telemetry/confidence_gate.go:43.2,43.101 1 1
github.com/SergioLacerda/strategist-skill/internal/telemetry/confidence_gate.go:44.3,46.1 2 0
github.com/SergioLacerda/strategist-skill/internal/telemetry/confidence_gate.go:47.2,47.69 1 1
github.com/SergioLacerda/strategist-skill/internal/telemetry/confidence_gate.go:48.3,50.1 2 0
github.com/SergioLacerda/strategist-skill/internal/telemetry/confidence_gate.go:54.2,54.33 1 1
github.com/SergioLacerda/strategist-skill/internal/telemetry/confidence_gate.go:55.3,55.134 1 1
github.com/SergioLacerda/strategist-skill/internal/telemetry/confidence_gate.go:56.4,57.1 1 1
github.com/SergioLacerda/strategist-skill/internal/telemetry/confidence_gate.go:62.2,62.42 1 1
github.com/SergioLacerda/strategist-skill/internal/telemetry/confidence_gate.go:63.3,65.1 2 0
github.com/SergioLacerda/strategist-skill/internal/telemetry/confidence_gate.go:66.2,66.63 1 1
github.com/SergioLacerda/strategist-skill/internal/telemetry/confidence_gate.go:67.3,68.1 1 1
github.com/SergioLacerda/strategist-skill/internal/telemetry/confidence_gate.go:74.2,74.14 1 1
github.com/SergioLacerda/strategist-skill/internal/telemetry/confidence_gate.go:75.3,76.1 1 0
github.com/SergioLacerda/strategist-skill/internal/telemetry/confidence_gate.go:77.2,78.62 2 1
github.com/SergioLacerda/strategist-skill/internal/telemetry/confidence_gate_load.go:10.2,11.1 1 1
github.com/SergioLacerda/strategist-skill/internal/telemetry/confidence_gate_load.go:17.2,19.1 2 1
github.com/SergioLacerda/strategist-skill/internal/telemetry/confidence_gate_load.go:26.2,27.1 1 0
github.com/SergioLacerda/strategist-skill/internal/telemetry/confidence_gate_load.go:30.2,31.16 2 1
github.com/SergioLacerda/strategist-skill/internal/telemetry/confidence_gate_load.go:32.3,33.1 1 1
github.com/SergioLacerda/strategist-skill/internal/telemetry/confidence_gate_load.go:34.2,35.68 2 1
github.com/SergioLacerda/strategist-skill/internal/telemetry/confidence_gate_load.go:39.2,39.21 1 1
github.com/SergioLacerda/strategist-skill/internal/telemetry/confidence_gate_load.go:40.3,41.1 1 1
github.com/SergioLacerda/strategist-skill/internal/telemetry/confidence_gate_load.go:42.2,43.33 2 1
github.com/SergioLacerda/strategist-skill/internal/telemetry/confidence_gate_load.go:44.3,44.72 1 1
github.com/SergioLacerda/strategist-skill/internal/telemetry/confidence_gate_load.go:45.4,46.1 1 1
github.com/SergioLacerda/strategist-skill/internal/telemetry/confidence_gate_load.go:48.2,48.15 1 1
github.com/SergioLacerda/strategist-skill/internal/telemetry/confidence_history.go:12.2,14.1 2 1
github.com/SergioLacerda/strategist-skill/internal/telemetry/confidence_history.go:18.2,18.57 1 1
github.com/SergioLacerda/strategist-skill/internal/telemetry/confidence_history.go:19.3,20.1 1 0
github.com/SergioLacerda/strategist-skill/internal/telemetry/confidence_history.go:21.2,21.26 1 1
github.com/SergioLacerda/strategist-skill/internal/telemetry/confidence_history.go:22.3,23.1 1 1
github.com/SergioLacerda/strategist-skill/internal/telemetry/confidence_history.go:24.2,24.55 1 1
github.com/SergioLacerda/strategist-skill/internal/telemetry/confidence_history.go:25.3,26.1 1 0
github.com/SergioLacerda/strategist-skill/internal/telemetry/confidence_history.go:27.2,28.16 2 1
github.com/SergioLacerda/strategist-skill/internal/telemetry/confidence_history.go:29.3,30.1 1 0
github.com/SergioLacerda/strategist-skill/internal/telemetry/confidence_history.go:31.2,32.45 2 1
github.com/SergioLacerda/strategist-skill/internal/telemetry/confidence_history.go:33.3,34.1 1 0
github.com/SergioLacerda/strategist-skill/internal/telemetry/confidence_history.go:35.2,36.54 2 1
github.com/SergioLacerda/strategist-skill/internal/telemetry/confidence_history.go:40.2,40.63 1 1
github.com/SergioLacerda/strategist-skill/internal/telemetry/confidence_history.go:41.3,42.1 1 0
github.com/SergioLacerda/strategist-skill/internal/telemetry/confidence_history.go:43.2,43.12 1 1
github.com/SergioLacerda/strategist-skill/internal/telemetry/confidence_history.go:47.2,47.79 1 1
github.com/SergioLacerda/strategist-skill/internal/telemetry/confidence_history.go:48.3,49.1 1 0
github.com/SergioLacerda/strategist-skill/internal/telemetry/confidence_history.go:49.9,49.22 1 1
github.com/SergioLacerda/strategist-skill/internal/telemetry/confidence_history.go:50.3,51.1 1 1
github.com/SergioLacerda/strategist-skill/internal/telemetry/confidence_history.go:52.2,53.16 2 1
github.com/SergioLacerda/strategist-skill/internal/telemetry/confidence_history.go:54.3,55.1 1 0
github.com/SergioLacerda/strategist-skill/internal/telemetry/confidence_history.go:56.2,56.60 1 1
github.com/SergioLacerda/strategist-skill/internal/telemetry/confidence_history.go:57.3,58.1 1 0
github.com/SergioLacerda/strategist-skill/internal/telemetry/confidence_history.go:59.2,59.18 1 1
github.com/SergioLacerda/strategist-skill/internal/telemetry/confidence_history.go:63.2,64.16 2 1
github.com/SergioLacerda/strategist-skill/internal/telemetry/confidence_history.go:65.3,66.1 1 0
github.com/SergioLacerda/strategist-skill/internal/telemetry/confidence_history.go:67.2,69.21 3 1
github.com/SergioLacerda/strategist-skill/internal/telemetry/confidence_history.go:70.3,71.83 2 1
github.com/SergioLacerda/strategist-skill/internal/telemetry/confidence_history.go:72.4,73.1 1 1
github.com/SergioLacerda/strategist-skill/internal/telemetry/confidence_history.go:75.2,75.38 1 1
github.com/SergioLacerda/strategist-skill/internal/telemetry/confidence_history.go:76.3,77.1 1 0
github.com/SergioLacerda/strategist-skill/internal/telemetry/confidence_history.go:78.2,78.19 1 1
github.com/SergioLacerda/strategist-skill/internal/telemetry/confidence_history.go:82.2,82.65 1 1
github.com/SergioLacerda/strategist-skill/internal/telemetry/confidence_history.go:83.3,84.1 1 0
github.com/SergioLacerda/strategist-skill/internal/telemetry/confidence_history_read.go:13.2,15.1 2 1
github.com/SergioLacerda/strategist-skill/internal/telemetry/confidence_history_read.go:20.2,21.36 2 1
github.com/SergioLacerda/strategist-skill/internal/telemetry/confidence_history_read.go:22.3,23.1 1 1
github.com/SergioLacerda/strategist-skill/internal/telemetry/confidence_history_read.go:24.2,24.16 1 1
github.com/SergioLacerda/strategist-skill/internal/telemetry/confidence_history_read.go:25.3,26.1 1 0
github.com/SergioLacerda/strategist-skill/internal/telemetry/confidence_history_read.go:27.2,28.36 2 1
github.com/SergioLacerda/strategist-skill/internal/telemetry/confidence_history_read.go:29.3,30.1 1 0
github.com/SergioLacerda/strategist-skill/internal/telemetry/confidence_history_read.go:31.2,34.21 4 1
github.com/SergioLacerda/strategist-skill/internal/telemetry/confidence_history_read.go:35.3,35.87 1 1
github.com/SergioLacerda/strategist-skill/internal/telemetry/confidence_history_read.go:36.4,37.1 1 1
github.com/SergioLacerda/strategist-skill/internal/telemetry/confidence_history_read.go:39.2,39.38 1 1
github.com/SergioLacerda/strategist-skill/internal/telemetry/confidence_history_read.go:40.3,41.1 1 1
github.com/SergioLacerda/strategist-skill/internal/telemetry/confidence_history_read.go:42.2,42.34 1 1
github.com/SergioLacerda/strategist-skill/internal/telemetry/confidence_history_read.go:46.2,47.20 2 1
github.com/SergioLacerda/strategist-skill/internal/telemetry/confidence_history_read.go:48.3,49.1 1 0
github.com/SergioLacerda/strategist-skill/internal/telemetry/confidence_history_read.go:50.2,50.54 1 1
github.com/SergioLacerda/strategist-skill/internal/telemetry/confidence_history_read.go:51.3,53.1 2 1
github.com/SergioLacerda/strategist-skill/internal/telemetry/confidence_history_read.go:54.2,55.57 2 1
github.com/SergioLacerda/strategist-skill/internal/telemetry/confidence_history_read.go:56.3,58.1 2 1
github.com/SergioLacerda/strategist-skill/internal/telemetry/confidence_history_read.go:59.2,59.45 1 1
github.com/SergioLacerda/strategist-skill/internal/telemetry/confidence_history_read.go:60.3,62.1 2 0
github.com/SergioLacerda/strategist-skill/internal/telemetry/confidence_history_read.go:63.2,63.21 1 1
github.com/SergioLacerda/strategist-skill/internal/telemetry/confidence_history_read.go:67.2,67.15 1 1
github.com/SergioLacerda/strategist-skill/internal/telemetry/confidence_history_read.go:68.3,69.1 1 1
github.com/SergioLacerda/strategist-skill/internal/telemetry/confidence_history_read.go:70.3,71.1 1 1
github.com/SergioLacerda/strategist-skill/internal/telemetry/confidence_history_read.go:72.2,72.64 1 1
github.com/SergioLacerda/strategist-skill/internal/telemetry/confidence_metrics.go:107.2,108.1 1 1
github.com/SergioLacerda/strategist-skill/internal/telemetry/confidence_metrics.go:112.2,113.16 2 0
github.com/SergioLacerda/strategist-skill/internal/telemetry/confidence_metrics.go:114.3,115.1 1 0
github.com/SergioLacerda/strategist-skill/internal/telemetry/confidence_metrics.go:116.2,116.45 1 0
github.com/SergioLacerda/strategist-skill/internal/telemetry/confidence_metrics.go:121.2,122.1 1 1
github.com/SergioLacerda/strategist-skill/internal/telemetry/confidence_metrics.go:128.2,131.16 4 1
github.com/SergioLacerda/strategist-skill/internal/telemetry/confidence_metrics.go:132.3,133.1 1 1
github.com/SergioLacerda/strategist-skill/internal/telemetry/confidence_metrics.go:137.2,137.20 1 1
github.com/SergioLacerda/strategist-skill/internal/telemetry/confidence_metrics.go:138.3,139.1 1 0
github.com/SergioLacerda/strategist-skill/internal/telemetry/confidence_metrics.go:140.2,141.21 2 1
github.com/SergioLacerda/strategist-skill/internal/telemetry/confidence_metrics.go:142.3,143.1 1 0
github.com/SergioLacerda/strategist-skill/internal/telemetry/confidence_metrics.go:144.2,157.1 2 1
github.com/SergioLacerda/strategist-skill/internal/telemetry/confidence_metrics.go:158.2,158.57 2 1
github.com/SergioLacerda/strategist-skill/internal/telemetry/confidence_metrics.go:163.2,164.1 1 1
github.com/SergioLacerda/strategist-skill/internal/telemetry/confidence_metrics.go:169.2,170.15 2 1
github.com/SergioLacerda/strategist-skill/internal/telemetry/confidence_metrics.go:171.3,172.1 1 1
github.com/SergioLacerda/strategist-skill/internal/telemetry/confidence_metrics.go:173.2,183.1 3 1
github.com/SergioLacerda/strategist-skill/internal/telemetry/confidence_metrics.go:184.2,184.45 3 1
github.com/SergioLacerda/strategist-skill/internal/telemetry/confidence_producers.go:24.2,26.1 2 1
github.com/SergioLacerda/strategist-skill/internal/telemetry/confidence_producers.go:31.2,31.31 1 1
github.com/SergioLacerda/strategist-skill/internal/telemetry/confidence_producers.go:32.3,33.1 1 1
github.com/SergioLacerda/strategist-skill/internal/telemetry/confidence_producers.go:34.2,34.21 1 1
github.com/SergioLacerda/strategist-skill/internal/telemetry/confidence_producers.go:35.3,36.1 1 1
github.com/SergioLacerda/strategist-skill/internal/telemetry/confidence_producers.go:37.2,37.87 1 1
github.com/SergioLacerda/strategist-skill/internal/telemetry/confidence_producers.go:42.2,43.1 1 1
github.com/SergioLacerda/strategist-skill/internal/telemetry/confidence_producers.go:47.2,48.1 1 1
github.com/SergioLacerda/strategist-skill/internal/telemetry/confidence_producers.go:54.2,56.1 2 1
github.com/SergioLacerda/strategist-skill/internal/telemetry/confidence_producers.go:59.2,59.40 1 1
github.com/SergioLacerda/strategist-skill/internal/telemetry/confidence_producers.go:60.3,60.18 1 1
github.com/SergioLacerda/strategist-skill/internal/telemetry/confidence_producers.go:61.4,62.1 1 1
github.com/SergioLacerda/strategist-skill/internal/telemetry/confidence_producers.go:64.2,64.14 1 1
github.com/SergioLacerda/strategist-skill/internal/telemetry/confidence_record_validation.go:14.2,14.33 1 1
github.com/SergioLacerda/strategist-skill/internal/telemetry/confidence_record_validation.go:15.3,16.1 1 1
github.com/SergioLacerda/strategist-skill/internal/telemetry/confidence_record_validation.go:17.2,17.31 1 1
github.com/SergioLacerda/strategist-skill/internal/telemetry/confidence_record_validation.go:19.3,19.49 1 1
github.com/SergioLacerda/strategist-skill/internal/telemetry/confidence_record_validation.go:21.3,21.50 1 1
github.com/SergioLacerda/strategist-skill/internal/telemetry/confidence_record_validation.go:23.3,23.50 1 1
github.com/SergioLacerda/strategist-skill/internal/telemetry/confidence_record_validation.go:25.3,25.99 1 0
github.com/SergioLacerda/strategist-skill/internal/telemetry/confidence_record_validation.go:30.2,31.28 2 1
github.com/SergioLacerda/strategist-skill/internal/telemetry/confidence_record_validation.go:32.3,33.1 1 1
github.com/SergioLacerda/strategist-skill/internal/telemetry/confidence_record_validation.go:34.2,34.24 1 1
github.com/SergioLacerda/strategist-skill/internal/telemetry/confidence_record_validation.go:35.3,36.1 1 0
github.com/SergioLacerda/strategist-skill/internal/telemetry/confidence_record_validation.go:37.2,37.33 1 1
github.com/SergioLacerda/strategist-skill/internal/telemetry/confidence_record_validation.go:38.3,39.1 1 1
github.com/SergioLacerda/strategist-skill/internal/telemetry/confidence_record_validation.go:40.2,40.32 1 1
github.com/SergioLacerda/strategist-skill/internal/telemetry/confidence_record_validation.go:41.3,42.1 1 0
github.com/SergioLacerda/strategist-skill/internal/telemetry/confidence_record_validation.go:43.2,43.26 1 1
github.com/SergioLacerda/strategist-skill/internal/telemetry/confidence_record_validation.go:44.3,45.1 1 1
github.com/SergioLacerda/strategist-skill/internal/telemetry/confidence_record_validation.go:46.2,46.28 1 1
github.com/SergioLacerda/strategist-skill/internal/telemetry/confidence_record_validation.go:47.3,48.1 1 1
github.com/SergioLacerda/strategist-skill/internal/telemetry/confidence_record_validation.go:48.9,48.77 1 1
github.com/SergioLacerda/strategist-skill/internal/telemetry/confidence_record_validation.go:49.3,50.1 1 0
github.com/SergioLacerda/strategist-skill/internal/telemetry/confidence_record_validation.go:51.2,51.29 1 1
github.com/SergioLacerda/strategist-skill/internal/telemetry/confidence_record_validation.go:55.2,56.26 2 1
github.com/SergioLacerda/strategist-skill/internal/telemetry/confidence_record_validation.go:57.3,58.1 1 0
github.com/SergioLacerda/strategist-skill/internal/telemetry/confidence_record_validation.go:59.2,59.24 1 1
github.com/SergioLacerda/strategist-skill/internal/telemetry/confidence_record_validation.go:60.3,61.1 1 0
github.com/SergioLacerda/strategist-skill/internal/telemetry/confidence_record_validation.go:62.2,62.28 1 1
github.com/SergioLacerda/strategist-skill/internal/telemetry/confidence_record_validation.go:63.3,64.1 1 0
github.com/SergioLacerda/strategist-skill/internal/telemetry/confidence_record_validation.go:65.2,65.29 1 1
github.com/SergioLacerda/strategist-skill/internal/telemetry/confidence_record_validation.go:69.2,71.16 3 1
github.com/SergioLacerda/strategist-skill/internal/telemetry/confidence_record_validation.go:72.3,73.1 1 0
github.com/SergioLacerda/strategist-skill/internal/telemetry/confidence_record_validation.go:73.9,73.44 1 1
github.com/SergioLacerda/strategist-skill/internal/telemetry/confidence_record_validation.go:74.3,75.1 1 0
github.com/SergioLacerda/strategist-skill/internal/telemetry/confidence_record_validation.go:76.2,78.29 3 1
github.com/SergioLacerda/strategist-skill/internal/telemetry/confidence_record_validation.go:82.2,84.1 2 1
github.com/SergioLacerda/strategist-skill/internal/telemetry/confidence_record_validation.go:87.2,88.26 2 1
github.com/SergioLacerda/strategist-skill/internal/telemetry/confidence_record_validation.go:89.3,90.1 1 0
github.com/SergioLacerda/strategist-skill/internal/telemetry/confidence_record_validation.go:91.2,91.24 1 1
github.com/SergioLacerda/strategist-skill/internal/telemetry/confidence_record_validation.go:92.3,93.1 1 0
github.com/SergioLacerda/strategist-skill/internal/telemetry/confidence_record_validation.go:94.2,94.99 1 1
github.com/SergioLacerda/strategist-skill/internal/telemetry/confidence_record_validation.go:95.3,96.1 1 0
github.com/SergioLacerda/strategist-skill/internal/telemetry/confidence_record_validation.go:97.2,97.111 1 1
github.com/SergioLacerda/strategist-skill/internal/telemetry/confidence_record_validation.go:98.3,99.1 1 1
github.com/SergioLacerda/strategist-skill/internal/telemetry/confidence_record_validation.go:100.2,100.13 1 1
github.com/SergioLacerda/strategist-skill/internal/telemetry/confidence_record_validation.go:104.2,105.32 2 1
github.com/SergioLacerda/strategist-skill/internal/telemetry/confidence_record_validation.go:106.3,106.18 1 1
github.com/SergioLacerda/strategist-skill/internal/telemetry/confidence_record_validation.go:107.4,108.1 1 0
github.com/SergioLacerda/strategist-skill/internal/telemetry/confidence_record_validation.go:110.2,110.13 1 1
github.com/SergioLacerda/strategist-skill/internal/telemetry/confidence_record_validation.go:114.2,116.1 2 1
github.com/SergioLacerda/strategist-skill/internal/telemetry/confidence_record_validation.go:119.2,120.53 2 1
github.com/SergioLacerda/strategist-skill/internal/telemetry/confidence_record_validation.go:121.3,122.1 1 1
github.com/SergioLacerda/strategist-skill/internal/telemetry/confidence_record_validation.go:123.2,123.65 1 1
github.com/SergioLacerda/strategist-skill/internal/telemetry/confidence_record_validation.go:124.3,125.1 1 0
github.com/SergioLacerda/strategist-skill/internal/telemetry/confidence_record_validation.go:126.2,126.65 1 1
github.com/SergioLacerda/strategist-skill/internal/telemetry/confidence_record_validation.go:127.3,128.1 1 0
github.com/SergioLacerda/strategist-skill/internal/telemetry/confidence_record_validation.go:129.2,129.13 1 1
github.com/SergioLacerda/strategist-skill/internal/telemetry/confidence_record_validation.go:133.2,133.19 1 1
github.com/SergioLacerda/strategist-skill/internal/telemetry/confidence_record_validation.go:134.3,135.1 1 1
github.com/SergioLacerda/strategist-skill/internal/telemetry/confidence_record_validation.go:136.2,137.21 2 1
github.com/SergioLacerda/strategist-skill/internal/telemetry/confidence_record_validation.go:138.3,139.1 1 0
github.com/SergioLacerda/strategist-skill/internal/telemetry/confidence_record_validation.go:140.2,140.127 1 1
github.com/SergioLacerda/strategist-skill/internal/telemetry/confidence_record_validation.go:141.3,142.1 1 0
github.com/SergioLacerda/strategist-skill/internal/telemetry/confidence_record_validation.go:143.2,143.13 1 1
github.com/SergioLacerda/strategist-skill/internal/telemetry/confidence_record_validation.go:147.2,148.102 2 1
github.com/SergioLacerda/strategist-skill/internal/telemetry/confidence_record_validation.go:149.3,150.1 1 0
github.com/SergioLacerda/strategist-skill/internal/telemetry/confidence_record_validation.go:151.2,151.13 1 1
github.com/SergioLacerda/strategist-skill/internal/telemetry/confidence_record_validation.go:155.2,155.62 1 1
github.com/SergioLacerda/strategist-skill/internal/telemetry/confidence_record_validation.go:156.3,157.1 1 1
github.com/SergioLacerda/strategist-skill/internal/telemetry/confidence_record_validation.go:158.2,158.101 1 1
github.com/SergioLacerda/strategist-skill/internal/telemetry/confidence_record_validation.go:162.2,163.77 2 1
github.com/SergioLacerda/strategist-skill/internal/telemetry/confidence_record_validation.go:164.3,165.1 1 0
github.com/SergioLacerda/strategist-skill/internal/telemetry/confidence_record_validation.go:166.2,166.33 1 1
github.com/SergioLacerda/strategist-skill/internal/telemetry/confidence_record_validation.go:167.3,168.1 1 0
github.com/SergioLacerda/strategist-skill/internal/telemetry/confidence_record_validation.go:169.2,169.120 1 1
github.com/SergioLacerda/strategist-skill/internal/telemetry/confidence_record_validation.go:170.3,171.1 1 0
github.com/SergioLacerda/strategist-skill/internal/telemetry/confidence_record_validation.go:172.2,172.13 1 1
github.com/SergioLacerda/strategist-skill/internal/telemetry/confidence_record_validation.go:176.2,176.135 1 1
github.com/SergioLacerda/strategist-skill/internal/telemetry/confidence_record_validation.go:177.3,178.1 1 0
github.com/SergioLacerda/strategist-skill/internal/telemetry/confidence_record_validation.go:179.2,179.12 1 1
github.com/SergioLacerda/strategist-skill/internal/telemetry/confidence_records.go:14.2,14.72 1 1
github.com/SergioLacerda/strategist-skill/internal/telemetry/confidence_records.go:15.3,16.1 1 1
github.com/SergioLacerda/strategist-skill/internal/telemetry/confidence_records.go:17.2,18.16 2 1
github.com/SergioLacerda/strategist-skill/internal/telemetry/confidence_records.go:19.3,20.1 1 0
github.com/SergioLacerda/strategist-skill/internal/telemetry/confidence_records.go:21.2,25.49 5 1
github.com/SergioLacerda/strategist-skill/internal/telemetry/confidence_records.go:29.2,48.1 1 1
github.com/SergioLacerda/strategist-skill/internal/telemetry/confidence_records.go:52.2,53.32 2 1
github.com/SergioLacerda/strategist-skill/internal/telemetry/confidence_records.go:54.3,54.36 1 1
github.com/SergioLacerda/strategist-skill/internal/telemetry/confidence_records.go:55.4,55.12 1 0
github.com/SergioLacerda/strategist-skill/internal/telemetry/confidence_records.go:57.3,57.64 1 1
github.com/SergioLacerda/strategist-skill/internal/telemetry/confidence_records.go:58.4,59.1 1 1
github.com/SergioLacerda/strategist-skill/internal/telemetry/confidence_records.go:61.2,61.14 1 1
github.com/SergioLacerda/strategist-skill/internal/telemetry/confidence_records.go:66.2,69.22 4 1
github.com/SergioLacerda/strategist-skill/internal/telemetry/confidence_records.go:70.3,71.1 1 1
github.com/SergioLacerda/strategist-skill/internal/telemetry/confidence_records.go:72.2,78.58 3 1
github.com/SergioLacerda/strategist-skill/internal/telemetry/confidence_records.go:82.2,82.23 1 1
github.com/SergioLacerda/strategist-skill/internal/telemetry/confidence_records.go:83.3,84.1 1 0
github.com/SergioLacerda/strategist-skill/internal/telemetry/confidence_records.go:85.2,86.32 2 1
github.com/SergioLacerda/strategist-skill/internal/telemetry/confidence_records.go:87.3,88.1 1 1
github.com/SergioLacerda/strategist-skill/internal/telemetry/confidence_records.go:89.2,90.25 2 1
github.com/SergioLacerda/strategist-skill/internal/telemetry/confidence_records.go:91.3,92.1 1 1
github.com/SergioLacerda/strategist-skill/internal/telemetry/confidence_records.go:93.2,93.16 1 1
github.com/SergioLacerda/strategist-skill/internal/telemetry/confidence_rollout.go:33.2,36.1 2 1
github.com/SergioLacerda/strategist-skill/internal/telemetry/confidence_rollout.go:37.3,37.18 1 1
github.com/SergioLacerda/strategist-skill/internal/telemetry/confidence_rollout.go:38.4,39.1 1 1
github.com/SergioLacerda/strategist-skill/internal/telemetry/confidence_rollout.go:41.2,41.66 1 1
github.com/SergioLacerda/strategist-skill/internal/telemetry/confidence_rollout.go:42.3,43.1 1 1
github.com/SergioLacerda/strategist-skill/internal/telemetry/confidence_rollout.go:44.2,44.36 1 1
github.com/SergioLacerda/strategist-skill/internal/telemetry/confidence_rollout.go:45.3,46.1 1 1
github.com/SergioLacerda/strategist-skill/internal/telemetry/confidence_rollout.go:47.2,47.33 1 1
github.com/SergioLacerda/strategist-skill/internal/telemetry/confidence_rollout.go:48.3,49.1 1 1
github.com/SergioLacerda/strategist-skill/internal/telemetry/confidence_rollout.go:50.2,50.29 1 1
github.com/SergioLacerda/strategist-skill/internal/telemetry/confidence_rollout.go:55.2,56.16 2 1
github.com/SergioLacerda/strategist-skill/internal/telemetry/confidence_rollout.go:57.3,58.1 1 1
github.com/SergioLacerda/strategist-skill/internal/telemetry/confidence_rollout.go:59.2,60.53 2 1
github.com/SergioLacerda/strategist-skill/internal/telemetry/confidence_rollout.go:61.3,62.1 1 1
github.com/SergioLacerda/strategist-skill/internal/telemetry/confidence_rollout.go:63.2,63.20 1 1
github.com/SergioLacerda/strategist-skill/internal/telemetry/confidence_rollout.go:70.2,70.19 1 1
github.com/SergioLacerda/strategist-skill/internal/telemetry/confidence_rollout.go:72.3,72.13 1 1
github.com/SergioLacerda/strategist-skill/internal/telemetry/confidence_rollout.go:74.3,74.20 1 1
github.com/SergioLacerda/strategist-skill/internal/telemetry/confidence_rollout.go:75.4,76.1 1 1
github.com/SergioLacerda/strategist-skill/internal/telemetry/confidence_rollout.go:77.3,77.56 1 1
github.com/SergioLacerda/strategist-skill/internal/telemetry/confidence_rollout.go:78.4,79.1 1 1
github.com/SergioLacerda/strategist-skill/internal/telemetry/confidence_rollout.go:80.3,80.13 1 1
github.com/SergioLacerda/strategist-skill/internal/telemetry/confidence_rollout.go:82.3,82.86 1 1
github.com/SergioLacerda/strategist-skill/internal/telemetry/config.go:29.2,30.19 2 1
github.com/SergioLacerda/strategist-skill/internal/telemetry/config.go:31.3,32.1 1 1
github.com/SergioLacerda/strategist-skill/internal/telemetry/config.go:33.2,40.1 3 1
github.com/SergioLacerda/strategist-skill/internal/telemetry/config.go:46.2,47.1 1 1
github.com/SergioLacerda/strategist-skill/internal/telemetry/discovery.go:33.2,36.12 4 1
github.com/SergioLacerda/strategist-skill/internal/telemetry/discovery.go:37.3,39.1 2 1
github.com/SergioLacerda/strategist-skill/internal/telemetry/discovery.go:40.2,56.1 3 1
github.com/SergioLacerda/strategist-skill/internal/telemetry/discovery.go:57.2,57.20 3 1
github.com/SergioLacerda/strategist-skill/internal/telemetry/discovery.go:58.3,59.1 1 1
github.com/SergioLacerda/strategist-skill/internal/telemetry/discovery.go:60.2,60.18 1 1
github.com/SergioLacerda/strategist-skill/internal/telemetry/discovery.go:61.3,62.1 1 1
github.com/SergioLacerda/strategist-skill/internal/telemetry/discovery.go:63.2,63.14 1 1
github.com/SergioLacerda/strategist-skill/internal/telemetry/discovery.go:70.2,70.19 1 1
github.com/SergioLacerda/strategist-skill/internal/telemetry/discovery.go:71.3,72.1 1 1
github.com/SergioLacerda/strategist-skill/internal/telemetry/discovery.go:73.2,74.25 2 1
github.com/SergioLacerda/strategist-skill/internal/telemetry/discovery.go:75.3,76.1 1 1
github.com/SergioLacerda/strategist-skill/internal/telemetry/discovery.go:77.2,77.14 1 1
github.com/SergioLacerda/strategist-skill/internal/telemetry/discovery.go:85.2,85.21 1 1
github.com/SergioLacerda/strategist-skill/internal/telemetry/discovery.go:86.3,87.1 1 1
github.com/SergioLacerda/strategist-skill/internal/telemetry/discovery.go:88.2,88.14 1 1
github.com/SergioLacerda/strategist-skill/internal/telemetry/event.go:48.2,48.9 1 1
github.com/SergioLacerda/strategist-skill/internal/telemetry/event.go:50.3,50.17 1 1
github.com/SergioLacerda/strategist-skill/internal/telemetry/event.go:52.3,52.17 1 1
github.com/SergioLacerda/strategist-skill/internal/telemetry/event.go:54.3,54.16 1 1
github.com/SergioLacerda/strategist-skill/internal/telemetry/event.go:56.3,56.16 1 1
github.com/SergioLacerda/strategist-skill/internal/telemetry/event.go:58.3,58.17 1 1
github.com/SergioLacerda/strategist-skill/internal/telemetry/event.go:60.3,60.17 1 1
github.com/SergioLacerda/strategist-skill/internal/telemetry/event.go:62.3,62.23 1 1
github.com/SergioLacerda/strategist-skill/internal/telemetry/event.go:80.2,81.1 1 1
github.com/SergioLacerda/strategist-skill/internal/telemetry/event.go:164.2,164.18 1 1
github.com/SergioLacerda/strategist-skill/internal/telemetry/event.go:165.3,166.1 1 1
github.com/SergioLacerda/strategist-skill/internal/telemetry/event.go:167.2,167.26 1 1
github.com/SergioLacerda/strategist-skill/internal/telemetry/event.go:168.3,169.1 1 1
github.com/SergioLacerda/strategist-skill/internal/telemetry/event.go:170.2,170.39 1 1
github.com/SergioLacerda/strategist-skill/internal/telemetry/event.go:171.3,171.54 1 1
github.com/SergioLacerda/strategist-skill/internal/telemetry/event.go:172.4,173.1 1 1
github.com/SergioLacerda/strategist-skill/internal/telemetry/event.go:175.2,175.12 1 1
github.com/SergioLacerda/strategist-skill/internal/telemetry/event_jsonl.go:30.2,30.41 1 1
github.com/SergioLacerda/strategist-skill/internal/telemetry/event_jsonl.go:31.3,32.1 1 1
github.com/SergioLacerda/strategist-skill/internal/telemetry/event_jsonl.go:33.2,47.16 2 1
github.com/SergioLacerda/strategist-skill/internal/telemetry/event_jsonl.go:48.3,49.1 1 0
github.com/SergioLacerda/strategist-skill/internal/telemetry/event_jsonl.go:50.2,50.26 1 1
github.com/SergioLacerda/strategist-skill/internal/telemetry/event_jsonl.go:60.2,61.16 2 1
github.com/SergioLacerda/strategist-skill/internal/telemetry/event_jsonl.go:62.3,63.1 1 1
github.com/SergioLacerda/strategist-skill/internal/telemetry/event_jsonl.go:64.2,65.16 2 1
github.com/SergioLacerda/strategist-skill/internal/telemetry/event_jsonl.go:66.3,67.1 1 0
github.com/SergioLacerda/strategist-skill/internal/telemetry/event_jsonl.go:68.2,69.49 2 1
github.com/SergioLacerda/strategist-skill/internal/telemetry/event_jsonl.go:70.3,71.1 1 0
github.com/SergioLacerda/strategist-skill/internal/telemetry/event_jsonl.go:72.2,72.12 1 1
github.com/SergioLacerda/strategist-skill/internal/telemetry/event_jsonl.go:76.2,76.36 1 1
github.com/SergioLacerda/strategist-skill/internal/telemetry/event_jsonl.go:77.3,78.1 1 0
github.com/SergioLacerda/strategist-skill/internal/telemetry/event_jsonl.go:79.2,79.15 1 1
github.com/SergioLacerda/strategist-skill/internal/telemetry/event_jsonl.go:80.3,80.65 1 1
github.com/SergioLacerda/strategist-skill/internal/telemetry/event_jsonl.go:81.4,82.1 1 0
github.com/SergioLacerda/strategist-skill/internal/telemetry/event_jsonl.go:85.2,85.49 1 1
github.com/SergioLacerda/strategist-skill/internal/telemetry/event_jsonl.go:86.3,87.1 1 0
github.com/SergioLacerda/strategist-skill/internal/telemetry/event_jsonl.go:88.2,88.49 1 1
github.com/SergioLacerda/strategist-skill/internal/telemetry/event_jsonl.go:89.3,90.1 1 0
github.com/SergioLacerda/strategist-skill/internal/telemetry/event_jsonl.go:91.2,91.12 1 1
github.com/SergioLacerda/strategist-skill/internal/telemetry/event_sequence.go:22.2,26.1 4 1
github.com/SergioLacerda/strategist-skill/internal/telemetry/event_sequence.go:42.2,50.1 1 1
github.com/SergioLacerda/strategist-skill/internal/telemetry/event_sequence.go:56.2,60.1 3 1
github.com/SergioLacerda/strategist-skill/internal/telemetry/event_sequence.go:61.2,61.16 3 1
github.com/SergioLacerda/strategist-skill/internal/telemetry/event_sequence.go:62.3,63.1 1 1
github.com/SergioLacerda/strategist-skill/internal/telemetry/event_sequence.go:64.2,64.14 1 1
github.com/SergioLacerda/strategist-skill/internal/telemetry/event_sequence.go:87.2,87.32 1 1
github.com/SergioLacerda/strategist-skill/internal/telemetry/event_sequence.go:88.3,89.1 1 1
github.com/SergioLacerda/strategist-skill/internal/telemetry/event_sequence.go:90.2,90.36 1 1
github.com/SergioLacerda/strategist-skill/internal/telemetry/event_sequence.go:104.2,106.1 2 1
github.com/SergioLacerda/strategist-skill/internal/telemetry/event_sequence.go:109.2,110.27 2 1
github.com/SergioLacerda/strategist-skill/internal/telemetry/event_sequence.go:111.3,111.22 1 1
github.com/SergioLacerda/strategist-skill/internal/telemetry/event_sequence.go:112.4,112.12 1 1
github.com/SergioLacerda/strategist-skill/internal/telemetry/event_sequence.go:114.3,114.45 1 1
github.com/SergioLacerda/strategist-skill/internal/telemetry/event_sequence.go:116.2,116.14 1 1
github.com/SergioLacerda/strategist-skill/internal/telemetry/event_sequence.go:120.2,121.24 2 1
github.com/SergioLacerda/strategist-skill/internal/telemetry/event_sequence.go:122.3,123.1 1 1
github.com/SergioLacerda/strategist-skill/internal/telemetry/event_sequence.go:124.2,125.1 3 1
github.com/SergioLacerda/strategist-skill/internal/telemetry/event_sequence.go:126.2,127.28 3 1
github.com/SergioLacerda/strategist-skill/internal/telemetry/event_sequence.go:128.3,129.39 2 1
github.com/SergioLacerda/strategist-skill/internal/telemetry/event_sequence.go:129.41,129.83 1 1
github.com/SergioLacerda/strategist-skill/internal/telemetry/event_sequence.go:130.3,130.33 1 1
github.com/SergioLacerda/strategist-skill/internal/telemetry/event_sequence.go:131.4,132.20 2 1
github.com/SergioLacerda/strategist-skill/internal/telemetry/event_sequence.go:133.5,134.1 1 1
github.com/SergioLacerda/strategist-skill/internal/telemetry/event_sequence.go:137.2,137.13 1 1
github.com/SergioLacerda/strategist-skill/internal/telemetry/gate_outcome.go:17.2,18.19 2 1
github.com/SergioLacerda/strategist-skill/internal/telemetry/gate_outcome.go:19.3,20.1 1 1
github.com/SergioLacerda/strategist-skill/internal/telemetry/gate_outcome.go:21.2,21.51 1 1
github.com/SergioLacerda/strategist-skill/internal/telemetry/gate_outcome.go:22.3,23.1 1 1
github.com/SergioLacerda/strategist-skill/internal/telemetry/gate_outcome.go:24.2,31.1 3 1
github.com/SergioLacerda/strategist-skill/internal/telemetry/gate_outcome.go:32.2,33.16 3 1
github.com/SergioLacerda/strategist-skill/internal/telemetry/gate_outcome.go:34.3,35.1 1 1
github.com/SergioLacerda/strategist-skill/internal/telemetry/gate_outcome.go:36.2,36.22 1 1
github.com/SergioLacerda/strategist-skill/internal/telemetry/gate_outcome.go:42.2,43.16 2 1
github.com/SergioLacerda/strategist-skill/internal/telemetry/gate_outcome.go:44.3,45.1 1 1
github.com/SergioLacerda/strategist-skill/internal/telemetry/gate_outcome.go:46.2,46.27 1 1
github.com/SergioLacerda/strategist-skill/internal/telemetry/gate_outcome.go:47.3,47.31 1 1
github.com/SergioLacerda/strategist-skill/internal/telemetry/gate_outcome.go:48.4,49.1 1 1
github.com/SergioLacerda/strategist-skill/internal/telemetry/gate_outcome.go:51.2,51.16 1 1
github.com/SergioLacerda/strategist-skill/internal/telemetry/ground_truth_labels.go:33.2,34.1 1 1
github.com/SergioLacerda/strategist-skill/internal/telemetry/ground_truth_labels.go:38.2,45.1 7 1
github.com/SergioLacerda/strategist-skill/internal/telemetry/ground_truth_labels.go:48.2,49.31 2 1
github.com/SergioLacerda/strategist-skill/internal/telemetry/ground_truth_labels.go:50.3,51.1 1 1
github.com/SergioLacerda/strategist-skill/internal/telemetry/ground_truth_labels.go:52.2,52.95 1 1
github.com/SergioLacerda/strategist-skill/internal/telemetry/ground_truth_labels.go:53.3,54.1 1 1
github.com/SergioLacerda/strategist-skill/internal/telemetry/ground_truth_labels.go:55.2,55.13 1 1
github.com/SergioLacerda/strategist-skill/internal/telemetry/ground_truth_labels.go:59.2,60.9 2 1
github.com/SergioLacerda/strategist-skill/internal/telemetry/ground_truth_labels.go:61.3,62.1 1 1
github.com/SergioLacerda/strategist-skill/internal/telemetry/ground_truth_labels.go:63.2,63.22 1 1
github.com/SergioLacerda/strategist-skill/internal/telemetry/ground_truth_labels.go:64.3,65.1 1 1
github.com/SergioLacerda/strategist-skill/internal/telemetry/ground_truth_labels.go:66.2,66.12 1 1
github.com/SergioLacerda/strategist-skill/internal/telemetry/ground_truth_labels.go:70.2,70.14 1 1
github.com/SergioLacerda/strategist-skill/internal/telemetry/ground_truth_labels.go:71.3,72.1 1 1
github.com/SergioLacerda/strategist-skill/internal/telemetry/ground_truth_labels.go:73.2,73.56 1 1
github.com/SergioLacerda/strategist-skill/internal/telemetry/ground_truth_labels.go:74.3,75.1 1 1
github.com/SergioLacerda/strategist-skill/internal/telemetry/ground_truth_labels.go:76.2,76.12 1 1
github.com/SergioLacerda/strategist-skill/internal/telemetry/ground_truth_labels.go:83.2,83.55 1 1
github.com/SergioLacerda/strategist-skill/internal/telemetry/ground_truth_labels.go:84.3,85.1 1 1
github.com/SergioLacerda/strategist-skill/internal/telemetry/ground_truth_labels.go:86.2,87.16 2 1
github.com/SergioLacerda/strategist-skill/internal/telemetry/ground_truth_labels.go:88.3,89.1 1 1
github.com/SergioLacerda/strategist-skill/internal/telemetry/ground_truth_labels.go:90.2,91.44 2 1
github.com/SergioLacerda/strategist-skill/internal/telemetry/ground_truth_labels.go:92.3,93.1 1 0
github.com/SergioLacerda/strategist-skill/internal/telemetry/ground_truth_labels.go:94.2,94.15 1 1
github.com/SergioLacerda/strategist-skill/internal/telemetry/ground_truth_labels.go:95.3,95.65 1 1
github.com/SergioLacerda/strategist-skill/internal/telemetry/ground_truth_labels.go:96.4,97.1 1 0
github.com/SergioLacerda/strategist-skill/internal/telemetry/ground_truth_labels.go:99.2,99.47 1 1
github.com/SergioLacerda/strategist-skill/internal/telemetry/ground_truth_labels.go:103.2,103.63 1 1
github.com/SergioLacerda/strategist-skill/internal/telemetry/ground_truth_labels.go:104.3,105.1 1 1
github.com/SergioLacerda/strategist-skill/internal/telemetry/ground_truth_labels.go:106.2,107.16 2 1
github.com/SergioLacerda/strategist-skill/internal/telemetry/ground_truth_labels.go:108.3,109.1 1 1
github.com/SergioLacerda/strategist-skill/internal/telemetry/ground_truth_labels.go:110.2,110.15 1 1
github.com/SergioLacerda/strategist-skill/internal/telemetry/ground_truth_labels.go:114.2,115.16 2 1
github.com/SergioLacerda/strategist-skill/internal/telemetry/ground_truth_labels.go:116.3,117.1 1 0
github.com/SergioLacerda/strategist-skill/internal/telemetry/ground_truth_labels.go:118.2,118.42 1 1
github.com/SergioLacerda/strategist-skill/internal/telemetry/ground_truth_labels.go:119.3,120.1 1 1
github.com/SergioLacerda/strategist-skill/internal/telemetry/ground_truth_labels.go:121.2,122.16 2 1
github.com/SergioLacerda/strategist-skill/internal/telemetry/ground_truth_labels.go:123.3,124.1 1 0
github.com/SergioLacerda/strategist-skill/internal/telemetry/ground_truth_labels.go:125.2,125.49 1 1
github.com/SergioLacerda/strategist-skill/internal/telemetry/ground_truth_labels.go:126.3,127.1 1 0
github.com/SergioLacerda/strategist-skill/internal/telemetry/ground_truth_labels.go:128.2,128.60 1 1
github.com/SergioLacerda/strategist-skill/internal/telemetry/ground_truth_labels.go:129.3,130.1 1 0
github.com/SergioLacerda/strategist-skill/internal/telemetry/ground_truth_labels.go:131.2,131.18 1 1
github.com/SergioLacerda/strategist-skill/internal/telemetry/ground_truth_labels.go:135.2,135.29 1 1
github.com/SergioLacerda/strategist-skill/internal/telemetry/ground_truth_labels.go:136.3,136.67 1 1
github.com/SergioLacerda/strategist-skill/internal/telemetry/ground_truth_labels.go:137.4,138.1 1 1
github.com/SergioLacerda/strategist-skill/internal/telemetry/ground_truth_labels.go:140.2,140.14 1 1
github.com/SergioLacerda/strategist-skill/internal/telemetry/ground_truth_labels.go:147.2,148.36 2 1
github.com/SergioLacerda/strategist-skill/internal/telemetry/ground_truth_labels.go:149.3,150.1 1 1
github.com/SergioLacerda/strategist-skill/internal/telemetry/ground_truth_labels.go:151.2,151.16 1 1
github.com/SergioLacerda/strategist-skill/internal/telemetry/ground_truth_labels.go:152.3,153.1 1 0
github.com/SergioLacerda/strategist-skill/internal/telemetry/ground_truth_labels.go:154.2,156.16 3 1
github.com/SergioLacerda/strategist-skill/internal/telemetry/ground_truth_labels.go:157.3,158.1 1 1
github.com/SergioLacerda/strategist-skill/internal/telemetry/ground_truth_labels.go:159.2,159.49 1 1
github.com/SergioLacerda/strategist-skill/internal/telemetry/ground_truth_labels.go:163.2,163.24 1 1
github.com/SergioLacerda/strategist-skill/internal/telemetry/ground_truth_labels.go:164.3,164.44 1 1
github.com/SergioLacerda/strategist-skill/internal/telemetry/ground_truth_labels.go:165.4,166.1 1 1
github.com/SergioLacerda/strategist-skill/internal/telemetry/ground_truth_labels.go:168.2,168.15 1 1
github.com/SergioLacerda/strategist-skill/internal/telemetry/ground_truth_labels.go:172.2,175.21 4 1
github.com/SergioLacerda/strategist-skill/internal/telemetry/ground_truth_labels.go:176.3,177.87 2 1
github.com/SergioLacerda/strategist-skill/internal/telemetry/ground_truth_labels.go:178.4,178.12 1 1
github.com/SergioLacerda/strategist-skill/internal/telemetry/ground_truth_labels.go:180.3,181.16 2 1
github.com/SergioLacerda/strategist-skill/internal/telemetry/ground_truth_labels.go:182.4,182.12 1 0
github.com/SergioLacerda/strategist-skill/internal/telemetry/ground_truth_labels.go:184.3,185.29 2 1
github.com/SergioLacerda/strategist-skill/internal/telemetry/ground_truth_labels.go:187.2,187.69 1 1
github.com/SergioLacerda/strategist-skill/internal/telemetry/ground_truth_metrics.go:24.2,25.12 2 1
github.com/SergioLacerda/strategist-skill/internal/telemetry/ground_truth_metrics.go:26.3,27.1 1 1
github.com/SergioLacerda/strategist-skill/internal/telemetry/ground_truth_metrics.go:28.2,28.15 1 1
github.com/SergioLacerda/strategist-skill/internal/telemetry/ground_truth_metrics.go:30.3,30.16 1 1
github.com/SergioLacerda/strategist-skill/internal/telemetry/ground_truth_metrics.go:32.3,32.40 1 1
github.com/SergioLacerda/strategist-skill/internal/telemetry/ground_truth_metrics.go:34.3,34.22 1 1
github.com/SergioLacerda/strategist-skill/internal/telemetry/ground_truth_metrics.go:36.3,36.17 1 1
github.com/SergioLacerda/strategist-skill/internal/telemetry/ground_truth_metrics.go:41.2,41.7 1 1
github.com/SergioLacerda/strategist-skill/internal/telemetry/ground_truth_metrics.go:42.3,43.1 1 1
github.com/SergioLacerda/strategist-skill/internal/telemetry/ground_truth_metrics.go:44.2,44.10 1 1
github.com/SergioLacerda/strategist-skill/internal/telemetry/ground_truth_metrics.go:50.2,51.27 2 1
github.com/SergioLacerda/strategist-skill/internal/telemetry/ground_truth_metrics.go:52.3,52.43 1 1
github.com/SergioLacerda/strategist-skill/internal/telemetry/ground_truth_metrics.go:53.4,54.1 1 1
github.com/SergioLacerda/strategist-skill/internal/telemetry/ground_truth_metrics.go:56.2,57.30 2 1
github.com/SergioLacerda/strategist-skill/internal/telemetry/ground_truth_metrics.go:58.3,58.51 1 1
github.com/SergioLacerda/strategist-skill/internal/telemetry/ground_truth_metrics.go:59.4,60.1 1 1
github.com/SergioLacerda/strategist-skill/internal/telemetry/ground_truth_metrics.go:62.2,70.1 1 1
github.com/SergioLacerda/strategist-skill/internal/telemetry/ground_truth_metrics.go:76.2,76.9 1 1
github.com/SergioLacerda/strategist-skill/internal/telemetry/ground_truth_metrics.go:78.3,78.36 1 1
github.com/SergioLacerda/strategist-skill/internal/telemetry/ground_truth_metrics.go:80.3,80.40 1 1
github.com/SergioLacerda/strategist-skill/internal/telemetry/ground_truth_metrics.go:82.3,82.36 1 1
github.com/SergioLacerda/strategist-skill/internal/telemetry/ground_truth_metrics.go:90.2,91.27 2 1
github.com/SergioLacerda/strategist-skill/internal/telemetry/ground_truth_metrics.go:92.3,92.56 1 1
github.com/SergioLacerda/strategist-skill/internal/telemetry/ground_truth_metrics.go:93.4,93.12 1 1
github.com/SergioLacerda/strategist-skill/internal/telemetry/ground_truth_metrics.go:95.3,96.48 2 1
github.com/SergioLacerda/strategist-skill/internal/telemetry/ground_truth_metrics.go:97.4,98.1 1 1
github.com/SergioLacerda/strategist-skill/internal/telemetry/ground_truth_metrics.go:100.2,101.16 2 1
github.com/SergioLacerda/strategist-skill/internal/telemetry/ground_truth_metrics.go:102.3,103.1 1 1
github.com/SergioLacerda/strategist-skill/internal/telemetry/ground_truth_metrics.go:104.2,104.10 1 1
github.com/SergioLacerda/strategist-skill/internal/telemetry/handoff_challenge_record.go:45.2,46.1 1 1
github.com/SergioLacerda/strategist-skill/internal/telemetry/handoff_challenge_record.go:52.2,52.73 1 1
github.com/SergioLacerda/strategist-skill/internal/telemetry/handoff_challenge_record.go:53.3,54.1 1 1
github.com/SergioLacerda/strategist-skill/internal/telemetry/handoff_challenge_record.go:55.2,56.16 2 1
github.com/SergioLacerda/strategist-skill/internal/telemetry/handoff_challenge_record.go:57.3,58.1 1 1
github.com/SergioLacerda/strategist-skill/internal/telemetry/handoff_challenge_record.go:59.2,60.1 2 1
github.com/SergioLacerda/strategist-skill/internal/telemetry/handoff_challenge_record.go:61.2,61.42 2 1
github.com/SergioLacerda/strategist-skill/internal/telemetry/handoff_challenge_record.go:65.2,66.16 2 1
github.com/SergioLacerda/strategist-skill/internal/telemetry/handoff_challenge_record.go:67.3,68.1 1 0
github.com/SergioLacerda/strategist-skill/internal/telemetry/handoff_challenge_record.go:69.2,69.55 1 1
github.com/SergioLacerda/strategist-skill/internal/telemetry/handoff_challenge_record.go:70.3,71.1 1 0
github.com/SergioLacerda/strategist-skill/internal/telemetry/handoff_challenge_record.go:72.2,72.12 1 1
github.com/SergioLacerda/strategist-skill/internal/telemetry/handoff_challenge_record.go:82.2,83.36 2 1
github.com/SergioLacerda/strategist-skill/internal/telemetry/handoff_challenge_record.go:84.3,85.1 1 1
github.com/SergioLacerda/strategist-skill/internal/telemetry/handoff_challenge_record.go:86.2,86.16 1 1
github.com/SergioLacerda/strategist-skill/internal/telemetry/handoff_challenge_record.go:87.3,88.1 1 0
github.com/SergioLacerda/strategist-skill/internal/telemetry/handoff_challenge_record.go:89.2,90.1 2 1
github.com/SergioLacerda/strategist-skill/internal/telemetry/handoff_challenge_record.go:91.2,91.33 2 1
github.com/SergioLacerda/strategist-skill/internal/telemetry/handoff_challenge_record.go:95.2,97.21 3 1
github.com/SergioLacerda/strategist-skill/internal/telemetry/handoff_challenge_record.go:98.3,98.64 1 1
github.com/SergioLacerda/strategist-skill/internal/telemetry/handoff_challenge_record.go:99.4,100.1 1 1
github.com/SergioLacerda/strategist-skill/internal/telemetry/handoff_challenge_record.go:102.2,102.76 1 1
github.com/SergioLacerda/strategist-skill/internal/telemetry/handoff_challenge_record.go:106.2,106.20 1 1
github.com/SergioLacerda/strategist-skill/internal/telemetry/handoff_challenge_record.go:107.3,108.1 1 1
github.com/SergioLacerda/strategist-skill/internal/telemetry/handoff_challenge_record.go:109.2,109.51 1 1
github.com/SergioLacerda/strategist-skill/internal/telemetry/handoff_challenge_record.go:110.3,111.1 1 1
github.com/SergioLacerda/strategist-skill/internal/telemetry/handoff_challenge_record.go:112.2,112.18 1 1
github.com/SergioLacerda/strategist-skill/internal/telemetry/handoff_metrics.go:64.2,67.1 4 1
github.com/SergioLacerda/strategist-skill/internal/telemetry/handoff_metrics.go:68.2,77.1 4 1
github.com/SergioLacerda/strategist-skill/internal/telemetry/handoff_metrics.go:86.2,86.21 1 1
github.com/SergioLacerda/strategist-skill/internal/telemetry/handoff_metrics.go:87.3,88.1 1 1
github.com/SergioLacerda/strategist-skill/internal/telemetry/handoff_metrics.go:89.2,89.84 1 1
github.com/SergioLacerda/strategist-skill/internal/telemetry/handoff_metrics.go:93.2,94.28 2 1
github.com/SergioLacerda/strategist-skill/internal/telemetry/handoff_metrics.go:95.3,95.15 1 1
github.com/SergioLacerda/strategist-skill/internal/telemetry/handoff_metrics.go:96.4,97.1 1 1
github.com/SergioLacerda/strategist-skill/internal/telemetry/handoff_metrics.go:99.2,99.10 1 1
github.com/SergioLacerda/strategist-skill/internal/telemetry/handoff_metrics.go:103.2,104.28 2 1
github.com/SergioLacerda/strategist-skill/internal/telemetry/handoff_metrics.go:105.3,105.30 1 1
github.com/SergioLacerda/strategist-skill/internal/telemetry/handoff_metrics.go:106.4,107.1 1 1
github.com/SergioLacerda/strategist-skill/internal/telemetry/handoff_metrics.go:109.2,109.10 1 1
github.com/SergioLacerda/strategist-skill/internal/telemetry/handoff_metrics.go:113.2,114.28 2 1
github.com/SergioLacerda/strategist-skill/internal/telemetry/handoff_metrics.go:115.3,115.36 1 1
github.com/SergioLacerda/strategist-skill/internal/telemetry/handoff_metrics.go:116.4,117.1 1 1
github.com/SergioLacerda/strategist-skill/internal/telemetry/handoff_metrics.go:119.2,119.10 1 1
github.com/SergioLacerda/strategist-skill/internal/telemetry/handoff_metrics.go:123.2,124.28 2 1
github.com/SergioLacerda/strategist-skill/internal/telemetry/handoff_metrics.go:125.3,125.54 1 1
github.com/SergioLacerda/strategist-skill/internal/telemetry/handoff_metrics.go:126.4,127.1 1 1
github.com/SergioLacerda/strategist-skill/internal/telemetry/handoff_metrics.go:129.2,129.10 1 1
github.com/SergioLacerda/strategist-skill/internal/telemetry/handoff_metrics.go:133.2,133.27 1 1
github.com/SergioLacerda/strategist-skill/internal/telemetry/handoff_metrics.go:134.3,134.18 1 1
github.com/SergioLacerda/strategist-skill/internal/telemetry/handoff_metrics.go:135.4,136.1 1 1
github.com/SergioLacerda/strategist-skill/internal/telemetry/handoff_metrics.go:138.2,138.14 1 1
github.com/SergioLacerda/strategist-skill/internal/telemetry/handoff_metrics.go:142.2,142.28 1 1
github.com/SergioLacerda/strategist-skill/internal/telemetry/handoff_metrics.go:143.3,143.21 1 1
github.com/SergioLacerda/strategist-skill/internal/telemetry/handoff_metrics.go:144.4,144.12 1 1
github.com/SergioLacerda/strategist-skill/internal/telemetry/handoff_metrics.go:146.3,147.15 2 1
github.com/SergioLacerda/strategist-skill/internal/telemetry/handoff_metrics.go:148.4,149.1 1 1
github.com/SergioLacerda/strategist-skill/internal/telemetry/handoff_metrics.go:151.2,151.22 1 1
github.com/SergioLacerda/strategist-skill/internal/telemetry/handoff_metrics.go:157.2,159.37 3 1
github.com/SergioLacerda/strategist-skill/internal/telemetry/handoff_metrics.go:160.3,160.43 1 1
github.com/SergioLacerda/strategist-skill/internal/telemetry/handoff_metrics.go:161.4,161.12 1 1
github.com/SergioLacerda/strategist-skill/internal/telemetry/handoff_metrics.go:163.3,164.36 2 1
github.com/SergioLacerda/strategist-skill/internal/telemetry/handoff_metrics.go:165.4,166.1 1 1
github.com/SergioLacerda/strategist-skill/internal/telemetry/handoff_metrics.go:168.2,168.40 1 1
github.com/SergioLacerda/strategist-skill/internal/telemetry/handoff_metrics.go:172.2,173.28 2 1
github.com/SergioLacerda/strategist-skill/internal/telemetry/handoff_metrics.go:174.3,175.1 1 1
github.com/SergioLacerda/strategist-skill/internal/telemetry/handoff_metrics.go:176.2,176.18 1 1
github.com/SergioLacerda/strategist-skill/internal/telemetry/handoff_metrics.go:180.2,180.29 1 1
github.com/SergioLacerda/strategist-skill/internal/telemetry/handoff_metrics.go:181.3,181.21 1 1
github.com/SergioLacerda/strategist-skill/internal/telemetry/handoff_metrics.go:182.4,183.1 1 1
github.com/SergioLacerda/strategist-skill/internal/telemetry/handoff_metrics.go:185.2,185.14 1 1
github.com/SergioLacerda/strategist-skill/internal/telemetry/handoff_metrics.go:189.2,189.29 1 1
github.com/SergioLacerda/strategist-skill/internal/telemetry/handoff_metrics.go:190.3,190.32 1 1
github.com/SergioLacerda/strategist-skill/internal/telemetry/handoff_metrics.go:191.4,192.1 1 1
github.com/SergioLacerda/strategist-skill/internal/telemetry/handoff_metrics.go:194.2,194.14 1 1
github.com/SergioLacerda/strategist-skill/internal/telemetry/initiative.go:13.2,14.1 1 1
github.com/SergioLacerda/strategist-skill/internal/telemetry/jsonl.go:16.2,19.1 3 1
github.com/SergioLacerda/strategist-skill/internal/telemetry/jsonl.go:22.2,22.38 1 1
github.com/SergioLacerda/strategist-skill/internal/telemetry/jsonl.go:23.3,24.1 1 1
github.com/SergioLacerda/strategist-skill/internal/telemetry/jsonl.go:25.2,25.12 1 1
github.com/SergioLacerda/strategist-skill/internal/telemetry/jsonl.go:29.2,29.59 1 1
github.com/SergioLacerda/strategist-skill/internal/telemetry/jsonl.go:30.3,31.1 1 1
github.com/SergioLacerda/strategist-skill/internal/telemetry/mission_metrics.go:52.2,70.1 1 1
github.com/SergioLacerda/strategist-skill/internal/telemetry/mission_metrics.go:74.2,92.1 1 1
github.com/SergioLacerda/strategist-skill/internal/telemetry/mission_run.go:32.2,35.1 1 1
github.com/SergioLacerda/strategist-skill/internal/telemetry/mission_run.go:40.2,41.1 1 1
github.com/SergioLacerda/strategist-skill/internal/telemetry/mission_run.go:45.2,45.16 1 1
github.com/SergioLacerda/strategist-skill/internal/telemetry/mission_run.go:46.3,47.1 1 1
github.com/SergioLacerda/strategist-skill/internal/telemetry/mission_run.go:48.2,49.9 2 1
github.com/SergioLacerda/strategist-skill/internal/telemetry/mission_run.go:50.3,51.1 1 1
github.com/SergioLacerda/strategist-skill/internal/telemetry/mission_run.go:52.2,52.12 1 1
github.com/SergioLacerda/strategist-skill/internal/telemetry/mission_run.go:62.2,62.12 1 1
github.com/SergioLacerda/strategist-skill/internal/telemetry/mission_run.go:63.3,64.1 1 1
github.com/SergioLacerda/strategist-skill/internal/telemetry/mission_run.go:65.2,67.15 3 1
github.com/SergioLacerda/strategist-skill/internal/telemetry/mission_run.go:87.2,91.1 4 1
github.com/SergioLacerda/strategist-skill/internal/telemetry/mission_run.go:95.2,97.1 11 1
github.com/SergioLacerda/strategist-skill/internal/telemetry/mission_run.go:98.2,106.1 11 1
github.com/SergioLacerda/strategist-skill/internal/telemetry/mission_run.go:107.2,122.1 11 1
github.com/SergioLacerda/strategist-skill/internal/telemetry/mission_run.go:126.2,126.20 1 1
github.com/SergioLacerda/strategist-skill/internal/telemetry/mission_run.go:127.3,128.1 1 1
github.com/SergioLacerda/strategist-skill/internal/telemetry/mission_run.go:129.2,129.14 1 1
github.com/SergioLacerda/strategist-skill/internal/telemetry/mission_run.go:135.2,138.1 3 1
github.com/SergioLacerda/strategist-skill/internal/telemetry/mission_run.go:142.2,145.12 4 1
github.com/SergioLacerda/strategist-skill/internal/telemetry/mission_run.go:146.3,147.1 1 1
github.com/SergioLacerda/strategist-skill/internal/telemetry/mission_run.go:148.2,149.34 2 1
github.com/SergioLacerda/strategist-skill/internal/telemetry/mission_run.go:154.2,154.51 1 1
github.com/SergioLacerda/strategist-skill/internal/telemetry/mission_run.go:155.3,156.1 1 1
github.com/SergioLacerda/strategist-skill/internal/telemetry/mission_run.go:161.2,165.1 1 1
github.com/SergioLacerda/strategist-skill/internal/telemetry/mission_run_marks.go:7.2,10.1 3 1
github.com/SergioLacerda/strategist-skill/internal/telemetry/mission_run_marks.go:14.2,17.1 3 1
github.com/SergioLacerda/strategist-skill/internal/telemetry/mission_run_marks.go:21.2,24.1 3 1
github.com/SergioLacerda/strategist-skill/internal/telemetry/mission_run_marks.go:28.2,31.1 3 1
github.com/SergioLacerda/strategist-skill/internal/telemetry/mission_run_marks.go:35.2,38.1 3 1
github.com/SergioLacerda/strategist-skill/internal/telemetry/mission_run_marks.go:43.2,46.1 3 1
github.com/SergioLacerda/strategist-skill/internal/telemetry/mission_run_marks.go:50.2,53.1 3 1
github.com/SergioLacerda/strategist-skill/internal/telemetry/mission_run_marks.go:56.2,56.18 1 1
github.com/SergioLacerda/strategist-skill/internal/telemetry/mission_run_marks.go:57.3,58.1 1 1
github.com/SergioLacerda/strategist-skill/internal/telemetry/mission_token_usage.go:50.2,51.25 2 1
github.com/SergioLacerda/strategist-skill/internal/telemetry/mission_token_usage.go:52.3,53.1 1 1
github.com/SergioLacerda/strategist-skill/internal/telemetry/mission_token_usage.go:54.2,54.22 1 1
github.com/SergioLacerda/strategist-skill/internal/telemetry/mission_token_usage.go:55.3,56.1 1 1
github.com/SergioLacerda/strategist-skill/internal/telemetry/mission_token_usage.go:57.2,57.23 1 1
github.com/SergioLacerda/strategist-skill/internal/telemetry/mission_token_usage.go:58.3,59.1 1 1
github.com/SergioLacerda/strategist-skill/internal/telemetry/mission_token_usage.go:60.2,60.22 1 1
github.com/SergioLacerda/strategist-skill/internal/telemetry/mission_token_usage.go:61.3,62.1 1 1
github.com/SergioLacerda/strategist-skill/internal/telemetry/mission_token_usage.go:63.2,63.26 1 1
github.com/SergioLacerda/strategist-skill/internal/telemetry/mission_token_usage.go:64.3,65.1 1 1
github.com/SergioLacerda/strategist-skill/internal/telemetry/mission_token_usage.go:66.2,66.29 1 1
github.com/SergioLacerda/strategist-skill/internal/telemetry/mission_token_usage.go:72.2,73.1 1 1
github.com/SergioLacerda/strategist-skill/internal/telemetry/mission_token_usage.go:84.2,84.54 1 1
github.com/SergioLacerda/strategist-skill/internal/telemetry/mission_token_usage.go:85.3,86.1 1 1
github.com/SergioLacerda/strategist-skill/internal/telemetry/mission_token_usage.go:87.2,87.73 1 1
github.com/SergioLacerda/strategist-skill/internal/telemetry/mission_token_usage.go:88.3,89.1 1 0
github.com/SergioLacerda/strategist-skill/internal/telemetry/mission_token_usage.go:90.2,91.16 2 1
github.com/SergioLacerda/strategist-skill/internal/telemetry/mission_token_usage.go:92.3,93.1 1 0
github.com/SergioLacerda/strategist-skill/internal/telemetry/mission_token_usage.go:94.2,95.1 2 1
github.com/SergioLacerda/strategist-skill/internal/telemetry/mission_token_usage.go:96.2,96.43 2 1
github.com/SergioLacerda/strategist-skill/internal/telemetry/mission_token_usage.go:100.2,101.16 2 1
github.com/SergioLacerda/strategist-skill/internal/telemetry/mission_token_usage.go:102.3,103.1 1 0
github.com/SergioLacerda/strategist-skill/internal/telemetry/mission_token_usage.go:104.2,104.55 1 1
github.com/SergioLacerda/strategist-skill/internal/telemetry/mission_token_usage.go:105.3,106.1 1 0
github.com/SergioLacerda/strategist-skill/internal/telemetry/mission_token_usage.go:107.2,107.12 1 1
github.com/SergioLacerda/strategist-skill/internal/telemetry/mission_token_usage.go:116.2,117.36 2 1
github.com/SergioLacerda/strategist-skill/internal/telemetry/mission_token_usage.go:118.3,119.1 1 1
github.com/SergioLacerda/strategist-skill/internal/telemetry/mission_token_usage.go:120.2,120.16 1 1
github.com/SergioLacerda/strategist-skill/internal/telemetry/mission_token_usage.go:121.3,122.1 1 0
github.com/SergioLacerda/strategist-skill/internal/telemetry/mission_token_usage.go:123.2,124.1 2 1
github.com/SergioLacerda/strategist-skill/internal/telemetry/mission_token_usage.go:125.2,125.33 2 1
github.com/SergioLacerda/strategist-skill/internal/telemetry/mission_token_usage.go:129.2,131.21 3 1
github.com/SergioLacerda/strategist-skill/internal/telemetry/mission_token_usage.go:132.3,132.65 1 1
github.com/SergioLacerda/strategist-skill/internal/telemetry/mission_token_usage.go:133.4,134.1 1 1
github.com/SergioLacerda/strategist-skill/internal/telemetry/mission_token_usage.go:136.2,136.78 1 1
github.com/SergioLacerda/strategist-skill/internal/telemetry/mission_token_usage.go:140.2,140.20 1 1
github.com/SergioLacerda/strategist-skill/internal/telemetry/mission_token_usage.go:141.3,142.1 1 0
github.com/SergioLacerda/strategist-skill/internal/telemetry/mission_token_usage.go:143.2,143.51 1 1
github.com/SergioLacerda/strategist-skill/internal/telemetry/mission_token_usage.go:144.3,145.1 1 1
github.com/SergioLacerda/strategist-skill/internal/telemetry/mission_token_usage.go:146.2,146.18 1 1
github.com/SergioLacerda/strategist-skill/internal/telemetry/outcome.go:30.2,31.57 2 1
github.com/SergioLacerda/strategist-skill/internal/telemetry/outcome.go:32.3,33.1 1 1
github.com/SergioLacerda/strategist-skill/internal/telemetry/outcome.go:34.2,35.23 2 1
github.com/SergioLacerda/strategist-skill/internal/telemetry/outcome.go:36.3,37.1 1 1
github.com/SergioLacerda/strategist-skill/internal/telemetry/outcome.go:38.2,38.20 1 1
github.com/SergioLacerda/strategist-skill/internal/telemetry/outcome.go:39.3,40.1 1 1
github.com/SergioLacerda/strategist-skill/internal/telemetry/outcome.go:41.2,41.23 1 1
github.com/SergioLacerda/strategist-skill/internal/telemetry/outcome.go:42.3,43.1 1 1
github.com/SergioLacerda/strategist-skill/internal/telemetry/outcome.go:44.2,44.29 1 1
github.com/SergioLacerda/strategist-skill/internal/telemetry/outcome.go:58.2,58.49 1 1
github.com/SergioLacerda/strategist-skill/internal/telemetry/outcome.go:59.3,60.1 1 1
github.com/SergioLacerda/strategist-skill/internal/telemetry/outcome.go:61.2,62.60 2 1
github.com/SergioLacerda/strategist-skill/internal/telemetry/outcome.go:63.3,64.1 1 0
github.com/SergioLacerda/strategist-skill/internal/telemetry/outcome.go:65.2,66.16 2 1
github.com/SergioLacerda/strategist-skill/internal/telemetry/outcome.go:67.3,68.1 1 1
github.com/SergioLacerda/strategist-skill/internal/telemetry/outcome.go:69.2,70.58 2 1
github.com/SergioLacerda/strategist-skill/internal/telemetry/outcome.go:74.2,74.35 1 1
github.com/SergioLacerda/strategist-skill/internal/telemetry/outcome.go:75.3,76.1 1 1
github.com/SergioLacerda/strategist-skill/internal/telemetry/outcome.go:77.2,78.1 3 1
github.com/SergioLacerda/strategist-skill/internal/telemetry/outcome.go:79.2,80.16 3 1
github.com/SergioLacerda/strategist-skill/internal/telemetry/outcome.go:81.3,82.1 1 1
github.com/SergioLacerda/strategist-skill/internal/telemetry/outcome.go:83.2,83.12 1 1
github.com/SergioLacerda/strategist-skill/internal/telemetry/outcome.go:84.3,85.1 1 1
github.com/SergioLacerda/strategist-skill/internal/telemetry/outcome.go:86.2,86.48 1 1
github.com/SergioLacerda/strategist-skill/internal/telemetry/outcome.go:87.3,88.1 1 0
github.com/SergioLacerda/strategist-skill/internal/telemetry/outcome.go:89.2,89.48 1 1
github.com/SergioLacerda/strategist-skill/internal/telemetry/outcome.go:90.3,91.1 1 0
github.com/SergioLacerda/strategist-skill/internal/telemetry/outcome.go:92.2,92.18 1 1
github.com/SergioLacerda/strategist-skill/internal/telemetry/outcome.go:100.2,100.51 1 1
github.com/SergioLacerda/strategist-skill/internal/telemetry/outcome.go:101.3,102.1 1 1
github.com/SergioLacerda/strategist-skill/internal/telemetry/outcome.go:103.2,104.21 2 1
github.com/SergioLacerda/strategist-skill/internal/telemetry/outcome.go:105.3,105.58 1 1
github.com/SergioLacerda/strategist-skill/internal/telemetry/outcome.go:106.4,107.1 1 1
github.com/SergioLacerda/strategist-skill/internal/telemetry/outcome.go:109.2,109.62 1 1
github.com/SergioLacerda/strategist-skill/internal/telemetry/outcome.go:113.2,113.20 1 1
github.com/SergioLacerda/strategist-skill/internal/telemetry/outcome.go:114.3,115.1 1 1
github.com/SergioLacerda/strategist-skill/internal/telemetry/outcome.go:116.2,117.53 2 1
github.com/SergioLacerda/strategist-skill/internal/telemetry/outcome.go:118.3,119.1 1 1
github.com/SergioLacerda/strategist-skill/internal/telemetry/outcome.go:120.2,120.37 1 1
github.com/SergioLacerda/strategist-skill/internal/telemetry/outcome.go:124.2,124.65 1 1
github.com/SergioLacerda/strategist-skill/internal/telemetry/outcome.go:125.3,126.1 1 1
github.com/SergioLacerda/strategist-skill/internal/telemetry/outcome.go:137.2,138.16 2 1
github.com/SergioLacerda/strategist-skill/internal/telemetry/outcome.go:139.3,141.1 2 1
github.com/SergioLacerda/strategist-skill/internal/telemetry/outcome.go:142.2,142.15 1 1
github.com/SergioLacerda/strategist-skill/internal/telemetry/outcome.go:143.3,144.1 1 1
github.com/SergioLacerda/strategist-skill/internal/telemetry/outcome_flush.go:24.2,25.16 2 1
github.com/SergioLacerda/strategist-skill/internal/telemetry/outcome_flush.go:26.3,27.1 1 1
github.com/SergioLacerda/strategist-skill/internal/telemetry/outcome_flush.go:28.2,28.17 1 1
github.com/SergioLacerda/strategist-skill/internal/telemetry/outcome_flush.go:29.3,30.1 1 1
github.com/SergioLacerda/strategist-skill/internal/telemetry/outcome_flush.go:32.2,33.16 2 1
github.com/SergioLacerda/strategist-skill/internal/telemetry/outcome_flush.go:34.3,35.1 1 0
github.com/SergioLacerda/strategist-skill/internal/telemetry/outcome_flush.go:36.2,36.51 1 1
github.com/SergioLacerda/strategist-skill/internal/telemetry/outcome_flush.go:40.2,41.36 2 1
github.com/SergioLacerda/strategist-skill/internal/telemetry/outcome_flush.go:42.3,43.1 1 1
github.com/SergioLacerda/strategist-skill/internal/telemetry/outcome_flush.go:44.2,44.16 1 1
github.com/SergioLacerda/strategist-skill/internal/telemetry/outcome_flush.go:45.3,46.1 1 1
github.com/SergioLacerda/strategist-skill/internal/telemetry/outcome_flush.go:47.2,47.18 1 1
github.com/SergioLacerda/strategist-skill/internal/telemetry/outcome_flush.go:51.2,53.21 3 1
github.com/SergioLacerda/strategist-skill/internal/telemetry/outcome_flush.go:54.3,54.62 1 1
github.com/SergioLacerda/strategist-skill/internal/telemetry/outcome_flush.go:55.4,56.1 1 1
github.com/SergioLacerda/strategist-skill/internal/telemetry/outcome_flush.go:58.2,58.66 1 1
github.com/SergioLacerda/strategist-skill/internal/telemetry/outcome_flush.go:62.2,62.16 1 1
github.com/SergioLacerda/strategist-skill/internal/telemetry/outcome_flush.go:63.3,64.1 1 1
github.com/SergioLacerda/strategist-skill/internal/telemetry/outcome_flush.go:65.2,66.16 2 1
github.com/SergioLacerda/strategist-skill/internal/telemetry/outcome_flush.go:67.3,69.1 2 1
github.com/SergioLacerda/strategist-skill/internal/telemetry/outcome_flush.go:70.2,70.17 1 1
github.com/SergioLacerda/strategist-skill/internal/telemetry/outcome_flush.go:74.2,74.51 1 1
github.com/SergioLacerda/strategist-skill/internal/telemetry/outcome_flush.go:75.3,76.1 1 1
github.com/SergioLacerda/strategist-skill/internal/telemetry/outcome_flush.go:77.2,77.12 1 1
github.com/SergioLacerda/strategist-skill/internal/telemetry/outcome_unix.go:12.2,12.68 1 1
github.com/SergioLacerda/strategist-skill/internal/telemetry/outcome_unix.go:13.3,14.1 1 1
github.com/SergioLacerda/strategist-skill/internal/telemetry/outcome_unix.go:15.2,15.12 1 1
github.com/SergioLacerda/strategist-skill/internal/telemetry/outcome_unix.go:19.2,19.68 1 1
github.com/SergioLacerda/strategist-skill/internal/telemetry/outcome_unix.go:20.3,21.1 1 0
github.com/SergioLacerda/strategist-skill/internal/telemetry/outcome_unix.go:22.2,22.12 1 1
github.com/SergioLacerda/strategist-skill/internal/telemetry/outcome_unix.go:26.2,26.68 1 1
github.com/SergioLacerda/strategist-skill/internal/telemetry/outcome_unix.go:27.3,28.1 1 1
github.com/SergioLacerda/strategist-skill/internal/telemetry/outcome_unix.go:29.2,29.12 1 1
github.com/SergioLacerda/strategist-skill/internal/telemetry/policy_event.go:20.2,21.30 2 1
github.com/SergioLacerda/strategist-skill/internal/telemetry/policy_event.go:22.3,23.1 1 1
github.com/SergioLacerda/strategist-skill/internal/telemetry/policy_event.go:24.2,24.28 1 1
github.com/SergioLacerda/strategist-skill/internal/telemetry/policy_event.go:25.3,26.1 1 1
github.com/SergioLacerda/strategist-skill/internal/telemetry/policy_event.go:27.2,27.21 1 1
github.com/SergioLacerda/strategist-skill/internal/telemetry/policy_event.go:28.3,29.1 1 1
github.com/SergioLacerda/strategist-skill/internal/telemetry/policy_event.go:30.2,30.13 1 1
github.com/SergioLacerda/strategist-skill/internal/telemetry/policy_event.go:35.2,40.1 2 1
github.com/SergioLacerda/strategist-skill/internal/telemetry/policy_event.go:41.2,41.30 2 1
github.com/SergioLacerda/strategist-skill/internal/telemetry/policy_event.go:42.3,43.1 1 1
github.com/SergioLacerda/strategist-skill/internal/telemetry/policy_event.go:44.2,44.28 1 1
github.com/SergioLacerda/strategist-skill/internal/telemetry/policy_event.go:45.3,46.1 1 1
github.com/SergioLacerda/strategist-skill/internal/telemetry/policy_event.go:47.2,47.21 1 1
github.com/SergioLacerda/strategist-skill/internal/telemetry/policy_event.go:48.3,49.1 1 1
github.com/SergioLacerda/strategist-skill/internal/telemetry/policy_event.go:50.2,50.44 1 1
github.com/SergioLacerda/strategist-skill/internal/telemetry/refinement_handoff_line.go:18.2,19.1 1 1
github.com/SergioLacerda/strategist-skill/internal/telemetry/refinement_handoff_line.go:42.2,42.9 1 1
github.com/SergioLacerda/strategist-skill/internal/telemetry/refinement_handoff_line.go:44.3,44.63 1 1
github.com/SergioLacerda/strategist-skill/internal/telemetry/refinement_handoff_line.go:46.3,46.70 1 1
github.com/SergioLacerda/strategist-skill/internal/telemetry/refinement_handoff_line.go:48.3,48.66 1 1
github.com/SergioLacerda/strategist-skill/internal/telemetry/refinement_handoff_line.go:50.3,50.72 1 1
github.com/SergioLacerda/strategist-skill/internal/telemetry/refinement_handoff_line.go:52.3,52.62 1 1
github.com/SergioLacerda/strategist-skill/internal/telemetry/refinement_handoff_line.go:54.3,54.77 1 1
github.com/SergioLacerda/strategist-skill/internal/telemetry/refinement_handoff_line.go:56.3,56.77 1 1
github.com/SergioLacerda/strategist-skill/internal/telemetry/refinement_handoff_line.go:58.2,58.12 1 1
github.com/SergioLacerda/strategist-skill/internal/telemetry/refinement_handoff_line.go:61.39,61.66 1 1
github.com/SergioLacerda/strategist-skill/internal/telemetry/refinement_handoff_line.go:62.39,62.66 1 1
github.com/SergioLacerda/strategist-skill/internal/telemetry/refinement_handoff_line.go:69.2,69.39 1 1
github.com/SergioLacerda/strategist-skill/internal/telemetry/refinement_handoff_line.go:70.3,71.1 1 1
github.com/SergioLacerda/strategist-skill/internal/telemetry/refinement_handoff_line.go:72.2,73.16 2 1
github.com/SergioLacerda/strategist-skill/internal/telemetry/refinement_handoff_line.go:74.3,75.1 1 0
github.com/SergioLacerda/strategist-skill/internal/telemetry/refinement_handoff_line.go:76.2,77.16 2 1
github.com/SergioLacerda/strategist-skill/internal/telemetry/refinement_handoff_line.go:78.3,79.1 1 0
github.com/SergioLacerda/strategist-skill/internal/telemetry/refinement_handoff_line.go:80.2,81.75 2 1
github.com/SergioLacerda/strategist-skill/internal/telemetry/refinement_handoff_line.go:88.2,89.36 2 1
github.com/SergioLacerda/strategist-skill/internal/telemetry/refinement_handoff_line.go:90.3,91.1 1 1
github.com/SergioLacerda/strategist-skill/internal/telemetry/refinement_handoff_line.go:92.2,92.16 1 1
github.com/SergioLacerda/strategist-skill/internal/telemetry/refinement_handoff_line.go:93.3,94.1 1 0
github.com/SergioLacerda/strategist-skill/internal/telemetry/refinement_handoff_line.go:95.2,98.21 4 1
github.com/SergioLacerda/strategist-skill/internal/telemetry/refinement_handoff_line.go:99.3,100.78 2 1
github.com/SergioLacerda/strategist-skill/internal/telemetry/refinement_handoff_line.go:101.4,102.1 1 1
github.com/SergioLacerda/strategist-skill/internal/telemetry/refinement_handoff_line.go:104.2,104.90 1 1
github.com/SergioLacerda/strategist-skill/internal/telemetry/refinement_handoff_line.go:105.3,106.1 1 0
github.com/SergioLacerda/strategist-skill/internal/telemetry/refinement_handoff_line.go:107.2,107.19 1 1
github.com/SergioLacerda/strategist-skill/internal/telemetry/refinement_handoff_line.go:113.2,113.63 1 1
github.com/SergioLacerda/strategist-skill/internal/telemetry/refinement_handoff_line.go:114.3,115.1 1 0
github.com/SergioLacerda/strategist-skill/internal/telemetry/refinement_handoff_line.go:116.2,117.16 2 1
github.com/SergioLacerda/strategist-skill/internal/telemetry/refinement_handoff_line.go:118.3,119.1 1 0
github.com/SergioLacerda/strategist-skill/internal/telemetry/refinement_handoff_line.go:120.2,120.45 1 1
github.com/SergioLacerda/strategist-skill/internal/telemetry/refinement_handoff_line.go:121.3,123.1 2 0
github.com/SergioLacerda/strategist-skill/internal/telemetry/refinement_handoff_line.go:124.2,124.15 1 1
github.com/SergioLacerda/strategist-skill/internal/telemetry/refinement_handoff_line.go:128.2,128.65 1 1
github.com/SergioLacerda/strategist-skill/internal/telemetry/refinement_handoff_line.go:129.3,130.1 1 0
github.com/SergioLacerda/strategist-skill/internal/telemetry/refinement_handoff_line.go:131.2,131.63 1 1
github.com/SergioLacerda/strategist-skill/internal/telemetry/refinement_handoff_line.go:135.2,136.26 2 1
github.com/SergioLacerda/strategist-skill/internal/telemetry/refinement_handoff_line.go:137.3,138.1 1 1
github.com/SergioLacerda/strategist-skill/internal/telemetry/refinement_handoff_line.go:139.2,139.48 1 1
github.com/SergioLacerda/strategist-skill/internal/telemetry/refinement_handoff_line.go:140.3,141.1 1 0
github.com/SergioLacerda/strategist-skill/internal/telemetry/refinement_handoff_line.go:142.2,142.58 1 1
github.com/SergioLacerda/strategist-skill/internal/telemetry/refinement_handoff_line.go:143.3,144.1 1 0
github.com/SergioLacerda/strategist-skill/internal/telemetry/refinement_handoff_line.go:145.2,145.18 1 1
github.com/SergioLacerda/strategist-skill/internal/telemetry/refinement_handoff_line.go:152.2,152.51 1 1
github.com/SergioLacerda/strategist-skill/internal/telemetry/refinement_handoff_line.go:153.3,154.1 1 0
github.com/SergioLacerda/strategist-skill/internal/telemetry/refinement_handoff_line.go:155.2,156.21 2 1
github.com/SergioLacerda/strategist-skill/internal/telemetry/refinement_handoff_line.go:157.3,160.1 2 1
github.com/SergioLacerda/strategist-skill/internal/telemetry/refinement_handoff_line.go:161.3,161.127 2 1
github.com/SergioLacerda/strategist-skill/internal/telemetry/refinement_handoff_line.go:162.4,163.1 1 1
github.com/SergioLacerda/strategist-skill/internal/telemetry/refinement_handoff_line.go:165.2,165.73 1 1
github.com/SergioLacerda/strategist-skill/internal/telemetry/refinement_handoff_line.go:169.2,169.26 1 1
github.com/SergioLacerda/strategist-skill/internal/telemetry/refinement_handoff_line.go:170.3,171.1 1 1
github.com/SergioLacerda/strategist-skill/internal/telemetry/refinement_handoff_line.go:172.2,172.17 1 1
github.com/SergioLacerda/strategist-skill/internal/telemetry/route_decision.go:47.2,48.57 2 1
github.com/SergioLacerda/strategist-skill/internal/telemetry/route_decision.go:49.3,50.1 1 1
github.com/SergioLacerda/strategist-skill/internal/telemetry/route_decision.go:51.2,60.29 10 1
github.com/SergioLacerda/strategist-skill/internal/telemetry/route_decision.go:64.2,64.17 1 1
github.com/SergioLacerda/strategist-skill/internal/telemetry/route_decision.go:65.3,66.1 1 1
github.com/SergioLacerda/strategist-skill/internal/telemetry/route_decision.go:67.2,67.12 1 1
github.com/SergioLacerda/strategist-skill/internal/telemetry/route_decision.go:71.2,71.17 1 1
github.com/SergioLacerda/strategist-skill/internal/telemetry/route_decision.go:72.3,73.1 1 1
github.com/SergioLacerda/strategist-skill/internal/telemetry/route_decision.go:74.2,74.21 1 1
github.com/SergioLacerda/strategist-skill/internal/telemetry/route_decision.go:75.3,76.1 1 1
github.com/SergioLacerda/strategist-skill/internal/telemetry/route_decision.go:77.2,77.12 1 1
github.com/SergioLacerda/strategist-skill/internal/telemetry/route_decision.go:81.2,81.42 1 1
github.com/SergioLacerda/strategist-skill/internal/telemetry/route_decision.go:82.3,83.1 1 1
github.com/SergioLacerda/strategist-skill/internal/telemetry/route_decision.go:84.2,84.12 1 1
github.com/SergioLacerda/strategist-skill/internal/telemetry/route_decision.go:88.2,88.61 1 1
github.com/SergioLacerda/strategist-skill/internal/telemetry/route_decision.go:89.3,90.1 1 1
github.com/SergioLacerda/strategist-skill/internal/telemetry/route_decision.go:91.2,91.12 1 1
github.com/SergioLacerda/strategist-skill/internal/telemetry/route_decision.go:103.2,103.55 1 1
github.com/SergioLacerda/strategist-skill/internal/telemetry/route_decision.go:104.3,105.1 1 1
github.com/SergioLacerda/strategist-skill/internal/telemetry/route_decision.go:106.2,107.60 2 1
github.com/SergioLacerda/strategist-skill/internal/telemetry/route_decision.go:108.3,109.1 1 0
github.com/SergioLacerda/strategist-skill/internal/telemetry/route_decision.go:110.2,111.16 2 1
github.com/SergioLacerda/strategist-skill/internal/telemetry/route_decision.go:112.3,113.1 1 1
github.com/SergioLacerda/strategist-skill/internal/telemetry/route_decision.go:114.2,115.64 2 1
github.com/SergioLacerda/strategist-skill/internal/telemetry/route_decision.go:119.2,119.35 1 1
github.com/SergioLacerda/strategist-skill/internal/telemetry/route_decision.go:120.3,121.1 1 1
github.com/SergioLacerda/strategist-skill/internal/telemetry/route_decision.go:122.2,123.1 3 1
github.com/SergioLacerda/strategist-skill/internal/telemetry/route_decision.go:124.2,125.16 3 1
github.com/SergioLacerda/strategist-skill/internal/telemetry/route_decision.go:126.3,127.1 1 1
github.com/SergioLacerda/strategist-skill/internal/telemetry/route_decision.go:128.2,128.12 1 1
github.com/SergioLacerda/strategist-skill/internal/telemetry/route_decision.go:129.3,130.1 1 1
github.com/SergioLacerda/strategist-skill/internal/telemetry/route_decision.go:131.2,131.48 1 1
github.com/SergioLacerda/strategist-skill/internal/telemetry/route_decision.go:132.3,133.1 1 0
github.com/SergioLacerda/strategist-skill/internal/telemetry/route_decision.go:134.2,134.48 1 1
github.com/SergioLacerda/strategist-skill/internal/telemetry/route_decision.go:135.3,136.1 1 0
github.com/SergioLacerda/strategist-skill/internal/telemetry/route_decision.go:137.2,137.18 1 1
github.com/SergioLacerda/strategist-skill/internal/telemetry/route_decision.go:146.2,146.51 1 1
github.com/SergioLacerda/strategist-skill/internal/telemetry/route_decision.go:147.3,148.1 1 1
github.com/SergioLacerda/strategist-skill/internal/telemetry/route_decision.go:149.2,150.21 2 1
github.com/SergioLacerda/strategist-skill/internal/telemetry/route_decision.go:151.3,151.64 1 1
github.com/SergioLacerda/strategist-skill/internal/telemetry/route_decision.go:152.4,153.1 1 1
github.com/SergioLacerda/strategist-skill/internal/telemetry/route_decision.go:155.2,155.69 1 1
github.com/SergioLacerda/strategist-skill/internal/telemetry/route_decision.go:159.2,159.20 1 1
github.com/SergioLacerda/strategist-skill/internal/telemetry/route_decision.go:160.3,161.1 1 1
github.com/SergioLacerda/strategist-skill/internal/telemetry/route_decision.go:162.2,163.53 2 1
github.com/SergioLacerda/strategist-skill/internal/telemetry/route_decision.go:164.3,165.1 1 1
github.com/SergioLacerda/strategist-skill/internal/telemetry/route_decision.go:166.2,166.37 1 1
github.com/SergioLacerda/strategist-skill/internal/telemetry/route_decision.go:170.2,170.65 1 1
github.com/SergioLacerda/strategist-skill/internal/telemetry/route_decision.go:171.3,172.1 1 1
github.com/SergioLacerda/strategist-skill/internal/telemetry/route_metrics.go:33.2,35.1 3 1
github.com/SergioLacerda/strategist-skill/internal/telemetry/route_metrics.go:36.2,41.1 3 1
github.com/SergioLacerda/strategist-skill/internal/telemetry/route_metrics.go:45.2,46.29 2 1
github.com/SergioLacerda/strategist-skill/internal/telemetry/route_metrics.go:47.3,48.1 1 1
github.com/SergioLacerda/strategist-skill/internal/telemetry/route_metrics.go:49.2,49.13 1 1
github.com/SergioLacerda/strategist-skill/internal/telemetry/route_metrics.go:56.2,56.30 1 1
github.com/SergioLacerda/strategist-skill/internal/telemetry/route_metrics.go:57.3,57.25 1 1
github.com/SergioLacerda/strategist-skill/internal/telemetry/route_metrics.go:58.4,59.1 1 1
github.com/SergioLacerda/strategist-skill/internal/telemetry/route_metrics.go:60.3,60.41 1 1
github.com/SergioLacerda/strategist-skill/internal/telemetry/route_metrics.go:61.4,61.12 1 1
github.com/SergioLacerda/strategist-skill/internal/telemetry/route_metrics.go:63.3,64.52 2 1
github.com/SergioLacerda/strategist-skill/internal/telemetry/route_metrics.go:65.4,66.1 1 1
github.com/SergioLacerda/strategist-skill/internal/telemetry/route_metrics.go:68.2,68.59 1 1
github.com/SergioLacerda/strategist-skill/internal/telemetry/route_metrics.go:72.2,73.1 1 1
github.com/SergioLacerda/strategist-skill/internal/telemetry/route_metrics.go:76.2,78.1 2 1
github.com/SergioLacerda/strategist-skill/internal/telemetry/route_metrics.go:83.2,83.16 1 1
github.com/SergioLacerda/strategist-skill/internal/telemetry/route_metrics.go:84.3,85.1 1 1
github.com/SergioLacerda/strategist-skill/internal/telemetry/route_metrics.go:86.2,86.40 1 1
github.com/SergioLacerda/strategist-skill/internal/telemetry/schema.go:165.2,165.82 1 1
github.com/SergioLacerda/strategist-skill/internal/telemetry/schema.go:166.3,167.1 1 1
github.com/SergioLacerda/strategist-skill/internal/telemetry/schema.go:168.2,168.10 1 1
github.com/SergioLacerda/strategist-skill/internal/telemetry/schema.go:172.2,172.16 1 1
github.com/SergioLacerda/strategist-skill/internal/telemetry/schema.go:173.3,174.1 1 1
github.com/SergioLacerda/strategist-skill/internal/telemetry/schema.go:175.2,178.32 2 1
github.com/SergioLacerda/strategist-skill/internal/telemetry/scout_metrics_history.go:25.2,26.1 1 1
github.com/SergioLacerda/strategist-skill/internal/telemetry/scout_metrics_history.go:31.2,32.1 1 1
github.com/SergioLacerda/strategist-skill/internal/telemetry/scout_metrics_history.go:42.2,43.36 2 1
github.com/SergioLacerda/strategist-skill/internal/telemetry/scout_metrics_history.go:44.3,45.1 1 1
github.com/SergioLacerda/strategist-skill/internal/telemetry/scout_metrics_history.go:46.2,46.16 1 1
github.com/SergioLacerda/strategist-skill/internal/telemetry/scout_metrics_history.go:47.3,48.1 1 1
github.com/SergioLacerda/strategist-skill/internal/telemetry/scout_metrics_history.go:49.2,50.1 2 1
github.com/SergioLacerda/strategist-skill/internal/telemetry/scout_metrics_history.go:51.2,51.30 2 1
github.com/SergioLacerda/strategist-skill/internal/telemetry/scout_metrics_history.go:55.2,57.21 3 1
github.com/SergioLacerda/strategist-skill/internal/telemetry/scout_metrics_history.go:58.3,58.59 1 1
github.com/SergioLacerda/strategist-skill/internal/telemetry/scout_metrics_history.go:59.4,60.1 1 1
github.com/SergioLacerda/strategist-skill/internal/telemetry/scout_metrics_history.go:62.2,62.75 1 1
github.com/SergioLacerda/strategist-skill/internal/telemetry/scout_metrics_history.go:66.2,66.20 1 1
github.com/SergioLacerda/strategist-skill/internal/telemetry/scout_metrics_history.go:67.3,68.1 1 1
github.com/SergioLacerda/strategist-skill/internal/telemetry/scout_metrics_history.go:69.2,69.49 1 1
github.com/SergioLacerda/strategist-skill/internal/telemetry/scout_metrics_history.go:70.3,71.1 1 1
github.com/SergioLacerda/strategist-skill/internal/telemetry/scout_metrics_history.go:72.2,72.16 1 1
github.com/SergioLacerda/strategist-skill/internal/telemetry/scout_metrics_history.go:82.2,83.36 2 1
github.com/SergioLacerda/strategist-skill/internal/telemetry/scout_metrics_history.go:84.3,85.1 1 1
github.com/SergioLacerda/strategist-skill/internal/telemetry/scout_metrics_history.go:86.2,86.16 1 1
github.com/SergioLacerda/strategist-skill/internal/telemetry/scout_metrics_history.go:87.3,88.1 1 1
github.com/SergioLacerda/strategist-skill/internal/telemetry/scout_metrics_history.go:89.2,90.1 2 1
github.com/SergioLacerda/strategist-skill/internal/telemetry/scout_metrics_history.go:91.2,91.24 2 1
github.com/SergioLacerda/strategist-skill/internal/telemetry/scout_metrics_history.go:95.2,97.21 3 1
github.com/SergioLacerda/strategist-skill/internal/telemetry/scout_metrics_history.go:98.3,98.53 1 1
github.com/SergioLacerda/strategist-skill/internal/telemetry/scout_metrics_history.go:99.4,100.1 1 1
github.com/SergioLacerda/strategist-skill/internal/telemetry/scout_metrics_history.go:102.2,102.68 1 1
github.com/SergioLacerda/strategist-skill/internal/telemetry/scout_metrics_history.go:106.2,106.20 1 1
github.com/SergioLacerda/strategist-skill/internal/telemetry/scout_metrics_history.go:107.3,108.1 1 1
github.com/SergioLacerda/strategist-skill/internal/telemetry/scout_metrics_history.go:109.2,109.49 1 1
github.com/SergioLacerda/strategist-skill/internal/telemetry/scout_metrics_history.go:110.3,111.1 1 1
github.com/SergioLacerda/strategist-skill/internal/telemetry/scout_metrics_history.go:112.2,112.16 1 1
github.com/SergioLacerda/strategist-skill/internal/telemetry/setup.go:25.2,25.20 1 1
github.com/SergioLacerda/strategist-skill/internal/telemetry/setup.go:26.3,27.38 2 1
github.com/SergioLacerda/strategist-skill/internal/telemetry/setup.go:27.40,27.52 1 1
github.com/SergioLacerda/strategist-skill/internal/telemetry/setup.go:30.2,32.1 2 1
github.com/SergioLacerda/strategist-skill/internal/telemetry/setup.go:33.2,33.18 2 1
github.com/SergioLacerda/strategist-skill/internal/telemetry/setup.go:34.3,35.1 1 1
github.com/SergioLacerda/strategist-skill/internal/telemetry/setup.go:37.2,38.16 2 1
github.com/SergioLacerda/strategist-skill/internal/telemetry/setup.go:39.3,40.1 1 0
github.com/SergioLacerda/strategist-skill/internal/telemetry/setup.go:42.2,45.16 2 1
github.com/SergioLacerda/strategist-skill/internal/telemetry/setup.go:46.3,47.1 1 0
github.com/SergioLacerda/strategist-skill/internal/telemetry/setup.go:49.2,54.1 5 1
github.com/SergioLacerda/strategist-skill/internal/telemetry/setup.go:56.2,58.1 5 1
github.com/SergioLacerda/strategist-skill/internal/telemetry/setup.go:59.2,59.25 5 1
github.com/SergioLacerda/strategist-skill/internal/telemetry/sniper_claim.go:45.2,46.1 1 1
github.com/SergioLacerda/strategist-skill/internal/telemetry/sniper_claim.go:51.2,51.73 1 1
github.com/SergioLacerda/strategist-skill/internal/telemetry/sniper_claim.go:52.3,53.1 1 0
github.com/SergioLacerda/strategist-skill/internal/telemetry/sniper_claim.go:54.2,55.16 2 1
github.com/SergioLacerda/strategist-skill/internal/telemetry/sniper_claim.go:56.3,57.1 1 0
github.com/SergioLacerda/strategist-skill/internal/telemetry/sniper_claim.go:58.2,59.1 2 1
github.com/SergioLacerda/strategist-skill/internal/telemetry/sniper_claim.go:60.2,60.37 2 1
github.com/SergioLacerda/strategist-skill/internal/telemetry/sniper_claim.go:64.2,65.16 2 1
github.com/SergioLacerda/strategist-skill/internal/telemetry/sniper_claim.go:66.3,67.1 1 0
github.com/SergioLacerda/strategist-skill/internal/telemetry/sniper_claim.go:68.2,68.55 1 1
github.com/SergioLacerda/strategist-skill/internal/telemetry/sniper_claim.go:69.3,70.1 1 0
github.com/SergioLacerda/strategist-skill/internal/telemetry/sniper_claim.go:71.2,71.12 1 1
github.com/SergioLacerda/strategist-skill/internal/telemetry/sniper_claim.go:78.2,79.36 2 1
github.com/SergioLacerda/strategist-skill/internal/telemetry/sniper_claim.go:80.3,81.1 1 1
github.com/SergioLacerda/strategist-skill/internal/telemetry/sniper_claim.go:82.2,82.16 1 1
github.com/SergioLacerda/strategist-skill/internal/telemetry/sniper_claim.go:83.3,84.1 1 0
github.com/SergioLacerda/strategist-skill/internal/telemetry/sniper_claim.go:85.2,86.1 2 1
github.com/SergioLacerda/strategist-skill/internal/telemetry/sniper_claim.go:87.2,87.41 2 1
github.com/SergioLacerda/strategist-skill/internal/telemetry/sniper_claim.go:91.2,94.21 4 1
github.com/SergioLacerda/strategist-skill/internal/telemetry/sniper_claim.go:95.3,95.72 1 1
github.com/SergioLacerda/strategist-skill/internal/telemetry/sniper_claim.go:96.4,97.1 1 1
github.com/SergioLacerda/strategist-skill/internal/telemetry/sniper_claim.go:99.2,99.71 1 1
github.com/SergioLacerda/strategist-skill/internal/telemetry/sniper_claim.go:107.2,107.51 1 1
github.com/SergioLacerda/strategist-skill/internal/telemetry/sniper_claim.go:108.3,109.1 1 1
github.com/SergioLacerda/strategist-skill/internal/telemetry/sniper_claim.go:110.2,110.86 1 1
github.com/SergioLacerda/strategist-skill/internal/telemetry/sniper_claim.go:111.3,112.1 1 1
github.com/SergioLacerda/strategist-skill/internal/telemetry/sniper_claim.go:113.2,113.18 1 1
github.com/SergioLacerda/strategist-skill/internal/telemetry/sniper_claim.go:134.2,134.23 1 1
github.com/SergioLacerda/strategist-skill/internal/telemetry/sniper_claim.go:135.3,136.1 1 1
github.com/SergioLacerda/strategist-skill/internal/telemetry/sniper_claim.go:137.2,138.74 2 1
github.com/SergioLacerda/strategist-skill/internal/telemetry/sniper_claim.go:142.2,145.30 4 1
github.com/SergioLacerda/strategist-skill/internal/telemetry/sniper_claim.go:146.3,146.53 1 1
github.com/SergioLacerda/strategist-skill/internal/telemetry/sniper_claim.go:147.4,150.1 3 1
github.com/SergioLacerda/strategist-skill/internal/telemetry/sniper_claim.go:151.3,151.57 1 1
github.com/SergioLacerda/strategist-skill/internal/telemetry/sniper_claim.go:153.2,153.56 1 1
github.com/SergioLacerda/strategist-skill/internal/telemetry/sniper_claim.go:157.2,158.37 2 1
github.com/SergioLacerda/strategist-skill/internal/telemetry/sniper_claim.go:159.3,160.49 2 1
github.com/SergioLacerda/strategist-skill/internal/telemetry/sniper_claim.go:161.4,161.12 1 1
github.com/SergioLacerda/strategist-skill/internal/telemetry/sniper_claim.go:163.3,164.28 2 1
github.com/SergioLacerda/strategist-skill/internal/telemetry/sniper_claim.go:165.4,166.1 1 1
github.com/SergioLacerda/strategist-skill/internal/telemetry/sniper_claim.go:167.3,172.5 2 1
github.com/SergioLacerda/strategist-skill/internal/telemetry/sniper_claim.go:174.2,174.16 1 1
github.com/SergioLacerda/strategist-skill/internal/telemetry/sniper_claim.go:181.2,182.1 1 1
github.com/SergioLacerda/strategist-skill/internal/telemetry/sniper_claim.go:186.2,190.1 1 1
github.com/SergioLacerda/strategist-skill/internal/telemetry/sniper_claim.go:194.2,200.1 1 1
github.com/SergioLacerda/strategist-skill/internal/telemetry/sniper_conflict.go:33.2,37.1 1 1
github.com/SergioLacerda/strategist-skill/internal/telemetry/sniper_conflict.go:41.2,48.1 1 1
github.com/SergioLacerda/strategist-skill/internal/telemetry/sniper_conflict.go:56.2,57.41 2 1
github.com/SergioLacerda/strategist-skill/internal/telemetry/sniper_conflict.go:58.3,59.1 1 1
github.com/SergioLacerda/strategist-skill/internal/telemetry/sniper_conflict.go:60.2,61.36 2 1
github.com/SergioLacerda/strategist-skill/internal/telemetry/sniper_conflict.go:62.3,62.35 1 1
github.com/SergioLacerda/strategist-skill/internal/telemetry/sniper_conflict.go:63.4,64.1 1 1
github.com/SergioLacerda/strategist-skill/internal/telemetry/sniper_conflict.go:66.2,66.19 1 1
github.com/SergioLacerda/strategist-skill/internal/telemetry/sniper_conflict.go:73.2,74.1 1 1
github.com/SergioLacerda/strategist-skill/internal/telemetry/sniper_materialization.go:30.2,31.1 1 1
github.com/SergioLacerda/strategist-skill/internal/telemetry/sniper_materialization.go:35.2,35.73 1 1
github.com/SergioLacerda/strategist-skill/internal/telemetry/sniper_materialization.go:36.3,37.1 1 1
github.com/SergioLacerda/strategist-skill/internal/telemetry/sniper_materialization.go:38.2,39.16 2 1
github.com/SergioLacerda/strategist-skill/internal/telemetry/sniper_materialization.go:40.3,41.1 1 1
github.com/SergioLacerda/strategist-skill/internal/telemetry/sniper_materialization.go:42.2,43.1 2 1
github.com/SergioLacerda/strategist-skill/internal/telemetry/sniper_materialization.go:44.2,44.47 2 1
github.com/SergioLacerda/strategist-skill/internal/telemetry/sniper_materialization.go:48.2,49.16 2 1
github.com/SergioLacerda/strategist-skill/internal/telemetry/sniper_materialization.go:50.3,51.1 1 0
github.com/SergioLacerda/strategist-skill/internal/telemetry/sniper_materialization.go:52.2,52.55 1 1
github.com/SergioLacerda/strategist-skill/internal/telemetry/sniper_materialization.go:53.3,54.1 1 1
github.com/SergioLacerda/strategist-skill/internal/telemetry/sniper_materialization.go:55.2,55.12 1 1
github.com/SergioLacerda/strategist-skill/internal/telemetry/sniper_materialization.go:61.2,62.36 2 1
github.com/SergioLacerda/strategist-skill/internal/telemetry/sniper_materialization.go:63.3,64.1 1 1
github.com/SergioLacerda/strategist-skill/internal/telemetry/sniper_materialization.go:65.2,65.16 1 1
github.com/SergioLacerda/strategist-skill/internal/telemetry/sniper_materialization.go:66.3,67.1 1 1
github.com/SergioLacerda/strategist-skill/internal/telemetry/sniper_materialization.go:68.2,69.1 2 1
github.com/SergioLacerda/strategist-skill/internal/telemetry/sniper_materialization.go:70.2,70.51 2 1
github.com/SergioLacerda/strategist-skill/internal/telemetry/sniper_materialization.go:74.2,77.21 4 1
github.com/SergioLacerda/strategist-skill/internal/telemetry/sniper_materialization.go:78.3,78.82 1 1
github.com/SergioLacerda/strategist-skill/internal/telemetry/sniper_materialization.go:79.4,80.1 1 1
github.com/SergioLacerda/strategist-skill/internal/telemetry/sniper_materialization.go:82.2,82.81 1 1
github.com/SergioLacerda/strategist-skill/internal/telemetry/sniper_materialization.go:89.2,89.51 1 1
github.com/SergioLacerda/strategist-skill/internal/telemetry/sniper_materialization.go:90.3,91.1 1 1
github.com/SergioLacerda/strategist-skill/internal/telemetry/sniper_materialization.go:92.2,92.96 1 1
github.com/SergioLacerda/strategist-skill/internal/telemetry/sniper_materialization.go:93.3,94.1 1 1
github.com/SergioLacerda/strategist-skill/internal/telemetry/sniper_materialization.go:95.2,95.18 1 1
github.com/SergioLacerda/strategist-skill/internal/telemetry/sniper_materialization.go:100.2,102.30 3 1
github.com/SergioLacerda/strategist-skill/internal/telemetry/sniper_materialization.go:103.3,103.54 1 1
github.com/SergioLacerda/strategist-skill/internal/telemetry/sniper_materialization.go:104.4,104.12 1 1
github.com/SergioLacerda/strategist-skill/internal/telemetry/sniper_materialization.go:106.3,107.56 2 1
github.com/SergioLacerda/strategist-skill/internal/telemetry/sniper_materialization.go:110.2,111.46 2 1
github.com/SergioLacerda/strategist-skill/internal/telemetry/sniper_materialization.go:112.3,113.1 1 1
github.com/SergioLacerda/strategist-skill/internal/telemetry/sniper_materialization.go:115.2,116.36 2 1
github.com/SergioLacerda/strategist-skill/internal/telemetry/sniper_materialization.go:117.3,119.27 3 1
github.com/SergioLacerda/strategist-skill/internal/telemetry/sniper_materialization.go:120.4,121.1 1 1
github.com/SergioLacerda/strategist-skill/internal/telemetry/sniper_materialization.go:122.3,127.5 1 1
github.com/SergioLacerda/strategist-skill/internal/telemetry/sniper_materialization.go:129.2,129.16 1 1
github.com/SergioLacerda/strategist-skill/internal/telemetry/token_ledger_comparison.go:34.2,37.37 4 1
github.com/SergioLacerda/strategist-skill/internal/telemetry/token_ledger_comparison.go:38.3,40.1 2 1
github.com/SergioLacerda/strategist-skill/internal/telemetry/token_ledger_comparison.go:41.2,41.9 1 1
github.com/SergioLacerda/strategist-skill/internal/telemetry/token_ledger_comparison.go:43.3,43.36 1 0
github.com/SergioLacerda/strategist-skill/internal/telemetry/token_ledger_comparison.go:45.3,45.41 1 0
github.com/SergioLacerda/strategist-skill/internal/telemetry/token_ledger_comparison.go:47.3,47.42 1 0
github.com/SergioLacerda/strategist-skill/internal/telemetry/token_ledger_comparison.go:49.3,49.43 1 1
github.com/SergioLacerda/strategist-skill/internal/telemetry/token_ledger_comparison.go:51.2,51.15 1 1
github.com/SergioLacerda/strategist-skill/internal/telemetry/token_ledger_comparison.go:55.2,55.22 1 1
github.com/SergioLacerda/strategist-skill/internal/telemetry/token_ledger_comparison.go:56.3,57.1 1 1
github.com/SergioLacerda/strategist-skill/internal/telemetry/token_ledger_comparison.go:58.2,59.37 2 1
github.com/SergioLacerda/strategist-skill/internal/telemetry/token_ledger_comparison.go:60.3,60.79 1 1
github.com/SergioLacerda/strategist-skill/internal/telemetry/token_ledger_comparison.go:61.4,62.1 1 1
github.com/SergioLacerda/strategist-skill/internal/telemetry/token_ledger_comparison.go:64.2,64.12 1 0
github.com/SergioLacerda/strategist-skill/internal/telemetry/token_ledger_comparison.go:68.2,70.29 3 1
github.com/SergioLacerda/strategist-skill/internal/telemetry/token_ledger_comparison.go:71.3,73.47 3 1
github.com/SergioLacerda/strategist-skill/internal/telemetry/token_ledger_comparison.go:74.4,75.12 2 1
github.com/SergioLacerda/strategist-skill/internal/telemetry/token_ledger_comparison.go:77.3,77.19 1 1
github.com/SergioLacerda/strategist-skill/internal/telemetry/token_ledger_comparison.go:79.2,79.12 1 1
github.com/SergioLacerda/strategist-skill/internal/telemetry/token_ledger_comparison.go:83.2,83.21 1 1
github.com/SergioLacerda/strategist-skill/internal/telemetry/token_ledger_comparison.go:84.3,85.1 1 1
github.com/SergioLacerda/strategist-skill/internal/telemetry/token_ledger_comparison.go:86.2,86.46 1 0
github.com/SergioLacerda/strategist-skill/internal/telemetry/token_ledger_comparison.go:90.2,91.1 1 1
github.com/SergioLacerda/strategist-skill/internal/telemetry/token_ledger_comparison.go:94.2,94.26 1 1
github.com/SergioLacerda/strategist-skill/internal/telemetry/token_ledger_comparison.go:95.3,96.1 1 0
github.com/SergioLacerda/strategist-skill/internal/telemetry/token_ledger_comparison.go:97.2,97.17 1 1
github.com/SergioLacerda/strategist-skill/internal/telemetry/tracer.go:14.2,15.1 1 1
